t,x,ro,u,p,e
0.000499415,-9.9,13,0,10,116.913
0.000499415,-9.7,13,0,10,116.913
0.000499415,-9.5,13,0,10,116.913
0.000499415,-9.3,13,0,10,116.913
0.000499415,-9.1,13,0,10,116.913
0.000499415,-8.9,13,0,10,116.913
0.000499415,-8.7,13,0,10,116.913
0.000499415,-8.5,13,0,10,116.913
0.000499415,-8.3,13,0,10,116.913
0.000499415,-8.1,13,0,10,116.913
0.000499415,-7.9,13,0,10,116.913
0.000499415,-7.7,13,0,10,116.913
0.000499415,-7.5,13,0,10,116.913
0.000499415,-7.3,13,0,10,116.913
0.000499415,-7.1,13,0,10,116.913
0.000499415,-6.9,13,0,10,116.913
0.000499415,-6.7,13,0,10,116.913
0.000499415,-6.5,13,0,10,116.913
0.000499415,-6.3,13,0,10,116.913
0.000499415,-6.1,13,0,10,116.913
0.000499415,-5.9,13,0,10,116.913
0.000499415,-5.7,13,0,10,116.913
0.000499415,-5.5,13,0,10,116.913
0.000499415,-5.3,13,0,10,116.913
0.000499415,-5.1,13,0,10,116.913
0.000499415,-4.9,13,0,10,116.913
0.000499415,-4.7,13,0,10,116.913
0.000499415,-4.5,13,0,10,116.913
0.000499415,-4.3,13,0,10,116.913
0.000499415,-4.1,13,0,10,116.913
0.000499415,-3.9,13,0,10,116.913
0.000499415,-3.7,13,0,10,116.913
0.000499415,-3.5,13,0,10,116.913
0.000499415,-3.3,13,0,10,116.913
0.000499415,-3.1,13,0,10,116.913
0.000499415,-2.9,13,0,10,116.913
0.000499415,-2.7,13,0,10,116.913
0.000499415,-2.5,13,0,10,116.913
0.000499415,-2.3,13,0,10,116.913
0.000499415,-2.1,13,0,10,116.913
0.000499415,-1.9,13,0,10,116.913
0.000499415,-1.7,13,0,10,116.913
0.000499415,-1.5,13,0,10,116.913
0.000499415,-1.3,13,0,10,116.913
0.000499415,-1.1,13,0,10,116.913
0.000499415,-0.9,13,0,10,116.913
0.000499415,-0.7,13,0,10,116.913
0.000499415,-0.5,13,0,10,116.913
0.000499415,-0.3,13,0,10,116.913
0.000499415,-0.1,9.14756,151.789,5.98404,99.4253
0.000499415,0.1,5.15244,172.47,3.81842,112.636
0.000499415,0.3,1.3,0,1,116.913
0.000499415,0.5,1.3,0,1,116.913
0.000499415,0.7,1.3,0,1,116.913
0.000499415,0.9,1.3,0,1,116.913
0.000499415,1.1,1.3,0,1,116.913
0.000499415,1.3,1.3,0,1,116.913
0.000499415,1.5,1.3,0,1,116.913
0.000499415,1.7,1.3,0,1,116.913
0.000499415,1.9,1.3,0,1,116.913
0.000499415,2.1,1.3,0,1,116.913
0.000499415,2.3,1.3,0,1,116.913
0.000499415,2.5,1.3,0,1,116.913
0.000499415,2.7,1.3,0,1,116.913
0.000499415,2.9,1.3,0,1,116.913
0.000499415,3.1,1.3,0,1,116.913
0.000499415,3.3,1.3,0,1,116.913
0.000499415,3.5,1.3,0,1,116.913
0.000499415,3.7,1.3,0,1,116.913
0.000499415,3.9,1.3,0,1,116.913
0.000499415,4.1,1.3,0,1,116.913
0.000499415,4.3,1.3,0,1,116.913
0.000499415,4.5,1.3,0,1,116.913
0.000499415,4.7,1.3,0,1,116.913
0.000499415,4.9,1.3,0,1,116.913
0.000499415,5.1,1.3,0,1,116.913
0.000499415,5.3,1.3,0,1,116.913
0.000499415,5.5,1.3,0,1,116.913
0.000499415,5.7,1.3,0,1,116.913
0.000499415,5.9,1.3,0,1,116.913
0.000499415,6.1,1.3,0,1,116.913
0.000499415,6.3,1.3,0,1,116.913
0.000499415,6.5,1.3,0,1,116.913
0.000499415,6.7,1.3,0,1,116.913
0.000499415,6.9,1.3,0,1,116.913
0.000499415,7.1,1.3,0,1,116.913
0.000499415,7.3,1.3,0,1,116.913
0.000499415,7.5,1.3,0,1,116.913
0.000499415,7.7,1.3,0,1,116.913
0.000499415,7.9,1.3,0,1,116.913
0.000499415,8.1,1.3,0,1,116.913
0.000499415,8.3,1.3,0,1,116.913
0.000499415,8.5,1.3,0,1,116.913
0.000499415,8.7,1.3,0,1,116.913
0.000499415,8.9,1.3,0,1,116.913
0.000499415,9.1,1.3,0,1,116.913
0.000499415,9.3,1.3,0,1,116.913
0.000499415,9.5,1.3,0,1,116.913
0.000499415,9.7,1.3,0,1,116.913
0.000499415,9.9,1.3,0,1,116.913
0.000841466,-9.9,13,0,10,116.913
0.000841466,-9.7,13,0,10,116.913
0.000841466,-9.5,13,0,10,116.913
0.000841466,-9.3,13,0,10,116.913
0.000841466,-9.1,13,0,10,116.913
0.000841466,-8.9,13,0,10,116.913
0.000841466,-8.7,13,0,10,116.913
0.000841466,-8.5,13,0,10,116.913
0.000841466,-8.3,13,0,10,116.913
0.000841466,-8.1,13,0,10,116.913
0.000841466,-7.9,13,0,10,116.913
0.000841466,-7.7,13,0,10,116.913
0.000841466,-7.5,13,0,10,116.913
0.000841466,-7.3,13,0,10,116.913
0.000841466,-7.1,13,0,10,116.913
0.000841466,-6.9,13,0,10,116.913
0.000841466,-6.7,13,0,10,116.913
0.000841466,-6.5,13,0,10,116.913
0.000841466,-6.3,13,0,10,116.913
0.000841466,-6.1,13,0,10,116.913
0.000841466,-5.9,13,0,10,116.913
0.000841466,-5.7,13,0,10,116.913
0.000841466,-5.5,13,0,10,116.913
0.000841466,-5.3,13,0,10,116.913
0.000841466,-5.1,13,0,10,116.913
0.000841466,-4.9,13,0,10,116.913
0.000841466,-4.7,13,0,10,116.913
0.000841466,-4.5,13,0,10,116.913
0.000841466,-4.3,13,0,10,116.913
0.000841466,-4.1,13,0,10,116.913
0.000841466,-3.9,13,0,10,116.913
0.000841466,-3.7,13,0,10,116.913
0.000841466,-3.5,13,0,10,116.913
0.000841466,-3.3,13,0,10,116.913
0.000841466,-3.1,13,0,10,116.913
0.000841466,-2.9,13,0,10,116.913
0.000841466,-2.7,13,0,10,116.913
0.000841466,-2.5,13,0,10,116.913
0.000841466,-2.3,13,0,10,116.913
0.000841466,-2.1,13,0,10,116.913
0.000841466,-1.9,13,0,10,116.913
0.000841466,-1.7,13,0,10,116.913
0.000841466,-1.5,13,0,10,116.913
0.000841466,-1.3,13,0,10,116.913
0.000841466,-1.1,13,0,10,116.913
0.000841466,-0.9,13,0,10,116.913
0.000841466,-0.7,13,0,10,116.913
0.000841466,-0.5,13,0,10,116.913
0.000841466,-0.3,11.095,61.884,7.9257,108.572
0.000841466,-0.1,8.28977,133.627,5.07733,93.0896
0.000841466,0.1,6.12867,226.483,4.16155,103.204
0.000841466,0.3,3.08656,212.01,2.71808,133.843
0.000841466,0.5,1.3,0,1,116.913
0.000841466,0.7,1.3,0,1,116.913
0.000841466,0.9,1.3,0,1,116.913
0.000841466,1.1,1.3,0,1,116.913
0.000841466,1.3,1.3,0,1,116.913
0.000841466,1.5,1.3,0,1,116.913
0.000841466,1.7,1.3,0,1,116.913
0.000841466,1.9,1.3,0,1,116.913
0.000841466,2.1,1.3,0,1,116.913
0.000841466,2.3,1.3,0,1,116.913
0.000841466,2.5,1.3,0,1,116.913
0.000841466,2.7,1.3,0,1,116.913
0.000841466,2.9,1.3,0,1,116.913
0.000841466,3.1,1.3,0,1,116.913
0.000841466,3.3,1.3,0,1,116.913
0.000841466,3.5,1.3,0,1,116.913
0.000841466,3.7,1.3,0,1,116.913
0.000841466,3.9,1.3,0,1,116.913
0.000841466,4.1,1.3,0,1,116.913
0.000841466,4.3,1.3,0,1,116.913
0.000841466,4.5,1.3,0,1,116.913
0.000841466,4.7,1.3,0,1,116.913
0.000841466,4.9,1.3,0,1,116.913
0.000841466,5.1,1.3,0,1,116.913
0.000841466,5.3,1.3,0,1,116.913
0.000841466,5.5,1.3,0,1,116.913
0.000841466,5.7,1.3,0,1,116.913
0.000841466,5.9,1.3,0,1,116.913
0.000841466,6.1,1.3,0,1,116.913
0.000841466,6.3,1.3,0,1,116.913
0.000841466,6.5,1.3,0,1,116.913
0.000841466,6.7,1.3,0,1,116.913
0.000841466,6.9,1.3,0,1,116.913
0.000841466,7.1,1.3,0,1,116.913
0.000841466,7.3,1.3,0,1,116.913
0.000841466,7.5,1.3,0,1,116.913
0.000841466,7.7,1.3,0,1,116.913
0.000841466,7.9,1.3,0,1,116.913
0.000841466,8.1,1.3,0,1,116.913
0.000841466,8.3,1.3,0,1,116.913
0.000841466,8.5,1.3,0,1,116.913
0.000841466,8.7,1.3,0,1,116.913
0.000841466,8.9,1.3,0,1,116.913
0.000841466,9.1,1.3,0,1,116.913
0.000841466,9.3,1.3,0,1,116.913
0.000841466,9.5,1.3,0,1,116.913
0.000841466,9.7,1.3,0,1,116.913
0.000841466,9.9,1.3,0,1,116.913
0.00114265,-9.9,13,0,10,116.913
0.00114265,-9.7,13,0,10,116.913
0.00114265,-9.5,13,0,10,116.913
0.00114265,-9.3,13,0,10,116.913
0.00114265,-9.1,13,0,10,116.913
0.00114265,-8.9,13,0,10,116.913
0.00114265,-8.7,13,0,10,116.913
0.00114265,-8.5,13,0,10,116.913
0.00114265,-8.3,13,0,10,116.913
0.00114265,-8.1,13,0,10,116.913
0.00114265,-7.9,13,0,10,116.913
0.00114265,-7.7,13,0,10,116.913
0.00114265,-7.5,13,0,10,116.913
0.00114265,-7.3,13,0,10,116.913
0.00114265,-7.1,13,0,10,116.913
0.00114265,-6.9,13,0,10,116.913
0.00114265,-6.7,13,0,10,116.913
0.00114265,-6.5,13,0,10,116.913
0.00114265,-6.3,13,0,10,116.913
0.00114265,-6.1,13,0,10,116.913
0.00114265,-5.9,13,0,10,116.913
0.00114265,-5.7,13,0,10,116.913
0.00114265,-5.5,13,0,10,116.913
0.00114265,-5.3,13,0,10,116.913
0.00114265,-5.1,13,0,10,116.913
0.00114265,-4.9,13,0,10,116.913
0.00114265,-4.7,13,0,10,116.913
0.00114265,-4.5,13,0,10,116.913
0.00114265,-4.3,13,0,10,116.913
0.00114265,-4.1,13,0,10,116.913
0.00114265,-3.9,13,0,10,116.913
0.00114265,-3.7,13,0,10,116.913
0.00114265,-3.5,13,0,10,116.913
0.00114265,-3.3,13,0,10,116.913
0.00114265,-3.1,13,0,10,116.913
0.00114265,-2.9,13,0,10,116.913
0.00114265,-2.7,13,0,10,116.913
0.00114265,-2.5,13,0,10,116.913
0.00114265,-2.3,13,0,10,116.913
0.00114265,-2.1,13,0,10,116.913
0.00114265,-1.9,13,0,10,116.913
0.00114265,-1.7,13,0,10,116.913
0.00114265,-1.5,13,0,10,116.913
0.00114265,-1.3,13,0,10,116.913
0.00114265,-1.1,13,0,10,116.913
0.00114265,-0.9,13,0,10,116.913
0.00114265,-0.7,13,0,10,116.913
0.00114265,-0.5,12.1023,26.7355,8.93246,112.179
0.00114265,-0.3,10.1248,84.3093,6.87857,103.257
0.00114265,-0.1,8.11945,149.635,4.90688,91.8515
0.00114265,0.1,5.9463,206.908,3.6089,92.2436
0.00114265,0.3,4.31102,259.881,3.41395,120.361
0.00114265,0.5,2.29615,203.48,2.28789,151.441
0.00114265,0.7,1.3,0,1,116.913
0.00114265,0.9,1.3,0,1,116.913
0.00114265,1.1,1.3,0,1,116.913
0.00114265,1.3,1.3,0,1,116.913
0.00114265,1.5,1.3,0,1,116.913
0.00114265,1.7,1.3,0,1,116.913
0.00114265,1.9,1.3,0,1,116.913
0.00114265,2.1,1.3,0,1,116.913
0.00114265,2.3,1.3,0,1,116.913
0.00114265,2.5,1.3,0,1,116.913
0.00114265,2.7,1.3,0,1,116.913
0.00114265,2.9,1.3,0,1,116.913
0.00114265,3.1,1.3,0,1,116.913
0.00114265,3.3,1.3,0,1,116.913
0.00114265,3.5,1.3,0,1,116.913
0.00114265,3.7,1.3,0,1,116.913
0.00114265,3.9,1.3,0,1,116.913
0.00114265,4.1,1.3,0,1,116.913
0.00114265,4.3,1.3,0,1,116.913
0.00114265,4.5,1.3,0,1,116.913
0.00114265,4.7,1.3,0,1,116.913
0.00114265,4.9,1.3,0,1,116.913
0.00114265,5.1,1.3,0,1,116.913
0.00114265,5.3,1.3,0,1,116.913
0.00114265,5.5,1.3,0,1,116.913
0.00114265,5.7,1.3,0,1,116.913
0.00114265,5.9,1.3,0,1,116.913
0.00114265,6.1,1.3,0,1,116.913
0.00114265,6.3,1.3,0,1,116.913
0.00114265,6.5,1.3,0,1,116.913
0.00114265,6.7,1.3,0,1,116.913
0.00114265,6.9,1.3,0,1,116.913
0.00114265,7.1,1.3,0,1,116.913
0.00114265,7.3,1.3,0,1,116.913
0.00114265,7.5,1.3,0,1,116.913
0.00114265,7.7,1.3,0,1,116.913
0.00114265,7.9,1.3,0,1,116.913
0.00114265,8.1,1.3,0,1,116.913
0.00114265,8.3,1.3,0,1,116.913
0.00114265,8.5,1.3,0,1,116.913
0.00114265,8.7,1.3,0,1,116.913
0.00114265,8.9,1.3,0,1,116.913
0.00114265,9.1,1.3,0,1,116.913
0.00114265,9.3,1.3,0,1,116.913
0.00114265,9.5,1.3,0,1,116.913
0.00114265,9.7,1.3,0,1,116.913
0.00114265,9.9,1.3,0,1,116.913
0.00143038,-9.9,13,0,10,116.913
0.00143038,-9.7,13,0,10,116.913
0.00143038,-9.5,13,0,10,116.913
0.00143038,-9.3,13,0,10,116.913
0.00143038,-9.1,13,0,10,116.913
0.00143038,-8.9,13,0,10,116.913
0.00143038,-8.7,13,0,10,116.913
0.00143038,-8.5,13,0,10,116.913
0.00143038,-8.3,13,0,10,116.913
0.00143038,-8.1,13,0,10,116.913
0.00143038,-7.9,13,0,10,116.913
0.00143038,-7.7,13,0,10,116.913
0.00143038,-7.5,13,0,10,116.913
0.00143038,-7.3,13,0,10,116.913
0.00143038,-7.1,13,0,10,116.913
0.00143038,-6.9,13,0,10,116.913
0.00143038,-6.7,13,0,10,116.913
0.00143038,-6.5,13,0,10,116.913
0.00143038,-6.3,13,0,10,116.913
0.00143038,-6.1,13,0,10,116.913
0.00143038,-5.9,13,0,10,116.913
0.00143038,-5.7,13,0,10,116.913
0.00143038,-5.5,13,0,10,116.913
0.00143038,-5.3,13,0,10,116.913
0.00143038,-5.1,13,0,10,116.913
0.00143038,-4.9,13,0,10,116.913
0.00143038,-4.7,13,0,10,116.913
0.00143038,-4.5,13,0,10,116.913
0.00143038,-4.3,13,0,10,116.913
0.00143038,-4.1,13,0,10,116.913
0.00143038,-3.9,13,0,10,116.913
0.00143038,-3.7,13,0,10,116.913
0.00143038,-3.5,13,0,10,116.913
0.00143038,-3.3,13,0,10,116.913
0.00143038,-3.1,13,0,10,116.913
0.00143038,-2.9,13,0,10,116.913
0.00143038,-2.7,13,0,10,116.913
0.00143038,-2.5,13,0,10,116.913
0.00143038,-2.3,13,0,10,116.913
0.00143038,-2.1,13,0,10,116.913
0.00143038,-1.9,13,0,10,116.913
0.00143038,-1.7,13,0,10,116.913
0.00143038,-1.5,13,0,10,116.913
0.00143038,-1.3,13,0,10,116.913
0.00143038,-1.1,13,0,10,116.913
0.00143038,-0.9,13,0,10,116.913
0.00143038,-0.7,12.5656,12.46,9.46223,114.451
0.00143038,-0.5,11.3338,48.5966,8.05767,108.054
0.00143038,-0.3,9.53173,101.323,6.24869,99.638
0.00143038,-0.1,7.88299,158.341,4.67068,90.0527
0.00143038,0.1,6.1265,208.251,3.55415,88.1722
0.00143038,0.3,4.49888,243.991,3.06282,103.473
0.00143038,0.5,3.32135,268.179,3.16464,144.816
0.00143038,0.7,1.93916,173.484,1.97956,155.154
0.00143038,0.9,1.3,0,1,116.913
0.00143038,1.1,1.3,0,1,116.913
0.00143038,1.3,1.3,0,1,116.913
0.00143038,1.5,1.3,0,1,116.913
0.00143038,1.7,1.3,0,1,116.913
0.00143038,1.9,1.3,0,1,116.913
0.00143038,2.1,1.3,0,1,116.913
0.00143038,2.3,1.3,0,1,116.913
0.00143038,2.5,1.3,0,1,116.913
0.00143038,2.7,1.3,0,1,116.913
0.00143038,2.9,1.3,0,1,116.913
0.00143038,3.1,1.3,0,1,116.913
0.00143038,3.3,1.3,0,1,116.913
0.00143038,3.5,1.3,0,1,116.913
0.00143038,3.7,1.3,0,1,116.913
0.00143038,3.9,1.3,0,1,116.913
0.00143038,4.1,1.3,0,1,116.913
0.00143038,4.3,1.3,0,1,116.913
0.00143038,4.5,1.3,0,1,116.913
0.00143038,4.7,1.3,0,1,116.913
0.00143038,4.9,1.3,0,1,116.913
0.00143038,5.1,1.3,0,1,116.913
0.00143038,5.3,1.3,0,1,116.913
0.00143038,5.5,1.3,0,1,116.913
0.00143038,5.7,1.3,0,1,116.913
0.00143038,5.9,1.3,0,1,116.913
0.00143038,6.1,1.3,0,1,116.913
0.00143038,6.3,1.3,0,1,116.913
0.00143038,6.5,1.3,0,1,116.913
0.00143038,6.7,1.3,0,1,116.913
0.00143038,6.9,1.3,0,1,116.913
0.00143038,7.1,1.3,0,1,116.913
0.00143038,7.3,1.3,0,1,116.913
0.00143038,7.5,1.3,0,1,116.913
0.00143038,7.7,1.3,0,1,116.913
0.00143038,7.9,1.3,0,1,116.913
0.00143038,8.1,1.3,0,1,116.913
0.00143038,8.3,1.3,0,1,116.913
0.00143038,8.5,1.3,0,1,116.913
0.00143038,8.7,1.3,0,1,116.913
0.00143038,8.9,1.3,0,1,116.913
0.00143038,9.1,1.3,0,1,116.913
0.00143038,9.3,1.3,0,1,116.913
0.00143038,9.5,1.3,0,1,116.913
0.00143038,9.7,1.3,0,1,116.913
0.00143038,9.9,1.3,0,1,116.913
0.00169931,-9.9,13,0,10,116.913
0.00169931,-9.7,13,0,10,116.913
0.00169931,-9.5,13,0,10,116.913
0.00169931,-9.3,13,0,10,116.913
0.00169931,-9.1,13,0,10,116.913
0.00169931,-8.9,13,0,10,116.913
0.00169931,-8.7,13,0,10,116.913
0.00169931,-8.5,13,0,10,116.913
0.00169931,-8.3,13,0,10,116.913
0.00169931,-8.1,13,0,10,116.913
0.00169931,-7.9,13,0,10,116.913
0.00169931,-7.7,13,0,10,116.913
0.00169931,-7.5,13,0,10,116.913
0.00169931,-7.3,13,0,10,116.913
0.00169931,-7.1,13,0,10,116.913
0.00169931,-6.9,13,0,10,116.913
0.00169931,-6.7,13,0,10,116.913
0.00169931,-6.5,13,0,10,116.913
0.00169931,-6.3,13,0,10,116.913
0.00169931,-6.1,13,0,10,116.913
0.00169931,-5.9,13,0,10,116.913
0.00169931,-5.7,13,0,10,116.913
0.00169931,-5.5,13,0,10,116.913
0.00169931,-5.3,13,0,10,116.913
0.00169931,-5.1,13,0,10,116.913
0.00169931,-4.9,13,0,10,116.913
0.00169931,-4.7,13,0,10,116.913
0.00169931,-4.5,13,0,10,116.913
0.00169931,-4.3,13,0,10,116.913
0.00169931,-4.1,13,0,10,116.913
0.00169931,-3.9,13,0,10,116.913
0.00169931,-3.7,13,0,10,116.913
0.00169931,-3.5,13,0,10,116.913
0.00169931,-3.3,13,0,10,116.913
0.00169931,-3.1,13,0,10,116.913
0.00169931,-2.9,13,0,10,116.913
0.00169931,-2.7,13,0,10,116.913
0.00169931,-2.5,13,0,10,116.913
0.00169931,-2.3,13,0,10,116.913
0.00169931,-2.1,13,0,10,116.913
0.00169931,-1.9,13,0,10,116.913
0.00169931,-1.7,13,0,10,116.913
0.00169931,-1.5,13,0,10,116.913
0.00169931,-1.3,13,0,10,116.913
0.00169931,-1.1,13,0,10,116.913
0.00169931,-0.9,12.7964,5.73425,9.74342,115.726
0.00169931,-0.7,12.0552,27.1345,8.85281,111.613
0.00169931,-0.5,10.7409,65.5631,7.40345,104.761
0.00169931,-0.3,9.13033,114.209,5.82552,96.9742
0.00169931,-0.1,7.69488,164.872,4.48248,88.5369
0.00169931,0.1,6.23118,210.233,3.50741,85.5508
0.00169931,0.3,4.79945,240.82,3.00428,95.1386
0.00169931,0.5,3.59214,255.904,2.94565,124.634
0.00169931,0.7,2.74112,263.721,2.97812,165.128
0.00169931,0.9,1.71842,130.454,1.67558,148.199
0.00169931,1.1,1.3,0,1,116.913
0.00169931,1.3,1.3,0,1,116.913
0.00169931,1.5,1.3,0,1,116.913
0.00169931,1.7,1.3,0,1,116.913
0.00169931,1.9,1.3,0,1,116.913
0.00169931,2.1,1.3,0,1,116.913
0.00169931,2.3,1.3,0,1,116.913
0.00169931,2.5,1.3,0,1,116.913
0.00169931,2.7,1.3,0,1,116.913
0.00169931,2.9,1.3,0,1,116.913
0.00169931,3.1,1.3,0,1,116.913
0.00169931,3.3,1.3,0,1,116.913
0.00169931,3.5,1.3,0,1,116.913
0.00169931,3.7,1.3,0,1,116.913
0.00169931,3.9,1.3,0,1,116.913
0.00169931,4.1,1.3,0,1,116.913
0.00169931,4.3,1.3,0,1,116.913
0.00169931,4.5,1.3,0,1,116.913
0.00169931,4.7,1.3,0,1,116.913
0.00169931,4.9,1.3,0,1,116.913
0.00169931,5.1,1.3,0,1,116.913
0.00169931,5.3,1.3,0,1,116.913
0.00169931,5.5,1.3,0,1,116.913
0.00169931,5.7,1.3,0,1,116.913
0.00169931,5.9,1.3,0,1,116.913
0.00169931,6.1,1.3,0,1,116.913
0.00169931,6.3,1.3,0,1,116.913
0.00169931,6.5,1.3,0,1,116.913
0.00169931,6.7,1.3,0,1,116.913
0.00169931,6.9,1.3,0,1,116.913
0.00169931,7.1,1.3,0,1,116.913
0.00169931,7.3,1.3,0,1,116.913
0.00169931,7.5,1.3,0,1,116.913
0.00169931,7.7,1.3,0,1,116.913
0.00169931,7.9,1.3,0,1,116.913
0.00169931,8.1,1.3,0,1,116.913
0.00169931,8.3,1.3,0,1,116.913
0.00169931,8.5,1.3,0,1,116.913
0.00169931,8.7,1.3,0,1,116.913
0.00169931,8.9,1.3,0,1,116.913
0.00169931,9.1,1.3,0,1,116.913
0.00169931,9.3,1.3,0,1,116.913
0.00169931,9.5,1.3,0,1,116.913
0.00169931,9.7,1.3,0,1,116.913
0.00169931,9.9,1.3,0,1,116.913
0.00195941,-9.9,13,0,10,116.913
0.00195941,-9.7,13,0,10,116.913
0.00195941,-9.5,13,0,10,116.913
0.00195941,-9.3,13,0,10,116.913
0.00195941,-9.1,13,0,10,116.913
0.00195941,-8.9,13,0,10,116.913
0.00195941,-8.7,13,0,10,116.913
0.00195941,-8.5,13,0,10,116.913
0.00195941,-8.3,13,0,10,116.913
0.00195941,-8.1,13,0,10,116.913
0.00195941,-7.9,13,0,10,116.913
0.00195941,-7.7,13,0,10,116.913
0.00195941,-7.5,13,0,10,116.913
0.00195941,-7.3,13,0,10,116.913
0.00195941,-7.1,13,0,10,116.913
0.00195941,-6.9,13,0,10,116.913
0.00195941,-6.7,13,0,10,116.913
0.00195941,-6.5,13,0,10,116.913
0.00195941,-6.3,13,0,10,116.913
0.00195941,-6.1,13,0,10,116.913
0.00195941,-5.9,13,0,10,116.913
0.00195941,-5.7,13,0,10,116.913
0.00195941,-5.5,13,0,10,116.913
0.00195941,-5.3,13,0,10,116.913
0.00195941,-5.1,13,0,10,116.913
0.00195941,-4.9,13,0,10,116.913
0.00195941,-4.7,13,0,10,116.913
0.00195941,-4.5,13,0,10,116.913
0.00195941,-4.3,13,0,10,116.913
0.00195941,-4.1,13,0,10,116.913
0.00195941,-3.9,13,0,10,116.913
0.00195941,-3.7,13,0,10,116.913
0.00195941,-3.5,13,0,10,116.913
0.00195941,-3.3,13,0,10,116.913
0.00195941,-3.1,13,0,10,116.913
0.00195941,-2.9,13,0,10,116.913
0.00195941,-2.7,13,0,10,116.913
0.00195941,-2.5,13,0,10,116.913
0.00195941,-2.3,13,0,10,116.913
0.00195941,-2.1,13,0,10,116.913
0.00195941,-1.9,13,0,10,116.913
0.00195941,-1.7,13,0,10,116.913
0.00195941,-1.5,13,0,10,116.913
0.00195941,-1.3,13,0,10,116.913
0.00195941,-1.1,12.9061,2.62199,9.88059,116.358
0.00195941,-0.9,12.4773,14.8142,9.35046,113.899
0.00195941,-0.7,11.5657,41.1957,8.28543,108.88
0.00195941,-0.5,10.2711,79.5871,6.89618,102.047
0.00195941,-0.3,8.82369,124.568,5.50405,94.807
0.00195941,-0.1,7.54473,170.459,4.33135,87.2543
0.00195941,0.1,6.28962,211.819,3.46149,83.6462
0.00195941,0.3,5.04993,240.339,2.98049,89.7037
0.00195941,0.5,3.91277,250.898,2.8803,111.882
0.00195941,0.7,2.99795,259.057,2.9181,147.939
0.00195941,0.9,2.39417,248.986,2.74581,174.311
0.00195941,1.1,1.56685,86.7663,1.41903,137.649
0.00195941,1.3,1.3,0,1,116.913
0.00195941,1.5,1.3,0,1,116.913
0.00195941,1.7,1.3,0,1,116.913
0.00195941,1.9,1.3,0,1,116.913
0.00195941,2.1,1.3,0,1,116.913
0.00195941,2.3,1.3,0,1,116.913
0.00195941,2.5,1.3,0,1,116.913
0.00195941,2.7,1.3,0,1,116.913
0.00195941,2.9,1.3,0,1,116.913
0.00195941,3.1,1.3,0,1,116.913
0.00195941,3.3,1.3,0,1,116.913
0.00195941,3.5,1.3,0,1,116.913
0.00195941,3.7,1.3,0,1,116.913
0.00195941,3.9,1.3,0,1,116.913
0.00195941,4.1,1.3,0,1,116.913
0.00195941,4.3,1.3,0,1,116.913
0.00195941,4.5,1.3,0,1,116.913
0.00195941,4.7,1.3,0,1,116.913
0.00195941,4.9,1.3,0,1,116.913
0.00195941,5.1,1.3,0,1,116.913
0.00195941,5.3,1.3,0,1,116.913
0.00195941,5.5,1.3,0,1,116.913
0.00195941,5.7,1.3,0,1,116.913
0.00195941,5.9,1.3,0,1,116.913
0.00195941,6.1,1.3,0,1,116.913
0.00195941,6.3,1.3,0,1,116.913
0.00195941,6.5,1.3,0,1,116.913
0.00195941,6.7,1.3,0,1,116.913
0.00195941,6.9,1.3,0,1,116.913
0.00195941,7.1,1.3,0,1,116.913
0.00195941,7.3,1.3,0,1,116.913
0.00195941,7.5,1.3,0,1,116.913
0.00195941,7.7,1.3,0,1,116.913
0.00195941,7.9,1.3,0,1,116.913
0.00195941,8.1,1.3,0,1,116.913
0.00195941,8.3,1.3,0,1,116.913
0.00195941,8.5,1.3,0,1,116.913
0.00195941,8.7,1.3,0,1,116.913
0.00195941,8.9,1.3,0,1,116.913
0.00195941,9.1,1.3,0,1,116.913
0.00195941,9.3,1.3,0,1,116.913
0.00195941,9.5,1.3,0,1,116.913
0.00195941,9.7,1.3,0,1,116.913
0.00195941,9.9,1.3,0,1,116.913
0.00222063,-9.9,13,0,10,116.913
0.00222063,-9.7,13,0,10,116.913
0.00222063,-9.5,13,0,10,116.913
0.00222063,-9.3,13,0,10,116.913
0.00222063,-9.1,13,0,10,116.913
0.00222063,-8.9,13,0,10,116.913
0.00222063,-8.7,13,0,10,116.913
0.00222063,-8.5,13,0,10,116.913
0.00222063,-8.3,13,0,10,116.913
0.00222063,-8.1,13,0,10,116.913
0.00222063,-7.9,13,0,10,116.913
0.00222063,-7.7,13,0,10,116.913
0.00222063,-7.5,13,0,10,116.913
0.00222063,-7.3,13,0,10,116.913
0.00222063,-7.1,13,0,10,116.913
0.00222063,-6.9,13,0,10,116.913
0.00222063,-6.7,13,0,10,116.913
0.00222063,-6.5,13,0,10,116.913
0.00222063,-6.3,13,0,10,116.913
0.00222063,-6.1,13,0,10,116.913
0.00222063,-5.9,13,0,10,116.913
0.00222063,-5.7,13,0,10,116.913
0.00222063,-5.5,13,0,10,116.913
0.00222063,-5.3,13,0,10,116.913
0.00222063,-5.1,13,0,10,116.913
0.00222063,-4.9,13,0,10,116.913
0.00222063,-4.7,13,0,10,116.913
0.00222063,-4.5,13,0,10,116.913
0.00222063,-4.3,13,0,10,116.913
0.00222063,-4.1,13,0,10,116.913
0.00222063,-3.9,13,0,10,116.913
0.00222063,-3.7,13,0,10,116.913
0.00222063,-3.5,13,0,10,116.913
0.00222063,-3.3,13,0,10,116.913
0.00222063,-3.1,13,0,10,116.913
0.00222063,-2.9,13,0,10,116.913
0.00222063,-2.7,13,0,10,116.913
0.00222063,-2.5,13,0,10,116.913
0.00222063,-2.3,13,0,10,116.913
0.00222063,-2.1,13,0,10,116.913
0.00222063,-1.9,13,0,10,116.913
0.00222063,-1.7,13,0,10,116.913
0.00222063,-1.5,13,0,10,116.913
0.00222063,-1.3,12.9561,1.22022,9.94397,116.652
0.00222063,-1.1,12.7134,8.05361,9.63886,115.232
0.00222063,-0.9,12.1037,25.4978,8.90084,111.769
0.00222063,-0.7,11.1131,54.4126,7.7732,106.31
0.00222063,-0.5,9.87824,91.7837,6.4788,99.6834
0.00222063,-0.3,8.57159,133.485,5.24123,92.9352
0.00222063,-0.1,7.41744,175.427,4.20207,86.1028
0.00222063,0.1,6.32289,213.348,3.41846,82.1718
0.00222063,0.3,5.25136,240.079,2.96359,85.7736
0.00222063,0.5,4.2269,249.19,2.85523,102.666
0.00222063,0.7,3.2652,254.459,2.85173,132.741
0.00222063,0.9,2.64902,257.669,2.90082,166.435
0.00222063,1.1,2.16807,225.596,2.47064,173.199
0.00222063,1.3,1.46301,52.0215,1.2404,128.862
0.00222063,1.5,1.3,0,1,116.913
0.00222063,1.7,1.3,0,1,116.913
0.00222063,1.9,1.3,0,1,116.913
0.00222063,2.1,1.3,0,1,116.913
0.00222063,2.3,1.3,0,1,116.913
0.00222063,2.5,1.3,0,1,116.913
0.00222063,2.7,1.3,0,1,116.913
0.00222063,2.9,1.3,0,1,116.913
0.00222063,3.1,1.3,0,1,116.913
0.00222063,3.3,1.3,0,1,116.913
0.00222063,3.5,1.3,0,1,116.913
0.00222063,3.7,1.3,0,1,116.913
0.00222063,3.9,1.3,0,1,116.913
0.00222063,4.1,1.3,0,1,116.913
0.00222063,4.3,1.3,0,1,116.913
0.00222063,4.5,1.3,0,1,116.913
0.00222063,4.7,1.3,0,1,116.913
0.00222063,4.9,1.3,0,1,116.913
0.00222063,5.1,1.3,0,1,116.913
0.00222063,5.3,1.3,0,1,116.913
0.00222063,5.5,1.3,0,1,116.913
0.00222063,5.7,1.3,0,1,116.913
0.00222063,5.9,1.3,0,1,116.913
0.00222063,6.1,1.3,0,1,116.913
0.00222063,6.3,1.3,0,1,116.913
0.00222063,6.5,1.3,0,1,116.913
0.00222063,6.7,1.3,0,1,116.913
0.00222063,6.9,1.3,0,1,116.913
0.00222063,7.1,1.3,0,1,116.913
0.00222063,7.3,1.3,0,1,116.913
0.00222063,7.5,1.3,0,1,116.913
0.00222063,7.7,1.3,0,1,116.913
0.00222063,7.9,1.3,0,1,116.913
0.00222063,8.1,1.3,0,1,116.913
0.00222063,8.3,1.3,0,1,116.913
0.00222063,8.5,1.3,0,1,116.913
0.00222063,8.7,1.3,0,1,116.913
0.00222063,8.9,1.3,0,1,116.913
0.00222063,9.1,1.3,0,1,116.913
0.00222063,9.3,1.3,0,1,116.913
0.00222063,9.5,1.3,0,1,116.913
0.00222063,9.7,1.3,0,1,116.913
0.00222063,9.9,1.3,0,1,116.913
0.00248237,-9.9,13,0,10,116.913
0.00248237,-9.7,13,0,10,116.913
0.00248237,-9.5,13,0,10,116.913
0.00248237,-9.3,13,0,10,116.913
0.00248237,-9.1,13,0,10,116.913
0.00248237,-8.9,13,0,10,116.913
0.00248237,-8.7,13,0,10,116.913
0.00248237,-8.5,13,0,10,116.913
0.00248237,-8.3,13,0,10,116.913
0.00248237,-8.1,13,0,10,116.913
0.00248237,-7.9,13,0,10,116.913
0.00248237,-7.7,13,0,10,116.913
0.00248237,-7.5,13,0,10,116.913
0.00248237,-7.3,13,0,10,116.913
0.00248237,-7.1,13,0,10,116.913
0.00248237,-6.9,13,0,10,116.913
0.00248237,-6.7,13,0,10,116.913
0.00248237,-6.5,13,0,10,116.913
0.00248237,-6.3,13,0,10,116.913
0.00248237,-6.1,13,0,10,116.913
0.00248237,-5.9,13,0,10,116.913
0.00248237,-5.7,13,0,10,116.913
0.00248237,-5.5,13,0,10,116.913
0.00248237,-5.3,13,0,10,116.913
0.00248237,-5.1,13,0,10,116.913
0.00248237,-4.9,13,0,10,116.913
0.00248237,-4.7,13,0,10,116.913
0.00248237,-4.5,13,0,10,116.913
0.00248237,-4.3,13,0,10,116.913
0.00248237,-4.1,13,0,10,116.913
0.00248237,-3.9,13,0,10,116.913
0.00248237,-3.7,13,0,10,116.913
0.00248237,-3.5,13,0,10,116.913
0.00248237,-3.3,13,0,10,116.913
0.00248237,-3.1,13,0,10,116.913
0.00248237,-2.9,13,0,10,116.913
0.00248237,-2.7,13,0,10,116.913
0.00248237,-2.5,13,0,10,116.913
0.00248237,-2.3,13,0,10,116.913
0.00248237,-2.1,13,0,10,116.913
0.00248237,-1.9,13,0,10,116.913
0.00248237,-1.7,13,0,10,116.913
0.00248237,-1.5,12.9794,0.572511,9.97361,116.79
0.00248237,-1.3,12.8444,4.34704,9.80245,115.992
0.00248237,-1.1,12.4489,15.5574,9.31275,113.699
0.00248237,-0.9,11.7181,36.6167,8.44723,109.564
0.00248237,-0.7,10.7079,66.5268,7.32407,103.958
0.00248237,-0.5,9.5468,102.44,6.13144,97.6142
0.00248237,-0.3,8.36047,141.248,5.02246,91.3048
0.00248237,-0.1,7.30889,179.865,4.09069,85.0653
0.00248237,0.1,6.33943,214.819,3.37878,81.0061
0.00248237,0.3,5.40989,239.887,2.95011,82.8816
0.00248237,0.5,4.50756,248.396,2.83998,95.7595
0.00248237,0.7,3.5618,251.948,2.82664,120.617
0.00248237,0.9,2.83428,255.59,2.84867,152.759
0.00248237,1.1,2.45455,253.385,2.8605,177.124
0.00248237,1.3,1.98501,193.584,2.16585,165.834
0.00248237,1.5,1.3927,28.3962,1.12902,123.212
0.00248237,1.7,1.3,0,1,116.913
0.00248237,1.9,1.3,0,1,116.913
0.00248237,2.1,1.3,0,1,116.913
0.00248237,2.3,1.3,0,1,116.913
0.00248237,2.5,1.3,0,1,116.913
0.00248237,2.7,1.3,0,1,116.913
0.00248237,2.9,1.3,0,1,116.913
0.00248237,3.1,1.3,0,1,116.913
0.00248237,3.3,1.3,0,1,116.913
0.00248237,3.5,1.3,0,1,116.913
0.00248237,3.7,1.3,0,1,116.913
0.00248237,3.9,1.3,0,1,116.913
0.00248237,4.1,1.3,0,1,116.913
0.00248237,4.3,1.3,0,1,116.913
0.00248237,4.5,1.3,0,1,116.913
0.00248237,4.7,1.3,0,1,116.913
0.00248237,4.9,1.3,0,1,116.913
0.00248237,5.1,1.3,0,1,116.913
0.00248237,5.3,1.3,0,1,116.913
0.00248237,5.5,1.3,0,1,116.913
0.00248237,5.7,1.3,0,1,116.913
0.00248237,5.9,1.3,0,1,116.913
0.00248237,6.1,1.3,0,1,116.913
0.00248237,6.3,1.3,0,1,116.913
0.00248237,6.5,1.3,0,1,116.913
0.00248237,6.7,1.3,0,1,116.913
0.00248237,6.9,1.3,0,1,116.913
0.00248237,7.1,1.3,0,1,116.913
0.00248237,7.3,1.3,0,1,116.913
0.00248237,7.5,1.3,0,1,116.913
0.00248237,7.7,1.3,0,1,116.913
0.00248237,7.9,1.3,0,1,116.913
0.00248237,8.1,1.3,0,1,116.913
0.00248237,8.3,1.3,0,1,116.913
0.00248237,8.5,1.3,0,1,116.913
0.00248237,8.7,1.3,0,1,116.913
0.00248237,8.9,1.3,0,1,116.913
0.00248237,9.1,1.3,0,1,116.913
0.00248237,9.3,1.3,0,1,116.913
0.00248237,9.5,1.3,0,1,116.913
0.00248237,9.7,1.3,0,1,116.913
0.00248237,9.9,1.3,0,1,116.913
0.00274061,-9.9,13,0,10,116.913
0.00274061,-9.7,13,0,10,116.913
0.00274061,-9.5,13,0,10,116.913
0.00274061,-9.3,13,0,10,116.913
0.00274061,-9.1,13,0,10,116.913
0.00274061,-8.9,13,0,10,116.913
0.00274061,-8.7,13,0,10,116.913
0.00274061,-8.5,13,0,10,116.913
0.00274061,-8.3,13,0,10,116.913
0.00274061,-8.1,13,0,10,116.913
0.00274061,-7.9,13,0,10,116.913
0.00274061,-7.7,13,0,10,116.913
0.00274061,-7.5,13,0,10,116.913
0.00274061,-7.3,13,0,10,116.913
0.00274061,-7.1,13,0,10,116.913
0.00274061,-6.9,13,0,10,116.913
0.00274061,-6.7,13,0,10,116.913
0.00274061,-6.5,13,0,10,116.913
0.00274061,-6.3,13,0,10,116.913
0.00274061,-6.1,13,0,10,116.913
0.00274061,-5.9,13,0,10,116.913
0.00274061,-5.7,13,0,10,116.913
0.00274061,-5.5,13,0,10,116.913
0.00274061,-5.3,13,0,10,116.913
0.00274061,-5.1,13,0,10,116.913
0.00274061,-4.9,13,0,10,116.913
0.00274061,-4.7,13,0,10,116.913
0.00274061,-4.5,13,0,10,116.913
0.00274061,-4.3,13,0,10,116.913
0.00274061,-4.1,13,0,10,116.913
0.00274061,-3.9,13,0,10,116.913
0.00274061,-3.7,13,0,10,116.913
0.00274061,-3.5,13,0,10,116.913
0.00274061,-3.3,13,0,10,116.913
0.00274061,-3.1,13,0,10,116.913
0.00274061,-2.9,13,0,10,116.913
0.00274061,-2.7,13,0,10,116.913
0.00274061,-2.5,13,0,10,116.913
0.00274061,-2.3,13,0,10,116.913
0.00274061,-2.1,13,0,10,116.913
0.00274061,-1.9,13,0,10,116.913
0.00274061,-1.7,12.9904,0.265773,9.98773,116.856
0.00274061,-1.5,12.9174,2.3001,9.89466,116.422
0.00274061,-1.3,12.6693,9.27814,9.58323,114.965
0.00274061,-1.1,12.1487,24.1268,8.94959,111.965
0.00274061,-0.9,11.3504,47.3657,8.02381,107.443
0.00274061,-0.7,10.3546,77.3513,6.93966,101.862
0.00274061,-0.5,9.26825,111.679,5.84303,95.8183
0.00274061,-0.3,8.18326,147.969,4.84,89.8933
0.00274061,-0.1,7.21691,183.793,3.99532,84.1411
0.00274061,0.1,6.34508,216.209,3.34301,80.0772
0.00274061,0.3,5.5316,239.749,2.93905,80.7539
0.00274061,0.5,4.74623,247.859,2.82911,90.5959
0.00274061,0.7,3.85116,250.859,2.81144,110.955
0.00274061,0.9,3.06138,252.739,2.82504,140.254
0.00274061,1.1,2.57716,255.384,2.85204,168.199
0.00274061,1.3,2.32754,245.404,2.76244,180.386
0.00274061,1.5,1.81207,153.717,1.85215,155.349
0.00274061,1.7,1.34848,14.2833,1.06491,120.026
0.00274061,1.9,1.3,0,1,116.913
0.00274061,2.1,1.3,0,1,116.913
0.00274061,2.3,1.3,0,1,116.913
0.00274061,2.5,1.3,0,1,116.913
0.00274061,2.7,1.3,0,1,116.913
0.00274061,2.9,1.3,0,1,116.913
0.00274061,3.1,1.3,0,1,116.913
0.00274061,3.3,1.3,0,1,116.913
0.00274061,3.5,1.3,0,1,116.913
0.00274061,3.7,1.3,0,1,116.913
0.00274061,3.9,1.3,0,1,116.913
0.00274061,4.1,1.3,0,1,116.913
0.00274061,4.3,1.3,0,1,116.913
0.00274061,4.5,1.3,0,1,116.913
0.00274061,4.7,1.3,0,1,116.913
0.00274061,4.9,1.3,0,1,116.913
0.00274061,5.1,1.3,0,1,116.913
0.00274061,5.3,1.3,0,1,116.913
0.00274061,5.5,1.3,0,1,116.913
0.00274061,5.7,1.3,0,1,116.913
0.00274061,5.9,1.3,0,1,116.913
0.00274061,6.1,1.3,0,1,116.913
0.00274061,6.3,1.3,0,1,116.913
0.00274061,6.5,1.3,0,1,116.913
0.00274061,6.7,1.3,0,1,116.913
0.00274061,6.9,1.3,0,1,116.913
0.00274061,7.1,1.3,0,1,116.913
0.00274061,7.3,1.3,0,1,116.913
0.00274061,7.5,1.3,0,1,116.913
0.00274061,7.7,1.3,0,1,116.913
0.00274061,7.9,1.3,0,1,116.913
0.00274061,8.1,1.3,0,1,116.913
0.00274061,8.3,1.3,0,1,116.913
0.00274061,8.5,1.3,0,1,116.913
0.00274061,8.7,1.3,0,1,116.913
0.00274061,8.9,1.3,0,1,116.913
0.00274061,9.1,1.3,0,1,116.913
0.00274061,9.3,1.3,0,1,116.913
0.00274061,9.5,1.3,0,1,116.913
0.00274061,9.7,1.3,0,1,116.913
0.00274061,9.9,1.3,0,1,116.913
0.00300032,-9.9,13,0,10,116.913
0.00300032,-9.7,13,0,10,116.913
0.00300032,-9.5,13,0,10,116.913
0.00300032,-9.3,13,0,10,116.913
0.00300032,-9.1,13,0,10,116.913
0.00300032,-8.9,13,0,10,116.913
0.00300032,-8.7,13,0,10,116.913
0.00300032,-8.5,13,0,10,116.913
0.00300032,-8.3,13,0,10,116.913
0.00300032,-8.1,13,0,10,116.913
0.00300032,-7.9,13,0,10,116.913
0.00300032,-7.7,13,0,10,116.913
0.00300032,-7.5,13,0,10,116.913
0.00300032,-7.3,13,0,10,116.913
0.00300032,-7.1,13,0,10,116.913
0.00300032,-6.9,13,0,10,116.913
0.00300032,-6.7,13,0,10,116.913
0.00300032,-6.5,13,0,10,116.913
0.00300032,-6.3,13,0,10,116.913
0.00300032,-6.1,13,0,10,116.913
0.00300032,-5.9,13,0,10,116.913
0.00300032,-5.7,13,0,10,116.913
0.00300032,-5.5,13,0,10,116.913
0.00300032,-5.3,13,0,10,116.913
0.00300032,-5.1,13,0,10,116.913
0.00300032,-4.9,13,0,10,116.913
0.00300032,-4.7,13,0,10,116.913
0.00300032,-4.5,13,0,10,116.913
0.00300032,-4.3,13,0,10,116.913
0.00300032,-4.1,13,0,10,116.913
0.00300032,-3.9,13,0,10,116.913
0.00300032,-3.7,13,0,10,116.913
0.00300032,-3.5,13,0,10,116.913
0.00300032,-3.3,13,0,10,116.913
0.00300032,-3.1,13,0,10,116.913
0.00300032,-2.9,13,0,10,116.913
0.00300032,-2.7,13,0,10,116.913
0.00300032,-2.5,13,0,10,116.913
0.00300032,-2.3,13,0,10,116.913
0.00300032,-2.1,13,0,10,116.913
0.00300032,-1.9,12.9955,0.124241,9.99426,116.887
0.00300032,-1.7,12.9565,1.2094,9.94437,116.654
0.00300032,-1.5,12.8047,5.45744,9.75214,115.755
0.00300032,-1.3,12.4445,15.6474,9.30569,113.653
0.00300032,-1.1,11.8328,33.2331,8.57437,110.134
0.00300032,-0.9,11.0046,57.659,7.63296,105.421
0.00300032,-0.7,10.0409,87.2055,6.6036,99.9577
0.00300032,-0.5,9.02642,119.926,5.59524,94.2131
0.00300032,-0.3,8.0291,153.969,4.6823,88.6341
0.00300032,-0.1,7.13646,187.36,3.91114,83.2967
0.00300032,0.1,6.34409,217.545,3.31017,79.3029
0.00300032,0.3,5.62693,239.656,2.92965,79.132
0.00300032,0.5,4.94876,247.468,2.82004,86.6097
0.00300032,0.7,4.12707,250.076,2.80156,103.173
0.00300032,0.9,3.31162,251.434,2.80964,128.949
0.00300032,1.1,2.72824,252.938,2.82873,157.585
0.00300032,1.3,2.43771,254.294,2.84691,177.5
0.00300032,1.5,2.21887,232.325,2.60426,178.386
0.00300032,1.7,1.66106,112.299,1.57638,144.24
0.00300032,1.9,1.32422,6.93469,1.03171,118.415
0.00300032,2.1,1.3,0,1,116.913
0.00300032,2.3,1.3,0,1,116.913
0.00300032,2.5,1.3,0,1,116.913
0.00300032,2.7,1.3,0,1,116.913
0.00300032,2.9,1.3,0,1,116.913
0.00300032,3.1,1.3,0,1,116.913
0.00300032,3.3,1.3,0,1,116.913
0.00300032,3.5,1.3,0,1,116.913
0.00300032,3.7,1.3,0,1,116.913
0.00300032,3.9,1.3,0,1,116.913
0.00300032,4.1,1.3,0,1,116.913
0.00300032,4.3,1.3,0,1,116.913
0.00300032,4.5,1.3,0,1,116.913
0.00300032,4.7,1.3,0,1,116.913
0.00300032,4.9,1.3,0,1,116.913
0.00300032,5.1,1.3,0,1,116.913
0.00300032,5.3,1.3,0,1,116.913
0.00300032,5.5,1.3,0,1,116.913
0.00300032,5.7,1.3,0,1,116.913
0.00300032,5.9,1.3,0,1,116.913
0.00300032,6.1,1.3,0,1,116.913
0.00300032,6.3,1.3,0,1,116.913
0.00300032,6.5,1.3,0,1,116.913
0.00300032,6.7,1.3,0,1,116.913
0.00300032,6.9,1.3,0,1,116.913
0.00300032,7.1,1.3,0,1,116.913
0.00300032,7.3,1.3,0,1,116.913
0.00300032,7.5,1.3,0,1,116.913
0.00300032,7.7,1.3,0,1,116.913
0.00300032,7.9,1.3,0,1,116.913
0.00300032,8.1,1.3,0,1,116.913
0.00300032,8.3,1.3,0,1,116.913
0.00300032,8.5,1.3,0,1,116.913
0.00300032,8.7,1.3,0,1,116.913
0.00300032,8.9,1.3,0,1,116.913
0.00300032,9.1,1.3,0,1,116.913
0.00300032,9.3,1.3,0,1,116.913
0.00300032,9.5,1.3,0,1,116.913
0.00300032,9.7,1.3,0,1,116.913
0.00300032,9.9,1.3,0,1,116.913
0.00325805,-9.9,13,0,10,116.913
0.00325805,-9.7,13,0,10,116.913
0.00325805,-9.5,13,0,10,116.913
0.00325805,-9.3,13,0,10,116.913
0.00325805,-9.1,13,0,10,116.913
0.00325805,-8.9,13,0,10,116.913
0.00325805,-8.7,13,0,10,116.913
0.00325805,-8.5,13,0,10,116.913
0.00325805,-8.3,13,0,10,116.913
0.00325805,-8.1,13,0,10,116.913
0.00325805,-7.9,13,0,10,116.913
0.00325805,-7.7,13,0,10,116.913
0.00325805,-7.5,13,0,10,116.913
0.00325805,-7.3,13,0,10,116.913
0.00325805,-7.1,13,0,10,116.913
0.00325805,-6.9,13,0,10,116.913
0.00325805,-6.7,13,0,10,116.913
0.00325805,-6.5,13,0,10,116.913
0.00325805,-6.3,13,0,10,116.913
0.00325805,-6.1,13,0,10,116.913
0.00325805,-5.9,13,0,10,116.913
0.00325805,-5.7,13,0,10,116.913
0.00325805,-5.5,13,0,10,116.913
0.00325805,-5.3,13,0,10,116.913
0.00325805,-5.1,13,0,10,116.913
0.00325805,-4.9,13,0,10,116.913
0.00325805,-4.7,13,0,10,116.913
0.00325805,-4.5,13,0,10,116.913
0.00325805,-4.3,13,0,10,116.913
0.00325805,-4.1,13,0,10,116.913
0.00325805,-3.9,13,0,10,116.913
0.00325805,-3.7,13,0,10,116.913
0.00325805,-3.5,13,0,10,116.913
0.00325805,-3.3,13,0,10,116.913
0.00325805,-3.1,13,0,10,116.913
0.00325805,-2.9,13,0,10,116.913
0.00325805,-2.7,13,0,10,116.913
0.00325805,-2.5,13,0,10,116.913
0.00325805,-2.3,13,0,10,116.913
0.00325805,-2.1,12.9979,0.0576742,9.99733,116.901
0.00325805,-1.9,12.9775,0.625871,9.97114,116.779
0.00325805,-1.7,12.8872,3.14325,9.85623,116.241
0.00325805,-1.5,12.6457,9.93106,9.55329,114.82
0.00325805,-1.3,12.191,22.8773,8.99767,112.175
0.00325805,-1.1,11.5216,42.3172,8.21131,108.32
0.00325805,-0.9,10.6891,67.2299,7.28253,103.549
0.00325805,-0.7,9.7657,96.0558,6.31292,98.2504
0.00325805,-0.5,8.81734,127.235,5.38308,92.7899
0.00325805,-0.3,7.8953,159.289,4.54635,87.519
0.00325805,-0.1,7.06637,190.57,3.83723,82.5333
0.00325805,0.1,6.33898,218.806,3.2804,78.653
0.00325805,0.3,5.70045,239.608,2.92167,77.8986
0.00325805,0.5,5.11586,247.174,2.81246,83.5554
0.00325805,0.7,4.37769,249.502,2.79398,97.0031
0.00325805,0.9,3.56933,250.555,2.79969,119.215
0.00325805,1.1,2.91208,251.511,2.81364,146.85
0.00325805,1.3,2.52668,253.147,2.82989,170.227
0.00325805,1.5,2.36114,251.511,2.82477,181.832
0.00325805,1.7,2.09615,211.661,2.37797,172.422
0.00325805,1.9,1.5353,73.8831,1.35627,134.265
0.00325805,2.1,1.31163,3.2762,1.01506,117.622
0.00325805,2.3,1.3,0,1,116.913
0.00325805,2.5,1.3,0,1,116.913
0.00325805,2.7,1.3,0,1,116.913
0.00325805,2.9,1.3,0,1,116.913
0.00325805,3.1,1.3,0,1,116.913
0.00325805,3.3,1.3,0,1,116.913
0.00325805,3.5,1.3,0,1,116.913
0.00325805,3.7,1.3,0,1,116.913
0.00325805,3.9,1.3,0,1,116.913
0.00325805,4.1,1.3,0,1,116.913
0.00325805,4.3,1.3,0,1,116.913
0.00325805,4.5,1.3,0,1,116.913
0.00325805,4.7,1.3,0,1,116.913
0.00325805,4.9,1.3,0,1,116.913
0.00325805,5.1,1.3,0,1,116.913
0.00325805,5.3,1.3,0,1,116.913
0.00325805,5.5,1.3,0,1,116.913
0.00325805,5.7,1.3,0,1,116.913
0.00325805,5.9,1.3,0,1,116.913
0.00325805,6.1,1.3,0,1,116.913
0.00325805,6.3,1.3,0,1,116.913
0.00325805,6.5,1.3,0,1,116.913
0.00325805,6.7,1.3,0,1,116.913
0.00325805,6.9,1.3,0,1,116.913
0.00325805,7.1,1.3,0,1,116.913
0.00325805,7.3,1.3,0,1,116.913
0.00325805,7.5,1.3,0,1,116.913
0.00325805,7.7,1.3,0,1,116.913
0.00325805,7.9,1.3,0,1,116.913
0.00325805,8.1,1.3,0,1,116.913
0.00325805,8.3,1.3,0,1,116.913
0.00325805,8.5,1.3,0,1,116.913
0.00325805,8.7,1.3,0,1,116.913
0.00325805,8.9,1.3,0,1,116.913
0.00325805,9.1,1.3,0,1,116.913
0.00325805,9.3,1.3,0,1,116.913
0.00325805,9.5,1.3,0,1,116.913
0.00325805,9.7,1.3,0,1,116.913
0.00325805,9.9,1.3,0,1,116.913
0.00351483,-9.9,13,0,10,116.913
0.00351483,-9.7,13,0,10,116.913
0.00351483,-9.5,13,0,10,116.913
0.00351483,-9.3,13,0,10,116.913
0.00351483,-9.1,13,0,10,116.913
0.00351483,-8.9,13,0,10,116.913
0.00351483,-8.7,13,0,10,116.913
0.00351483,-8.5,13,0,10,116.913
0.00351483,-8.3,13,0,10,116.913
0.00351483,-8.1,13,0,10,116.913
0.00351483,-7.9,13,0,10,116.913
0.00351483,-7.7,13,0,10,116.913
0.00351483,-7.5,13,0,10,116.913
0.00351483,-7.3,13,0,10,116.913
0.00351483,-7.1,13,0,10,116.913
0.00351483,-6.9,13,0,10,116.913
0.00351483,-6.7,13,0,10,116.913
0.00351483,-6.5,13,0,10,116.913
0.00351483,-6.3,13,0,10,116.913
0.00351483,-6.1,13,0,10,116.913
0.00351483,-5.9,13,0,10,116.913
0.00351483,-5.7,13,0,10,116.913
0.00351483,-5.5,13,0,10,116.913
0.00351483,-5.3,13,0,10,116.913
0.00351483,-5.1,13,0,10,116.913
0.00351483,-4.9,13,0,10,116.913
0.00351483,-4.7,13,0,10,116.913
0.00351483,-4.5,13,0,10,116.913
0.00351483,-4.3,13,0,10,116.913
0.00351483,-4.1,13,0,10,116.913
0.00351483,-3.9,13,0,10,116.913
0.00351483,-3.7,13,0,10,116.913
0.00351483,-3.5,13,0,10,116.913
0.00351483,-3.3,13,0,10,116.913
0.00351483,-3.1,13,0,10,116.913
0.00351483,-2.9,13,0,10,116.913
0.00351483,-2.7,13,0,10,116.913
0.00351483,-2.5,13,0,10,116.913
0.00351483,-2.3,12.999,0.0266815,9.99877,116.908
0.00351483,-2.1,12.9885,0.319949,9.98523,116.844
0.00351483,-1.9,12.9361,1.77722,9.91835,116.532
0.00351483,-1.7,12.779,6.17375,9.71963,115.601
0.00351483,-1.5,12.4509,15.4452,9.31249,113.677
0.00351483,-1.3,11.9244,30.5532,8.67868,110.618
0.00351483,-1.1,11.2233,51.1512,7.8692,106.566
0.00351483,-0.9,10.4024,76.0984,6.96902,101.823
0.00351483,-0.7,9.52225,104.061,6.05895,96.7088
0.00351483,-0.5,8.63405,133.784,5.1987,91.5142
0.00351483,-0.3,7.77743,164.061,4.42739,86.5205
0.00351483,-0.1,7.00442,193.483,3.77154,81.8379
0.00351483,0.1,6.33147,219.997,3.25323,78.0939
0.00351483,0.3,5.75759,239.598,2.91475,76.9428
0.00351483,0.5,5.25308,246.953,2.80604,81.1873
0.00351483,0.7,4.60103,249.051,2.78784,92.0915
0.00351483,0.9,3.82412,249.909,2.79232,110.979
0.00351483,1.1,3.11964,250.617,2.80299,136.56
0.00351483,1.3,2.64671,251.616,2.81638,161.731
0.00351483,1.5,2.41619,253.066,2.82905,177.958
0.00351483,1.7,2.30688,246.067,2.76955,182.47
0.00351483,1.9,1.95444,182.764,2.10609,163.781
0.00351483,2.1,1.44164,43.7336,1.20284,126.812
0.00351483,2.3,1.30547,1.52782,1.00704,117.244
0.00351483,2.5,1.3,0,1,116.913
0.00351483,2.7,1.3,0,1,116.913
0.00351483,2.9,1.3,0,1,116.913
0.00351483,3.1,1.3,0,1,116.913
0.00351483,3.3,1.3,0,1,116.913
0.00351483,3.5,1.3,0,1,116.913
0.00351483,3.7,1.3,0,1,116.913
0.00351483,3.9,1.3,0,1,116.913
0.00351483,4.1,1.3,0,1,116.913
0.00351483,4.3,1.3,0,1,116.913
0.00351483,4.5,1.3,0,1,116.913
0.00351483,4.7,1.3,0,1,116.913
0.00351483,4.9,1.3,0,1,116.913
0.00351483,5.1,1.3,0,1,116.913
0.00351483,5.3,1.3,0,1,116.913
0.00351483,5.5,1.3,0,1,116.913
0.00351483,5.7,1.3,0,1,116.913
0.00351483,5.9,1.3,0,1,116.913
0.00351483,6.1,1.3,0,1,116.913
0.00351483,6.3,1.3,0,1,116.913
0.00351483,6.5,1.3,0,1,116.913
0.00351483,6.7,1.3,0,1,116.913
0.00351483,6.9,1.3,0,1,116.913
0.00351483,7.1,1.3,0,1,116.913
0.00351483,7.3,1.3,0,1,116.913
0.00351483,7.5,1.3,0,1,116.913
0.00351483,7.7,1.3,0,1,116.913
0.00351483,7.9,1.3,0,1,116.913
0.00351483,8.1,1.3,0,1,116.913
0.00351483,8.3,1.3,0,1,116.913
0.00351483,8.5,1.3,0,1,116.913
0.00351483,8.7,1.3,0,1,116.913
0.00351483,8.9,1.3,0,1,116.913
0.00351483,9.1,1.3,0,1,116.913
0.00351483,9.3,1.3,0,1,116.913
0.00351483,9.5,1.3,0,1,116.913
0.00351483,9.7,1.3,0,1,116.913
0.00351483,9.9,1.3,0,1,116.913
0.00377281,-9.9,13,0,10,116.913
0.00377281,-9.7,13,0,10,116.913
0.00377281,-9.5,13,0,10,116.913
0.00377281,-9.3,13,0,10,116.913
0.00377281,-9.1,13,0,10,116.913
0.00377281,-8.9,13,0,10,116.913
0.00377281,-8.7,13,0,10,116.913
0.00377281,-8.5,13,0,10,116.913
0.00377281,-8.3,13,0,10,116.913
0.00377281,-8.1,13,0,10,116.913
0.00377281,-7.9,13,0,10,116.913
0.00377281,-7.7,13,0,10,116.913
0.00377281,-7.5,13,0,10,116.913
0.00377281,-7.3,13,0,10,116.913
0.00377281,-7.1,13,0,10,116.913
0.00377281,-6.9,13,0,10,116.913
0.00377281,-6.7,13,0,10,116.913
0.00377281,-6.5,13,0,10,116.913
0.00377281,-6.3,13,0,10,116.913
0.00377281,-6.1,13,0,10,116.913
0.00377281,-5.9,13,0,10,116.913
0.00377281,-5.7,13,0,10,116.913
0.00377281,-5.5,13,0,10,116.913
0.00377281,-5.3,13,0,10,116.913
0.00377281,-5.1,13,0,10,116.913
0.00377281,-4.9,13,0,10,116.913
0.00377281,-4.7,13,0,10,116.913
0.00377281,-4.5,13,0,10,116.913
0.00377281,-4.3,13,0,10,116.913
0.00377281,-4.1,13,0,10,116.913
0.00377281,-3.9,13,0,10,116.913
0.00377281,-3.7,13,0,10,116.913
0.00377281,-3.5,13,0,10,116.913
0.00377281,-3.3,13,0,10,116.913
0.00377281,-3.1,13,0,10,116.913
0.00377281,-2.9,13,0,10,116.913
0.00377281,-2.7,13,0,10,116.913
0.00377281,-2.5,12.9996,0.0124029,9.99943,116.911
0.00377281,-2.3,12.9941,0.162847,9.99248,116.878
0.00377281,-2.1,12.9642,0.992935,9.95426,116.7
0.00377281,-1.9,12.8645,3.77604,9.8274,116.106
0.00377281,-1.7,12.6341,10.2512,9.53834,114.746
0.00377281,-1.5,12.2306,21.7233,9.0438,112.385
0.00377281,-1.3,11.654,38.4249,8.3602,109.031
0.00377281,-1.1,10.9403,59.6669,7.54971,104.884
0.00377281,-0.9,10.1406,84.3582,6.68663,100.22
0.00377281,-0.7,9.30397,111.388,5.8338,95.2996
0.00377281,-0.5,8.47066,139.738,5.03567,90.3542
0.00377281,-0.3,7.67181,168.406,4.32148,85.6135
0.00377281,-0.1,6.94868,196.161,3.71224,81.1974
0.00377281,0.1,6.32256,221.127,3.22812,77.6006
0.00377281,0.3,5.80255,239.621,2.90857,76.1849
0.00377281,0.5,5.36597,246.789,2.80054,79.3236
0.00377281,0.7,4.79824,248.688,2.78274,88.1453
0.00377281,0.9,4.07002,249.405,2.78632,104.05
0.00377281,1.1,3.3439,249.935,2.79535,127.055
0.00377281,1.3,2.79584,250.682,2.80545,152.51
0.00377281,1.5,2.48749,251.717,2.81805,172.185
0.00377281,1.7,2.36002,252.387,2.82415,181.878
0.00377281,1.9,2.24841,236.893,2.66865,180.395
0.00377281,2.1,1.80579,147.684,1.82641,153.723
0.00377281,2.3,1.37953,23.7916,1.10874,122.153
0.00377281,2.5,1.30256,0.712792,1.00329,117.068
0.00377281,2.7,1.3,0,1,116.913
0.00377281,2.9,1.3,0,1,116.913
0.00377281,3.1,1.3,0,1,116.913
0.00377281,3.3,1.3,0,1,116.913
0.00377281,3.5,1.3,0,1,116.913
0.00377281,3.7,1.3,0,1,116.913
0.00377281,3.9,1.3,0,1,116.913
0.00377281,4.1,1.3,0,1,116.913
0.00377281,4.3,1.3,0,1,116.913
0.00377281,4.5,1.3,0,1,116.913
0.00377281,4.7,1.3,0,1,116.913
0.00377281,4.9,1.3,0,1,116.913
0.00377281,5.1,1.3,0,1,116.913
0.00377281,5.3,1.3,0,1,116.913
0.00377281,5.5,1.3,0,1,116.913
0.00377281,5.7,1.3,0,1,116.913
0.00377281,5.9,1.3,0,1,116.913
0.00377281,6.1,1.3,0,1,116.913
0.00377281,6.3,1.3,0,1,116.913
0.00377281,6.5,1.3,0,1,116.913
0.00377281,6.7,1.3,0,1,116.913
0.00377281,6.9,1.3,0,1,116.913
0.00377281,7.1,1.3,0,1,116.913
0.00377281,7.3,1.3,0,1,116.913
0.00377281,7.5,1.3,0,1,116.913
0.00377281,7.7,1.3,0,1,116.913
0.00377281,7.9,1.3,0,1,116.913
0.00377281,8.1,1.3,0,1,116.913
0.00377281,8.3,1.3,0,1,116.913
0.00377281,8.5,1.3,0,1,116.913
0.00377281,8.7,1.3,0,1,116.913
0.00377281,8.9,1.3,0,1,116.913
0.00377281,9.1,1.3,0,1,116.913
0.00377281,9.3,1.3,0,1,116.913
0.00377281,9.5,1.3,0,1,116.913
0.00377281,9.7,1.3,0,1,116.913
0.00377281,9.9,1.3,0,1,116.913
0.00402925,-9.9,13,0,10,116.913
0.00402925,-9.7,13,0,10,116.913
0.00402925,-9.5,13,0,10,116.913
0.00402925,-9.3,13,0,10,116.913
0.00402925,-9.1,13,0,10,116.913
0.00402925,-8.9,13,0,10,116.913
0.00402925,-8.7,13,0,10,116.913
0.00402925,-8.5,13,0,10,116.913
0.00402925,-8.3,13,0,10,116.913
0.00402925,-8.1,13,0,10,116.913
0.00402925,-7.9,13,0,10,116.913
0.00402925,-7.7,13,0,10,116.913
0.00402925,-7.5,13,0,10,116.913
0.00402925,-7.3,13,0,10,116.913
0.00402925,-7.1,13,0,10,116.913
0.00402925,-6.9,13,0,10,116.913
0.00402925,-6.7,13,0,10,116.913
0.00402925,-6.5,13,0,10,116.913
0.00402925,-6.3,13,0,10,116.913
0.00402925,-6.1,13,0,10,116.913
0.00402925,-5.9,13,0,10,116.913
0.00402925,-5.7,13,0,10,116.913
0.00402925,-5.5,13,0,10,116.913
0.00402925,-5.3,13,0,10,116.913
0.00402925,-5.1,13,0,10,116.913
0.00402925,-4.9,13,0,10,116.913
0.00402925,-4.7,13,0,10,116.913
0.00402925,-4.5,13,0,10,116.913
0.00402925,-4.3,13,0,10,116.913
0.00402925,-4.1,13,0,10,116.913
0.00402925,-3.9,13,0,10,116.913
0.00402925,-3.7,13,0,10,116.913
0.00402925,-3.5,13,0,10,116.913
0.00402925,-3.3,13,0,10,116.913
0.00402925,-3.1,13,0,10,116.913
0.00402925,-2.9,13,0,10,116.913
0.00402925,-2.7,12.9998,0.00573139,9.99973,116.912
0.00402925,-2.5,12.997,0.0818816,9.99622,116.896
0.00402925,-2.3,12.9804,0.545011,9.97485,116.796
0.00402925,-2.1,12.9187,2.2615,9.89618,116.428
0.00402925,-1.9,12.7615,6.66021,9.69751,115.496
0.00402925,-1.7,12.4609,15.1508,9.32397,113.726
0.00402925,-1.5,11.9981,28.4074,8.76404,111.019
0.00402925,-1.3,11.3906,46.1931,8.05453,107.474
0.00402925,-1.1,10.6777,67.6996,7.25757,103.305
0.00402925,-0.9,9.90415,91.9543,6.43499,98.7504
0.00402925,-0.7,9.10954,118.039,5.63533,94.0222
0.00402925,-0.5,8.32562,145.117,4.89206,89.3066
0.00402925,-0.3,7.57754,172.335,4.22756,84.7949
0.00402925,-0.1,6.89871,198.603,3.65901,80.6128
0.00402925,0.1,6.31299,222.187,3.20512,77.1644
0.00402925,0.3,5.8375,239.679,2.90288,75.5805
0.00402925,0.5,5.45745,246.66,2.79598,77.8669
0.00402925,0.7,4.96794,248.397,2.77855,85.0061
0.00402925,0.9,4.29898,249.001,2.78142,98.3353
0.00402925,1.1,3.57378,249.418,2.78927,118.623
0.00402925,1.3,2.96879,249.971,2.79776,143.231
0.00402925,1.5,2.58314,250.75,2.8075,165.188
0.00402925,1.7,2.39948,251.766,2.81882,178.549
0.00402925,1.9,2.32975,250.518,2.80967,183.297
0.00402925,2.1,2.1654,222.09,2.50517,175.836
0.00402925,2.3,1.66168,109.307,1.56711,143.337
0.00402925,2.5,1.34172,12.1131,1.05534,119.547
0.00402925,2.7,1.30119,0.329941,1.00152,116.985
0.00402925,2.9,1.3,0,1,116.913
0.00402925,3.1,1.3,0,1,116.913
0.00402925,3.3,1.3,0,1,116.913
0.00402925,3.5,1.3,0,1,116.913
0.00402925,3.7,1.3,0,1,116.913
0.00402925,3.9,1.3,0,1,116.913
0.00402925,4.1,1.3,0,1,116.913
0.00402925,4.3,1.3,0,1,116.913
0.00402925,4.5,1.3,0,1,116.913
0.00402925,4.7,1.3,0,1,116.913
0.00402925,4.9,1.3,0,1,116.913
0.00402925,5.1,1.3,0,1,116.913
0.00402925,5.3,1.3,0,1,116.913
0.00402925,5.5,1.3,0,1,116.913
0.00402925,5.7,1.3,0,1,116.913
0.00402925,5.9,1.3,0,1,116.913
0.00402925,6.1,1.3,0,1,116.913
0.00402925,6.3,1.3,0,1,116.913
0.00402925,6.5,1.3,0,1,116.913
0.00402925,6.7,1.3,0,1,116.913
0.00402925,6.9,1.3,0,1,116.913
0.00402925,7.1,1.3,0,1,116.913
0.00402925,7.3,1.3,0,1,116.913
0.00402925,7.5,1.3,0,1,116.913
0.00402925,7.7,1.3,0,1,116.913
0.00402925,7.9,1.3,0,1,116.913
0.00402925,8.1,1.3,0,1,116.913
0.00402925,8.3,1.3,0,1,116.913
0.00402925,8.5,1.3,0,1,116.913
0.00402925,8.7,1.3,0,1,116.913
0.00402925,8.9,1.3,0,1,116.913
0.00402925,9.1,1.3,0,1,116.913
0.00402925,9.3,1.3,0,1,116.913
0.00402925,9.5,1.3,0,1,116.913
0.00402925,9.7,1.3,0,1,116.913
0.00402925,9.9,1.3,0,1,116.913
0.00428573,-9.9,13,0,10,116.913
0.00428573,-9.7,13,0,10,116.913
0.00428573,-9.5,13,0,10,116.913
0.00428573,-9.3,13,0,10,116.913
0.00428573,-9.1,13,0,10,116.913
0.00428573,-8.9,13,0,10,116.913
0.00428573,-8.7,13,0,10,116.913
0.00428573,-8.5,13,0,10,116.913
0.00428573,-8.3,13,0,10,116.913
0.00428573,-8.1,13,0,10,116.913
0.00428573,-7.9,13,0,10,116.913
0.00428573,-7.7,13,0,10,116.913
0.00428573,-7.5,13,0,10,116.913
0.00428573,-7.3,13,0,10,116.913
0.00428573,-7.1,13,0,10,116.913
0.00428573,-6.9,13,0,10,116.913
0.00428573,-6.7,13,0,10,116.913
0.00428573,-6.5,13,0,10,116.913
0.00428573,-6.3,13,0,10,116.913
0.00428573,-6.1,13,0,10,116.913
0.00428573,-5.9,13,0,10,116.913
0.00428573,-5.7,13,0,10,116.913
0.00428573,-5.5,13,0,10,116.913
0.00428573,-5.3,13,0,10,116.913
0.00428573,-5.1,13,0,10,116.913
0.00428573,-4.9,13,0,10,116.913
0.00428573,-4.7,13,0,10,116.913
0.00428573,-4.5,13,0,10,116.913
0.00428573,-4.3,13,0,10,116.913
0.00428573,-4.1,13,0,10,116.913
0.00428573,-3.9,13,0,10,116.913
0.00428573,-3.7,13,0,10,116.913
0.00428573,-3.5,13,0,10,116.913
0.00428573,-3.3,13,0,10,116.913
0.00428573,-3.1,13,0,10,116.913
0.00428573,-2.9,12.9999,0.00264901,9.99988,116.913
0.00428573,-2.7,12.9985,0.0409167,9.99811,116.905
0.00428573,-2.5,12.9893,0.295496,9.98635,116.85
0.00428573,-2.3,12.9521,1.33182,9.93869,116.627
0.00428573,-2.1,12.8476,4.2465,9.80597,116.005
0.00428573,-1.9,12.6294,10.3762,9.53223,114.715
0.00428573,-1.7,12.2671,20.67,9.08684,112.585
0.00428573,-1.5,11.7608,35.299,8.48237,109.619
0.00428573,-1.3,11.1371,53.7702,7.76463,105.964
0.00428573,-1.1,10.4339,75.2792,6.99006,101.822
0.00428573,-0.9,9.68907,98.9882,6.20877,97.3938
0.00428573,-0.7,8.93434,124.138,5.45818,92.8524
0.00428573,-0.5,8.19518,150.032,4.76383,88.3497
0.00428573,-0.3,7.49228,175.931,4.14317,84.0479
0.00428573,-0.1,6.85329,200.855,3.61065,80.0745
0.00428573,0.1,6.30315,223.186,3.18383,76.7715
0.00428573,0.3,5.86496,239.768,2.89748,75.0866
0.00428573,0.5,5.53201,246.556,2.79221,76.7137
0.00428573,0.7,5.11328,248.161,2.77506,82.486
0.00428573,0.9,4.50919,248.672,2.77736,93.6141
0.00428573,1.1,3.80342,249,2.78429,111.262
0.00428573,1.3,3.16014,249.428,2.79169,134.267
0.00428573,1.5,2.70414,250.015,2.79965,157.355
0.00428573,1.7,2.45562,250.785,2.80948,173.889
0.00428573,1.9,2.35488,251.653,2.81791,181.872
0.00428573,2.1,2.30497,246.773,2.77518,182.993
0.00428573,2.3,2.0534,200.549,2.28467,169.106
0.00428573,2.5,1.53945,73.4116,1.35787,134.06
0.00428573,2.7,1.32095,5.95466,1.02732,118.202
0.00428573,2.9,1.30055,0.152615,1.00071,116.946
0.00428573,3.1,1.3,0,1,116.913
0.00428573,3.3,1.3,0,1,116.913
0.00428573,3.5,1.3,0,1,116.913
0.00428573,3.7,1.3,0,1,116.913
0.00428573,3.9,1.3,0,1,116.913
0.00428573,4.1,1.3,0,1,116.913
0.00428573,4.3,1.3,0,1,116.913
0.00428573,4.5,1.3,0,1,116.913
0.00428573,4.7,1.3,0,1,116.913
0.00428573,4.9,1.3,0,1,116.913
0.00428573,5.1,1.3,0,1,116.913
0.00428573,5.3,1.3,0,1,116.913
0.00428573,5.5,1.3,0,1,116.913
0.00428573,5.7,1.3,0,1,116.913
0.00428573,5.9,1.3,0,1,116.913
0.00428573,6.1,1.3,0,1,116.913
0.00428573,6.3,1.3,0,1,116.913
0.00428573,6.5,1.3,0,1,116.913
0.00428573,6.7,1.3,0,1,116.913
0.00428573,6.9,1.3,0,1,116.913
0.00428573,7.1,1.3,0,1,116.913
0.00428573,7.3,1.3,0,1,116.913
0.00428573,7.5,1.3,0,1,116.913
0.00428573,7.7,1.3,0,1,116.913
0.00428573,7.9,1.3,0,1,116.913
0.00428573,8.1,1.3,0,1,116.913
0.00428573,8.3,1.3,0,1,116.913
0.00428573,8.5,1.3,0,1,116.913
0.00428573,8.7,1.3,0,1,116.913
0.00428573,8.9,1.3,0,1,116.913
0.00428573,9.1,1.3,0,1,116.913
0.00428573,9.3,1.3,0,1,116.913
0.00428573,9.5,1.3,0,1,116.913
0.00428573,9.7,1.3,0,1,116.913
0.00428573,9.9,1.3,0,1,116.913
0.00454243,-9.9,13,0,10,116.913
0.00454243,-9.7,13,0,10,116.913
0.00454243,-9.5,13,0,10,116.913
0.00454243,-9.3,13,0,10,116.913
0.00454243,-9.1,13,0,10,116.913
0.00454243,-8.9,13,0,10,116.913
0.00454243,-8.7,13,0,10,116.913
0.00454243,-8.5,13,0,10,116.913
0.00454243,-8.3,13,0,10,116.913
0.00454243,-8.1,13,0,10,116.913
0.00454243,-7.9,13,0,10,116.913
0.00454243,-7.7,13,0,10,116.913
0.00454243,-7.5,13,0,10,116.913
0.00454243,-7.3,13,0,10,116.913
0.00454243,-7.1,13,0,10,116.913
0.00454243,-6.9,13,0,10,116.913
0.00454243,-6.7,13,0,10,116.913
0.00454243,-6.5,13,0,10,116.913
0.00454243,-6.3,13,0,10,116.913
0.00454243,-6.1,13,0,10,116.913
0.00454243,-5.9,13,0,10,116.913
0.00454243,-5.7,13,0,10,116.913
0.00454243,-5.5,13,0,10,116.913
0.00454243,-5.3,13,0,10,116.913
0.00454243,-5.1,13,0,10,116.913
0.00454243,-4.9,13,0,10,116.913
0.00454243,-4.7,13,0,10,116.913
0.00454243,-4.5,13,0,10,116.913
0.00454243,-4.3,13,0,10,116.913
0.00454243,-4.1,13,0,10,116.913
0.00454243,-3.9,13,0,10,116.913
0.00454243,-3.7,13,0,10,116.913
0.00454243,-3.5,13,0,10,116.913
0.00454243,-3.3,13,0,10,116.913
0.00454243,-3.1,13,0.00122546,9.99994,116.913
0.00454243,-2.9,12.9993,0.0203493,9.99906,116.909
0.00454243,-2.7,12.9943,0.158554,9.99267,116.879
0.00454243,-2.5,12.9722,0.772559,9.96437,116.747
0.00454243,-2.3,12.9044,2.6597,9.87797,116.342
0.00454243,-2.1,12.7501,6.97859,9.68298,115.426
0.00454243,-1.9,12.4732,14.7937,9.3386,113.792
0.00454243,-1.7,12.0605,26.6009,8.83707,111.366
0.00454243,-1.5,11.5248,42.23,8.20603,108.22
0.00454243,-1.3,10.896,61.0805,7.49262,104.514
0.00454243,-1.1,10.2083,82.4109,6.74551,100.432
0.00454243,-0.9,9.49291,105.512,6.00469,96.139
0.00454243,-0.7,8.77566,129.753,5.29913,91.7768
0.00454243,-0.5,8.07713,154.544,4.64854,87.4717
0.00454243,-0.3,7.4147,179.237,4.06685,83.3628
0.00454243,-0.1,6.81172,202.937,3.56648,79.5777
0.00454243,0.1,6.29325,224.13,3.16404,76.4143
0.00454243,0.3,5.8867,239.878,2.89231,74.6759
0.00454243,0.5,5.59277,246.471,2.78904,75.7943
0.00454243,0.7,5.23669,247.968,2.77214,80.4574
0.00454243,0.9,4.69904,248.403,2.77397,89.7221
0.00454243,1.1,4.02708,248.658,2.78015,104.927
0.00454243,1.3,3.36394,248.992,2.78673,125.908
0.00454243,1.5,2.84811,249.44,2.79363,149.081
0.00454243,1.7,2.53279,250.042,2.80143,168.108
0.00454243,1.9,2.38522,250.802,2.81104,179.121
0.00454243,2.1,2.33334,251.19,2.81366,183.275
0.00454243,2.3,2.27007,240.151,2.70728,181.26
0.00454243,2.5,1.91859,171.933,2.02665,160.547
0.00454243,2.7,1.44696,44.6695,1.2091,127.003
0.00454243,2.9,1.31025,2.8778,1.01325,117.536
0.00454243,3.1,1.30025,0.0706264,1.00033,116.929
0.00454243,3.3,1.3,0,1,116.913
0.00454243,3.5,1.3,0,1,116.913
0.00454243,3.7,1.3,0,1,116.913
0.00454243,3.9,1.3,0,1,116.913
0.00454243,4.1,1.3,0,1,116.913
0.00454243,4.3,1.3,0,1,116.913
0.00454243,4.5,1.3,0,1,116.913
0.00454243,4.7,1.3,0,1,116.913
0.00454243,4.9,1.3,0,1,116.913
0.00454243,5.1,1.3,0,1,116.913
0.00454243,5.3,1.3,0,1,116.913
0.00454243,5.5,1.3,0,1,116.913
0.00454243,5.7,1.3,0,1,116.913
0.00454243,5.9,1.3,0,1,116.913
0.00454243,6.1,1.3,0,1,116.913
0.00454243,6.3,1.3,0,1,116.913
0.00454243,6.5,1.3,0,1,116.913
0.00454243,6.7,1.3,0,1,116.913
0.00454243,6.9,1.3,0,1,116.913
0.00454243,7.1,1.3,0,1,116.913
0.00454243,7.3,1.3,0,1,116.913
0.00454243,7.5,1.3,0,1,116.913
0.00454243,7.7,1.3,0,1,116.913
0.00454243,7.9,1.3,0,1,116.913
0.00454243,8.1,1.3,0,1,116.913
0.00454243,8.3,1.3,0,1,116.913
0.00454243,8.5,1.3,0,1,116.913
0.00454243,8.7,1.3,0,1,116.913
0.00454243,8.9,1.3,0,1,116.913
0.00454243,9.1,1.3,0,1,116.913
0.00454243,9.3,1.3,0,1,116.913
0.00454243,9.5,1.3,0,1,116.913
0.00454243,9.7,1.3,0,1,116.913
0.00454243,9.9,1.3,0,1,116.913
0.00479868,-9.9,13,0,10,116.913
0.00479868,-9.7,13,0,10,116.913
0.00479868,-9.5,13,0,10,116.913
0.00479868,-9.3,13,0,10,116.913
0.00479868,-9.1,13,0,10,116.913
0.00479868,-8.9,13,0,10,116.913
0.00479868,-8.7,13,0,10,116.913
0.00479868,-8.5,13,0,10,116.913
0.00479868,-8.3,13,0,10,116.913
0.00479868,-8.1,13,0,10,116.913
0.00479868,-7.9,13,0,10,116.913
0.00479868,-7.7,13,0,10,116.913
0.00479868,-7.5,13,0,10,116.913
0.00479868,-7.3,13,0,10,116.913
0.00479868,-7.1,13,0,10,116.913
0.00479868,-6.9,13,0,10,116.913
0.00479868,-6.7,13,0,10,116.913
0.00479868,-6.5,13,0,10,116.913
0.00479868,-6.3,13,0,10,116.913
0.00479868,-6.1,13,0,10,116.913
0.00479868,-5.9,13,0,10,116.913
0.00479868,-5.7,13,0,10,116.913
0.00479868,-5.5,13,0,10,116.913
0.00479868,-5.3,13,0,10,116.913
0.00479868,-5.1,13,0,10,116.913
0.00479868,-4.9,13,0,10,116.913
0.00479868,-4.7,13,0,10,116.913
0.00479868,-4.5,13,0,10,116.913
0.00479868,-4.3,13,0,10,116.913
0.00479868,-4.1,13,0,10,116.913
0.00479868,-3.9,13,0,10,116.913
0.00479868,-3.7,13,0,10,116.913
0.00479868,-3.5,13,0,10,116.913
0.00479868,-3.3,13,0.00056589,9.99997,116.913
0.00479868,-3.1,12.9996,0.0100557,9.99954,116.911
0.00479868,-2.9,12.997,0.0841304,9.99611,116.895
0.00479868,-2.7,12.9841,0.441274,9.97963,116.818
0.00479868,-2.5,12.9411,1.63564,9.92474,116.561
0.00479868,-2.3,12.8347,4.6048,9.78965,115.928
0.00479868,-2.1,12.6284,10.4,9.53073,114.706
0.00479868,-1.9,12.2995,19.7375,9.12546,112.765
0.00479868,-1.7,11.8483,32.747,8.58372,110.11
0.00479868,-1.5,11.2951,49.06,7.94049,106.848
0.00479868,-1.3,10.6691,68.0597,7.23991,103.137
0.00479868,-1.1,10.0001,89.09,6.52266,99.1349
0.00479868,-0.9,9.31406,111.554,5.82052,94.9797
0.00479868,-0.7,8.63171,134.923,5.15603,90.7876
0.00479868,-0.5,7.97006,158.69,4.54464,86.6655
0.00479868,-0.3,7.34397,182.279,3.99768,82.7342
0.00479868,-0.1,6.77355,204.864,3.52608,79.1195
0.00479868,0.1,6.28349,225.02,3.14564,76.0881
0.00479868,0.3,5.90397,240.003,2.88735,74.3299
0.00479868,0.5,5.64219,246.403,2.78636,75.0582
0.00479868,0.7,5.34042,247.81,2.7697,78.8253
0.00479868,0.9,4.8676,248.181,2.77115,86.5272
0.00479868,1.1,4.23963,248.377,2.77669,99.5425
0.00479868,1.3,3.57374,248.636,2.78264,118.343
0.00479868,1.5,3.011,248.986,2.78874,140.768
0.00479868,1.7,2.63163,249.446,2.79539,161.445
0.00479868,1.9,2.42998,250.072,2.80303,175.32
0.00479868,2.1,2.34946,250.801,2.8117,181.891
0.00479868,2.3,2.32111,249.965,2.80307,183.547
0.00479868,2.5,2.21258,229.309,2.59027,177.931
0.00479868,2.7,1.77396,137.464,1.76049,150.833
0.00479868,2.9,1.38384,24.898,1.11446,122.401
0.00479868,3.1,1.30493,1.37622,1.00635,117.211
0.00479868,3.3,1.30012,0.0326192,1.00015,116.921
0.00479868,3.5,1.3,0,1,116.913
0.00479868,3.7,1.3,0,1,116.913
0.00479868,3.9,1.3,0,1,116.913
0.00479868,4.1,1.3,0,1,116.913
0.00479868,4.3,1.3,0,1,116.913
0.00479868,4.5,1.3,0,1,116.913
0.00479868,4.7,1.3,0,1,116.913
0.00479868,4.9,1.3,0,1,116.913
0.00479868,5.1,1.3,0,1,116.913
0.00479868,5.3,1.3,0,1,116.913
0.00479868,5.5,1.3,0,1,116.913
0.00479868,5.7,1.3,0,1,116.913
0.00479868,5.9,1.3,0,1,116.913
0.00479868,6.1,1.3,0,1,116.913
0.00479868,6.3,1.3,0,1,116.913
0.00479868,6.5,1.3,0,1,116.913
0.00479868,6.7,1.3,0,1,116.913
0.00479868,6.9,1.3,0,1,116.913
0.00479868,7.1,1.3,0,1,116.913
0.00479868,7.3,1.3,0,1,116.913
0.00479868,7.5,1.3,0,1,116.913
0.00479868,7.7,1.3,0,1,116.913
0.00479868,7.9,1.3,0,1,116.913
0.00479868,8.1,1.3,0,1,116.913
0.00479868,8.3,1.3,0,1,116.913
0.00479868,8.5,1.3,0,1,116.913
0.00479868,8.7,1.3,0,1,116.913
0.00479868,8.9,1.3,0,1,116.913
0.00479868,9.1,1.3,0,1,116.913
0.00479868,9.3,1.3,0,1,116.913
0.00479868,9.5,1.3,0,1,116.913
0.00479868,9.7,1.3,0,1,116.913
0.00479868,9.9,1.3,0,1,116.913
0.00505525,-9.9,13,0,10,116.913
0.00505525,-9.7,13,0,10,116.913
0.00505525,-9.5,13,0,10,116.913
0.00505525,-9.3,13,0,10,116.913
0.00505525,-9.1,13,0,10,116.913
0.00505525,-8.9,13,0,10,116.913
0.00505525,-8.7,13,0,10,116.913
0.00505525,-8.5,13,0,10,116.913
0.00505525,-8.3,13,0,10,116.913
0.00505525,-8.1,13,0,10,116.913
0.00505525,-7.9,13,0,10,116.913
0.00505525,-7.7,13,0,10,116.913
0.00505525,-7.5,13,0,10,116.913
0.00505525,-7.3,13,0,10,116.913
0.00505525,-7.1,13,0,10,116.913
0.00505525,-6.9,13,0,10,116.913
0.00505525,-6.7,13,0,10,116.913
0.00505525,-6.5,13,0,10,116.913
0.00505525,-6.3,13,0,10,116.913
0.00505525,-6.1,13,0,10,116.913
0.00505525,-5.9,13,0,10,116.913
0.00505525,-5.7,13,0,10,116.913
0.00505525,-5.5,13,0,10,116.913
0.00505525,-5.3,13,0,10,116.913
0.00505525,-5.1,13,0,10,116.913
0.00505525,-4.9,13,0,10,116.913
0.00505525,-4.7,13,0,10,116.913
0.00505525,-4.5,13,0,10,116.913
0.00505525,-4.3,13,0,10,116.913
0.00505525,-4.1,13,0,10,116.913
0.00505525,-3.9,13,0,10,116.913
0.00505525,-3.7,13,0,10,116.913
0.00505525,-3.5,13,0.000261648,9.99999,116.913
0.00505525,-3.3,12.9998,0.00495349,9.99977,116.912
0.00505525,-3.1,12.9984,0.0442941,9.99795,116.904
0.00505525,-2.9,12.991,0.248988,9.9885,116.86
0.00505525,-2.7,12.9643,0.990226,9.95435,116.7
0.00505525,-2.5,12.8927,2.98598,9.86305,116.272
0.00505525,-2.3,12.7426,7.18618,9.67347,115.381
0.00505525,-2.1,12.4863,14.4182,9.35431,113.864
0.00505525,-1.9,12.1138,25.0602,8.90012,111.666
0.00505525,-1.7,11.6352,38.9848,8.33228,108.842
0.00505525,-1.5,11.0735,55.7299,7.68764,105.516
0.00505525,-1.3,10.4558,74.7113,7.00533,101.83
0.00505525,-1.1,9.80765,95.3613,6.3188,97.9214
0.00505525,-0.9,9.15006,117.177,5.65322,93.9031
0.00505525,-0.7,8.50018,139.713,5.02627,89.8723
0.00505525,-0.5,7.87218,162.526,4.45023,85.9202
0.00505525,-0.3,7.27898,185.097,3.93449,82.1536
0.00505525,-0.1,6.73824,206.659,3.48886,78.6948
0.00505525,0.1,6.2739,225.862,3.12845,75.7877
0.00505525,0.3,5.91785,240.14,2.88258,74.0329
0.00505525,0.5,5.68263,246.347,2.78405,74.462
0.00505525,0.7,5.42741,247.68,2.76764,77.5042
0.00505525,0.9,5.01592,247.997,2.76879,83.897
0.00505525,1.1,4.4385,248.144,2.7738,94.983
0.00505525,1.3,3.7847,248.341,2.7792,111.608
0.00505525,1.5,3.18911,248.614,2.7847,132.714
0.00505525,1.7,2.75121,248.977,2.79047,154.156
0.00505525,1.9,2.49256,249.461,2.79685,170.542
0.00505525,2.1,2.37302,250.099,2.80441,179.617
0.00505525,2.3,2.33273,250.715,2.81088,183.141
0.00505525,2.5,2.3085,247.412,2.78008,183.035
0.00505525,2.7,2.1262,213.009,2.41756,172.815
0.00505525,2.9,1.63751,101.037,1.52006,141.086
0.00505525,3.1,1.3451,13.0593,1.05984,119.755
0.00505525,3.3,1.30236,0.655944,1.00303,117.055
0.00505525,3.5,1.30005,0.0150831,1.00007,116.917
0.00505525,3.7,1.3,0,1,116.913
0.00505525,3.9,1.3,0,1,116.913
0.00505525,4.1,1.3,0,1,116.913
0.00505525,4.3,1.3,0,1,116.913
0.00505525,4.5,1.3,0,1,116.913
0.00505525,4.7,1.3,0,1,116.913
0.00505525,4.9,1.3,0,1,116.913
0.00505525,5.1,1.3,0,1,116.913
0.00505525,5.3,1.3,0,1,116.913
0.00505525,5.5,1.3,0,1,116.913
0.00505525,5.7,1.3,0,1,116.913
0.00505525,5.9,1.3,0,1,116.913
0.00505525,6.1,1.3,0,1,116.913
0.00505525,6.3,1.3,0,1,116.913
0.00505525,6.5,1.3,0,1,116.913
0.00505525,6.7,1.3,0,1,116.913
0.00505525,6.9,1.3,0,1,116.913
0.00505525,7.1,1.3,0,1,116.913
0.00505525,7.3,1.3,0,1,116.913
0.00505525,7.5,1.3,0,1,116.913
0.00505525,7.7,1.3,0,1,116.913
0.00505525,7.9,1.3,0,1,116.913
0.00505525,8.1,1.3,0,1,116.913
0.00505525,8.3,1.3,0,1,116.913
0.00505525,8.5,1.3,0,1,116.913
0.00505525,8.7,1.3,0,1,116.913
0.00505525,8.9,1.3,0,1,116.913
0.00505525,9.1,1.3,0,1,116.913
0.00505525,9.3,1.3,0,1,116.913
0.00505525,9.5,1.3,0,1,116.913
0.00505525,9.7,1.3,0,1,116.913
0.00505525,9.9,1.3,0,1,116.913
0.00531173,-9.9,13,0,10,116.913
0.00531173,-9.7,13,0,10,116.913
0.00531173,-9.5,13,0,10,116.913
0.00531173,-9.3,13,0,10,116.913
0.00531173,-9.1,13,0,10,116.913
0.00531173,-8.9,13,0,10,116.913
0.00531173,-8.7,13,0,10,116.913
0.00531173,-8.5,13,0,10,116.913
0.00531173,-8.3,13,0,10,116.913
0.00531173,-8.1,13,0,10,116.913
0.00531173,-7.9,13,0,10,116.913
0.00531173,-7.7,13,0,10,116.913
0.00531173,-7.5,13,0,10,116.913
0.00531173,-7.3,13,0,10,116.913
0.00531173,-7.1,13,0,10,116.913
0.00531173,-6.9,13,0,10,116.913
0.00531173,-6.7,13,0,10,116.913
0.00531173,-6.5,13,0,10,116.913
0.00531173,-6.3,13,0,10,116.913
0.00531173,-6.1,13,0,10,116.913
0.00531173,-5.9,13,0,10,116.913
0.00531173,-5.7,13,0,10,116.913
0.00531173,-5.5,13,0,10,116.913
0.00531173,-5.3,13,0,10,116.913
0.00531173,-5.1,13,0,10,116.913
0.00531173,-4.9,13,0,10,116.913
0.00531173,-4.7,13,0,10,116.913
0.00531173,-4.5,13,0,10,116.913
0.00531173,-4.3,13,0,10,116.913
0.00531173,-4.1,13,0,10,116.913
0.00531173,-3.9,13,0,10,116.913
0.00531173,-3.7,13,0.000120934,9.99999,116.913
0.00531173,-3.5,12.9999,0.00243018,9.99989,116.913
0.00531173,-3.3,12.9992,0.0231336,9.99893,116.908
0.00531173,-3.1,12.995,0.138815,9.99358,116.883
0.00531173,-2.9,12.9787,0.590347,9.97275,116.786
0.00531173,-2.7,12.9315,1.9028,9.91249,116.504
0.00531173,-2.5,12.8249,4.87801,9.77719,115.869
0.00531173,-2.3,12.6298,10.3593,9.53219,114.711
0.00531173,-2.1,12.3285,18.9035,9.16035,112.93
0.00531173,-1.9,11.9218,30.6116,8.66963,110.527
0.00531173,-1.7,11.4252,45.1987,8.08747,107.586
0.00531173,-1.5,10.862,62.1778,7.4492,104.234
0.00531173,-1.3,10.2564,81.0201,6.78844,100.596
0.00531173,-1.1,9.62979,101.239,6.13237,96.7875
0.00531173,-0.9,8.99952,122.412,5.501,92.9031
0.00531173,-0.7,8.37976,144.154,4.90832,89.0244
0.00531173,-0.5,7.78249,166.079,4.36421,85.2305
0.00531173,-0.3,7.21913,187.711,3.87663,81.6164
0.00531173,-0.1,6.70547,208.331,3.45452,78.3009
0.00531173,0.1,6.26455,226.659,3.11235,75.5104
0.00531173,0.3,5.92909,240.285,2.87798,73.7747
0.00531173,0.5,5.71582,246.301,2.78202,73.9758
0.00531173,0.7,5.49994,247.57,2.76589,76.4336
0.00531173,0.9,5.14487,247.844,2.76681,81.7357
0.00531173,1.1,4.62132,247.95,2.77137,91.1457
0.00531173,1.3,3.99177,248.097,2.77631,105.709
0.00531173,1.5,3.37764,248.308,2.78131,125.154
0.00531173,1.7,2.88951,248.594,2.78644,146.566
0.00531173,1.9,2.57357,248.977,2.79189,164.881
0.00531173,2.1,2.40927,249.49,2.79807,176.515
0.00531173,2.3,2.34402,250.114,2.80554,181.912
0.00531173,2.5,2.32503,250.407,2.80758,183.532
0.00531173,2.7,2.28668,242.69,2.73411,181.727
0.00531173,2.9,2.01079,190.102,2.19363,165.808
0.00531173,3.1,1.52264,67.49,1.32778,132.537
0.00531173,3.3,1.32323,6.59925,1.03031,118.343
0.00531173,3.5,1.30112,0.311761,1.00144,116.981
0.00531173,3.7,1.30003,0.00697169,1.00003,116.915
0.00531173,3.9,1.3,0,1,116.913
0.00531173,4.1,1.3,0,1,116.913
0.00531173,4.3,1.3,0,1,116.913
0.00531173,4.5,1.3,0,1,116.913
0.00531173,4.7,1.3,0,1,116.913
0.00531173,4.9,1.3,0,1,116.913
0.00531173,5.1,1.3,0,1,116.913
0.00531173,5.3,1.3,0,1,116.913
0.00531173,5.5,1.3,0,1,116.913
0.00531173,5.7,1.3,0,1,116.913
0.00531173,5.9,1.3,0,1,116.913
0.00531173,6.1,1.3,0,1,116.913
0.00531173,6.3,1.3,0,1,116.913
0.00531173,6.5,1.3,0,1,116.913
0.00531173,6.7,1.3,0,1,116.913
0.00531173,6.9,1.3,0,1,116.913
0.00531173,7.1,1.3,0,1,116.913
0.00531173,7.3,1.3,0,1,116.913
0.00531173,7.5,1.3,0,1,116.913
0.00531173,7.7,1.3,0,1,116.913
0.00531173,7.9,1.3,0,1,116.913
0.00531173,8.1,1.3,0,1,116.913
0.00531173,8.3,1.3,0,1,116.913
0.00531173,8.5,1.3,0,1,116.913
0.00531173,8.7,1.3,0,1,116.913
0.00531173,8.9,1.3,0,1,116.913
0.00531173,9.1,1.3,0,1,116.913
0.00531173,9.3,1.3,0,1,116.913
0.00531173,9.5,1.3,0,1,116.913
0.00531173,9.7,1.3,0,1,116.913
0.00531173,9.9,1.3,0,1,116.913
0.00556814,-9.9,13,0,10,116.913
0.00556814,-9.7,13,0,10,116.913
0.00556814,-9.5,13,0,10,116.913
0.00556814,-9.3,13,0,10,116.913
0.00556814,-9.1,13,0,10,116.913
0.00556814,-8.9,13,0,10,116.913
0.00556814,-8.7,13,0,10,116.913
0.00556814,-8.5,13,0,10,116.913
0.00556814,-8.3,13,0,10,116.913
0.00556814,-8.1,13,0,10,116.913
0.00556814,-7.9,13,0,10,116.913
0.00556814,-7.7,13,0,10,116.913
0.00556814,-7.5,13,0,10,116.913
0.00556814,-7.3,13,0,10,116.913
0.00556814,-7.1,13,0,10,116.913
0.00556814,-6.9,13,0,10,116.913
0.00556814,-6.7,13,0,10,116.913
0.00556814,-6.5,13,0,10,116.913
0.00556814,-6.3,13,0,10,116.913
0.00556814,-6.1,13,0,10,116.913
0.00556814,-5.9,13,0,10,116.913
0.00556814,-5.7,13,0,10,116.913
0.00556814,-5.5,13,0,10,116.913
0.00556814,-5.3,13,0,10,116.913
0.00556814,-5.1,13,0,10,116.913
0.00556814,-4.9,13,0,10,116.913
0.00556814,-4.7,13,0,10,116.913
0.00556814,-4.5,13,0,10,116.913
0.00556814,-4.3,13,0,10,116.913
0.00556814,-4.1,13,0,10,116.913
0.00556814,-3.9,13,5.58822e-05,10,116.913
0.00556814,-3.7,13,0.001188,9.99995,116.913
0.00556814,-3.5,12.9996,0.0119961,9.99945,116.911
0.00556814,-3.3,12.9972,0.0765604,9.99646,116.897
0.00556814,-3.1,12.9875,0.347009,9.98397,116.839
0.00556814,-2.9,12.957,1.19266,9.94504,116.656
0.00556814,-2.7,12.883,3.25381,9.85081,116.215
0.00556814,-2.5,12.7378,7.31839,9.66738,115.351
0.00556814,-2.3,12.4993,14.0448,9.37013,113.937
0.00556814,-2.1,12.16,23.7297,8.95509,111.93
0.00556814,-1.9,11.7277,36.2746,8.43923,109.37
0.00556814,-1.7,11.2208,51.3138,7.85202,106.357
0.00556814,-1.5,10.6613,68.3756,7.22552,103.007
0.00556814,-1.3,10.0702,86.9935,6.58802,99.4321
0.00556814,-1.1,9.46522,106.753,5.96153,95.7272
0.00556814,-0.9,8.86093,127.294,5.36202,91.9723
0.00556814,-0.7,8.26909,148.285,4.80065,88.2369
0.00556814,-0.5,7.69999,169.38,4.28551,84.5902
0.00556814,-0.3,7.16383,190.142,3.82345,81.1181
0.00556814,-0.1,6.67495,209.893,3.42272,77.9349
0.00556814,0.1,6.25546,227.414,3.09726,75.2534
0.00556814,0.3,5.93826,240.436,2.87355,73.5474
0.00556814,0.5,5.74323,246.263,2.78023,73.5754
0.00556814,0.7,5.56027,247.477,2.76437,75.5629
0.00556814,0.9,5.25604,247.714,2.76513,79.9586
0.00556814,1.1,4.78707,247.788,2.76933,87.9249
0.00556814,1.3,4.19114,247.892,2.77388,100.592
0.00556814,1.5,3.57204,248.053,2.77846,118.221
0.00556814,1.7,3.04381,248.278,2.78308,138.968
0.00556814,1.9,2.67297,248.585,2.78782,158.518
0.00556814,2.1,2.46014,248.99,2.79306,172.555
0.00556814,2.3,2.36289,249.524,2.79916,180.05
0.00556814,2.5,2.33074,250.104,2.80615,182.989
0.00556814,2.7,2.32003,249.609,2.7999,183.424
0.00556814,2.9,2.24683,234.747,2.65132,179.349
0.00556814,3.1,1.87515,160.548,1.93943,157.198
0.00556814,3.3,1.43629,40.9795,1.19181,126.116
0.00556814,3.5,1.31164,3.26854,1.01505,117.62
0.00556814,3.7,1.30053,0.147917,1.00068,116.945
0.00556814,3.9,1.30001,0.00322159,1.00001,116.914
0.00556814,4.1,1.3,0,1,116.913
0.00556814,4.3,1.3,0,1,116.913
0.00556814,4.5,1.3,0,1,116.913
0.00556814,4.7,1.3,0,1,116.913
0.00556814,4.9,1.3,0,1,116.913
0.00556814,5.1,1.3,0,1,116.913
0.00556814,5.3,1.3,0,1,116.913
0.00556814,5.5,1.3,0,1,116.913
0.00556814,5.7,1.3,0,1,116.913
0.00556814,5.9,1.3,0,1,116.913
0.00556814,6.1,1.3,0,1,116.913
0.00556814,6.3,1.3,0,1,116.913
0.00556814,6.5,1.3,0,1,116.913
0.00556814,6.7,1.3,0,1,116.913
0.00556814,6.9,1.3,0,1,116.913
0.00556814,7.1,1.3,0,1,116.913
0.00556814,7.3,1.3,0,1,116.913
0.00556814,7.5,1.3,0,1,116.913
0.00556814,7.7,1.3,0,1,116.913
0.00556814,7.9,1.3,0,1,116.913
0.00556814,8.1,1.3,0,1,116.913
0.00556814,8.3,1.3,0,1,116.913
0.00556814,8.5,1.3,0,1,116.913
0.00556814,8.7,1.3,0,1,116.913
0.00556814,8.9,1.3,0,1,116.913
0.00556814,9.1,1.3,0,1,116.913
0.00556814,9.3,1.3,0,1,116.913
0.00556814,9.5,1.3,0,1,116.913
0.00556814,9.7,1.3,0,1,116.913
0.00556814,9.9,1.3,0,1,116.913
0.0058249,-9.9,13,0,10,116.913
0.0058249,-9.7,13,0,10,116.913
0.0058249,-9.5,13,0,10,116.913
0.0058249,-9.3,13,0,10,116.913
0.0058249,-9.1,13,0,10,116.913
0.0058249,-8.9,13,0,10,116.913
0.0058249,-8.7,13,0,10,116.913
0.0058249,-8.5,13,0,10,116.913
0.0058249,-8.3,13,0,10,116.913
0.0058249,-8.1,13,0,10,116.913
0.0058249,-7.9,13,0,10,116.913
0.0058249,-7.7,13,0,10,116.913
0.0058249,-7.5,13,0,10,116.913
0.0058249,-7.3,13,0,10,116.913
0.0058249,-7.1,13,0,10,116.913
0.0058249,-6.9,13,0,10,116.913
0.0058249,-6.7,13,0,10,116.913
0.0058249,-6.5,13,0,10,116.913
0.0058249,-6.3,13,0,10,116.913
0.0058249,-6.1,13,0,10,116.913
0.0058249,-5.9,13,0,10,116.913
0.0058249,-5.7,13,0,10,116.913
0.0058249,-5.5,13,0,10,116.913
0.0058249,-5.3,13,0,10,116.913
0.0058249,-5.1,13,0,10,116.913
0.0058249,-4.9,13,0,10,116.913
0.0058249,-4.7,13,0,10,116.913
0.0058249,-4.5,13,0,10,116.913
0.0058249,-4.3,13,0,10,116.913
0.0058249,-4.1,13,2.58568e-05,10,116.913
0.0058249,-3.9,13,0.000579712,9.99997,116.913
0.0058249,-3.7,12.9998,0.00618869,9.99971,116.912
0.0058249,-3.5,12.9985,0.0418613,9.99806,116.904
0.0058249,-3.3,12.9927,0.201536,9.99069,116.87
0.0058249,-3.1,12.9735,0.736604,9.96601,116.755
0.0058249,-2.9,12.9232,2.1353,9.90183,116.454
0.0058249,-2.7,12.8175,5.08588,9.76771,115.824
0.0058249,-2.5,12.6326,10.2767,9.53558,114.726
0.0058249,-2.3,12.3548,18.1512,9.19207,113.08
0.0058249,-2.1,11.9846,28.7899,8.74368,110.886
0.0058249,-1.9,11.5345,41.9669,8.21243,108.213
0.0058249,-1.7,11.0234,57.2885,7.62717,105.161
0.0058249,-1.5,10.4713,74.319,7.01604,101.836
0.0058249,-1.3,9.89597,92.6528,6.40251,98.3331
0.0058249,-1.1,9.31247,111.937,5.80441,94.7329
0.0058249,-0.9,8.7328,131.863,5.23452,91.1027
0.0058249,-0.7,8.1669,152.141,4.70186,87.5025
0.0058249,-0.5,7.62371,172.461,4.21312,83.9934
0.0058249,-0.3,7.11247,192.414,3.77431,80.6538
0.0058249,-0.1,6.64638,211.358,3.39315,77.5936
0.0058249,0.1,6.24661,228.131,3.08305,75.0144
0.0058249,0.3,5.9458,240.59,2.86927,73.3447
0.0058249,0.5,5.76605,246.233,2.77862,73.2418
0.0058249,0.7,5.61051,247.397,2.76306,74.8505
0.0058249,0.9,5.35135,247.603,2.7637,78.494
0.0058249,1.1,4.93578,247.65,2.76759,85.2225
0.0058249,1.3,4.38013,247.721,2.77182,96.1803
0.0058249,1.5,3.7683,247.839,2.77605,111.967
0.0058249,1.7,3.21111,248.015,2.78024,131.594
0.0058249,1.9,2.79009,248.261,2.78445,151.68
0.0058249,2.1,2.52676,248.589,2.78893,167.758
0.0058249,2.3,2.39239,249.012,2.79407,177.507
0.0058249,2.5,2.33917,249.554,2.80016,181.941
0.0058249,2.7,2.32535,250.038,2.80568,183.383
0.0058249,2.9,2.31304,247.898,2.78413,182.942
0.0058249,3.1,2.18172,222.405,2.51986,175.544
0.0058249,3.3,1.73475,126.315,1.68621,147.735
0.0058249,3.5,1.37805,22.9783,1.10583,121.964
0.0058249,3.7,1.30575,1.60409,1.0074,117.26
0.0058249,3.9,1.30025,0.070196,1.00032,116.929
0.0058249,4.1,1.30001,0.00149064,1.00001,116.914
0.0058249,4.3,1.3,0,1,116.913
0.0058249,4.5,1.3,0,1,116.913
0.0058249,4.7,1.3,0,1,116.913
0.0058249,4.9,1.3,0,1,116.913
0.0058249,5.1,1.3,0,1,116.913
0.0058249,5.3,1.3,0,1,116.913
0.0058249,5.5,1.3,0,1,116.913
0.0058249,5.7,1.3,0,1,116.913
0.0058249,5.9,1.3,0,1,116.913
0.0058249,6.1,1.3,0,1,116.913
0.0058249,6.3,1.3,0,1,116.913
0.0058249,6.5,1.3,0,1,116.913
0.0058249,6.7,1.3,0,1,116.913
0.0058249,6.9,1.3,0,1,116.913
0.0058249,7.1,1.3,0,1,116.913
0.0058249,7.3,1.3,0,1,116.913
0.0058249,7.5,1.3,0,1,116.913
0.0058249,7.7,1.3,0,1,116.913
0.0058249,7.9,1.3,0,1,116.913
0.0058249,8.1,1.3,0,1,116.913
0.0058249,8.3,1.3,0,1,116.913
0.0058249,8.5,1.3,0,1,116.913
0.0058249,8.7,1.3,0,1,116.913
0.0058249,8.9,1.3,0,1,116.913
0.0058249,9.1,1.3,0,1,116.913
0.0058249,9.3,1.3,0,1,116.913
0.0058249,9.5,1.3,0,1,116.913
0.0058249,9.7,1.3,0,1,116.913
0.0058249,9.9,1.3,0,1,116.913
0.00608151,-9.9,13,0,10,116.913
0.00608151,-9.7,13,0,10,116.913
0.00608151,-9.5,13,0,10,116.913
0.00608151,-9.3,13,0,10,116.913
0.00608151,-9.1,13,0,10,116.913
0.00608151,-8.9,13,0,10,116.913
0.00608151,-8.7,13,0,10,116.913
0.00608151,-8.5,13,0,10,116.913
0.00608151,-8.3,13,0,10,116.913
0.00608151,-8.1,13,0,10,116.913
0.00608151,-7.9,13,0,10,116.913
0.00608151,-7.7,13,0,10,116.913
0.00608151,-7.5,13,0,10,116.913
0.00608151,-7.3,13,0,10,116.913
0.00608151,-7.1,13,0,10,116.913
0.00608151,-6.9,13,0,10,116.913
0.00608151,-6.7,13,0,10,116.913
0.00608151,-6.5,13,0,10,116.913
0.00608151,-6.3,13,0,10,116.913
0.00608151,-6.1,13,0,10,116.913
0.00608151,-5.9,13,0,10,116.913
0.00608151,-5.7,13,0,10,116.913
0.00608151,-5.5,13,0,10,116.913
0.00608151,-5.3,13,0,10,116.913
0.00608151,-5.1,13,0,10,116.913
0.00608151,-4.9,13,0,10,116.913
0.00608151,-4.7,13,0,10,116.913
0.00608151,-4.5,13,0,10,116.913
0.00608151,-4.3,13,1.19575e-05,10,116.913
0.00608151,-4.1,13,0.000281987,9.99999,116.913
0.00608151,-3.9,12.9999,0.00317353,9.99985,116.913
0.00608151,-3.7,12.9992,0.0226829,9.99895,116.909
0.00608151,-3.5,12.9958,0.115648,9.99465,116.888
0.00608151,-3.3,12.9838,0.448315,9.9793,116.817
0.00608151,-3.1,12.9504,1.37849,9.9365,116.616
0.00608151,-2.9,12.8751,3.47521,9.8407,116.167
0.00608151,-2.7,12.7349,7.39938,9.66361,115.333
0.00608151,-2.5,12.512,13.6852,9.38549,114.009
0.00608151,-2.3,12.2003,22.5705,9.00336,112.161
0.00608151,-2.1,11.8064,33.977,8.53097,109.822
0.00608151,-1.9,11.345,47.6089,7.99234,107.072
0.00608151,-1.7,10.8344,63.0776,7.41416,104.008
0.00608151,-1.5,10.2921,79.9921,6.82059,100.723
0.00608151,-1.3,9.73338,98.0022,6.23101,97.2978
0.00608151,-1.1,9.17074,116.806,5.65986,93.8013
0.00608151,-0.9,8.61427,136.138,5.11743,90.2904
0.00608151,-0.7,8.07244,155.743,4.61108,86.8173
0.00608151,-0.5,7.55309,175.337,4.14643,83.4368
0.00608151,-0.3,7.06472,194.537,3.72885,80.2209
0.00608151,-0.1,6.6196,212.732,3.36562,77.2753
0.00608151,0.1,6.23802,228.811,3.06968,74.7919
0.00608151,0.3,5.95203,240.746,2.86514,73.1625
0.00608151,0.5,5.78518,246.207,2.77717,72.9614
0.00608151,0.7,5.65229,247.328,2.7619,74.2663
0.00608151,0.9,5.43243,247.507,2.76248,77.288
0.00608151,1.1,5.06754,247.532,2.76612,82.9624
0.00608151,1.3,4.55629,247.575,2.77007,92.4033
0.00608151,1.5,3.96217,247.66,2.774,106.41
0.00608151,1.7,3.38753,247.796,2.77783,124.632
0.00608151,1.9,2.92315,247.992,2.78161,144.628
0.00608151,2.1,2.60956,248.256,2.78553,162.236
0.00608151,2.3,2.43393,248.6,2.78988,174.215
0.00608151,2.5,2.35455,249.041,2.79498,180.418
0.00608151,2.7,2.32834,249.573,2.80103,182.844
0.00608151,2.9,2.32312,249.836,2.80336,183.407
0.00608151,3.1,2.29903,244.601,2.75297,181.998
0.00608151,3.3,2.08707,204.323,2.33419,169.984
0.00608151,3.5,1.60514,91.1556,1.46256,138.487
0.00608151,3.7,1.34226,12.1699,1.05587,119.559
0.00608151,3.9,1.30281,0.782455,1.00361,117.083
0.00608151,4.1,1.30012,0.0332689,1.00015,116.921
0.00608151,4.3,1.3,0.000689353,1,116.914
0.00608151,4.5,1.3,0,1,116.913
0.00608151,4.7,1.3,0,1,116.913
0.00608151,4.9,1.3,0,1,116.913
0.00608151,5.1,1.3,0,1,116.913
0.00608151,5.3,1.3,0,1,116.913
0.00608151,5.5,1.3,0,1,116.913
0.00608151,5.7,1.3,0,1,116.913
0.00608151,5.9,1.3,0,1,116.913
0.00608151,6.1,1.3,0,1,116.913
0.00608151,6.3,1.3,0,1,116.913
0.00608151,6.5,1.3,0,1,116.913
0.00608151,6.7,1.3,0,1,116.913
0.00608151,6.9,1.3,0,1,116.913
0.00608151,7.1,1.3,0,1,116.913
0.00608151,7.3,1.3,0,1,116.913
0.00608151,7.5,1.3,0,1,116.913
0.00608151,7.7,1.3,0,1,116.913
0.00608151,7.9,1.3,0,1,116.913
0.00608151,8.1,1.3,0,1,116.913
0.00608151,8.3,1.3,0,1,116.913
0.00608151,8.5,1.3,0,1,116.913
0.00608151,8.7,1.3,0,1,116.913
0.00608151,8.9,1.3,0,1,116.913
0.00608151,9.1,1.3,0,1,116.913
0.00608151,9.3,1.3,0,1,116.913
0.00608151,9.5,1.3,0,1,116.913
0.00608151,9.7,1.3,0,1,116.913
0.00608151,9.9,1.3,0,1,116.913
0.00633819,-9.9,13,0,10,116.913
0.00633819,-9.7,13,0,10,116.913
0.00633819,-9.5,13,0,10,116.913
0.00633819,-9.3,13,0,10,116.913
0.00633819,-9.1,13,0,10,116.913
0.00633819,-8.9,13,0,10,116.913
0.00633819,-8.7,13,0,10,116.913
0.00633819,-8.5,13,0,10,116.913
0.00633819,-8.3,13,0,10,116.913
0.00633819,-8.1,13,0,10,116.913
0.00633819,-7.9,13,0,10,116.913
0.00633819,-7.7,13,0,10,116.913
0.00633819,-7.5,13,0,10,116.913
0.00633819,-7.3,13,0,10,116.913
0.00633819,-7.1,13,0,10,116.913
0.00633819,-6.9,13,0,10,116.913
0.00633819,-6.7,13,0,10,116.913
0.00633819,-6.5,13,0,10,116.913
0.00633819,-6.3,13,0,10,116.913
0.00633819,-6.1,13,0,10,116.913
0.00633819,-5.9,13,0,10,116.913
0.00633819,-5.7,13,0,10,116.913
0.00633819,-5.5,13,0,10,116.913
0.00633819,-5.3,13,0,10,116.913
0.00633819,-5.1,13,0,10,116.913
0.00633819,-4.9,13,0,10,116.913
0.00633819,-4.7,13,0,10,116.913
0.00633819,-4.5,13,5.53113e-06,10,116.913
0.00633819,-4.3,13,0.000136864,9.99999,116.913
0.00633819,-4.1,12.9999,0.0016195,9.99993,116.913
0.00633819,-3.9,12.9996,0.0121971,9.99944,116.911
0.00633819,-3.7,12.9976,0.0656666,9.99696,116.899
0.00633819,-3.5,12.9903,0.269276,9.98756,116.855
0.00633819,-3.3,12.9684,0.876448,9.95957,116.724
0.00633819,-3.1,12.9159,2.33638,9.89261,116.411
0.00633819,-2.9,12.8118,5.24294,9.76054,115.79
0.00633819,-2.7,12.6365,10.1666,9.54026,114.747
0.00633819,-2.5,12.3788,17.4674,9.22109,113.217
0.00633819,-2.3,12.0392,27.2115,8.80841,111.201
0.00633819,-2.1,11.628,39.2156,8.32024,108.753
0.00633819,-1.9,11.1607,53.1554,7.78049,105.956
0.00633819,-1.7,10.654,68.666,7.21302,102.899
0.00633819,-1.5,10.1233,85.4023,6.63826,99.6648
0.00633819,-1.3,9.5814,103.063,6.07217,96.3213
0.00633819,-1.1,9.03889,121.39,5.52645,92.9265
0.00633819,-0.9,8.50424,140.15,5.0095,89.5295
0.00633819,-0.7,7.98479,159.118,4.52733,86.1761
0.00633819,-0.5,7.48749,178.03,4.08476,82.916
0.00633819,-0.3,7.02019,196.528,3.68664,79.8161
0.00633819,-0.1,6.59443,214.025,3.3399,76.9776
0.00633819,0.1,6.22968,229.458,3.05706,74.5842
0.00633819,0.3,5.9572,240.903,2.86116,72.9974
0.00633819,0.5,5.80137,246.187,2.77585,72.7231
0.00633819,0.7,5.68713,247.267,2.76088,73.7841
0.00633819,0.9,5.50118,247.424,2.76141,76.2927
0.00633819,1.1,5.18331,247.43,2.76485,81.0721
0.00633819,1.3,4.71845,247.451,2.76857,89.1794
0.00633819,1.5,4.15049,247.508,2.77225,101.517
0.00633819,1.7,3.56955,247.611,2.77579,118.19
0.00633819,1.9,3.07007,247.767,2.77922,137.589
0.00633819,2.1,2.70846,247.981,2.78268,156.153
0.00633819,2.3,2.4888,248.26,2.78642,170.163
0.00633819,2.5,2.37854,248.618,2.79072,178.325
0.00633819,2.7,2.33506,249.076,2.79579,181.976
0.00633819,2.9,2.32428,249.567,2.80158,183.199
0.00633819,3.1,2.32111,249.324,2.7979,183.208
0.00633819,3.3,2.27167,238.855,2.69528,180.33
0.00633819,3.5,1.96613,179.729,2.10405,162.649
0.00633819,3.7,1.49873,59.866,1.28822,130.639
0.00633819,3.9,1.322,6.2321,1.02866,118.263
0.00633819,4.1,1.30137,0.380501,1.00176,116.996
0.00633819,4.3,1.30006,0.0157607,1.00007,116.917
0.00633819,4.5,1.3,0.000318872,1,116.914
0.00633819,4.7,1.3,0,1,116.913
0.00633819,4.9,1.3,0,1,116.913
0.00633819,5.1,1.3,0,1,116.913
0.00633819,5.3,1.3,0,1,116.913
0.00633819,5.5,1.3,0,1,116.913
0.00633819,5.7,1.3,0,1,116.913
0.00633819,5.9,1.3,0,1,116.913
0.00633819,6.1,1.3,0,1,116.913
0.00633819,6.3,1.3,0,1,116.913
0.00633819,6.5,1.3,0,1,116.913
0.00633819,6.7,1.3,0,1,116.913
0.00633819,6.9,1.3,0,1,116.913
0.00633819,7.1,1.3,0,1,116.913
0.00633819,7.3,1.3,0,1,116.913
0.00633819,7.5,1.3,0,1,116.913
0.00633819,7.7,1.3,0,1,116.913
0.00633819,7.9,1.3,0,1,116.913
0.00633819,8.1,1.3,0,1,116.913
0.00633819,8.3,1.3,0,1,116.913
0.00633819,8.5,1.3,0,1,116.913
0.00633819,8.7,1.3,0,1,116.913
0.00633819,8.9,1.3,0,1,116.913
0.00633819,9.1,1.3,0,1,116.913
0.00633819,9.3,1.3,0,1,116.913
0.00633819,9.5,1.3,0,1,116.913
0.00633819,9.7,1.3,0,1,116.913
0.00633819,9.9,1.3,0,1,116.913
0.00659507,-9.9,13,0,10,116.913
0.00659507,-9.7,13,0,10,116.913
0.00659507,-9.5,13,0,10,116.913
0.00659507,-9.3,13,0,10,116.913
0.00659507,-9.1,13,0,10,116.913
0.00659507,-8.9,13,0,10,116.913
0.00659507,-8.7,13,0,10,116.913
0.00659507,-8.5,13,0,10,116.913
0.00659507,-8.3,13,0,10,116.913
0.00659507,-8.1,13,0,10,116.913
0.00659507,-7.9,13,0,10,116.913
0.00659507,-7.7,13,0,10,116.913
0.00659507,-7.5,13,0,10,116.913
0.00659507,-7.3,13,0,10,116.913
0.00659507,-7.1,13,0,10,116.913
0.00659507,-6.9,13,0,10,116.913
0.00659507,-6.7,13,0,10,116.913
0.00659507,-6.5,13,0,10,116.913
0.00659507,-6.3,13,0,10,116.913
0.00659507,-6.1,13,0,10,116.913
0.00659507,-5.9,13,0,10,116.913
0.00659507,-5.7,13,0,10,116.913
0.00659507,-5.5,13,0,10,116.913
0.00659507,-5.3,13,0,10,116.913
0.00659507,-5.1,13,0,10,116.913
0.00659507,-4.9,13,0,10,116.913
0.00659507,-4.7,13,2.56043e-06,10,116.913
0.00659507,-4.5,13,6.63266e-05,10,116.913
0.00659507,-4.3,13,0.000823188,9.99996,116.913
0.00659507,-4.1,12.9998,0.00651576,9.9997,116.912
0.00659507,-3.9,12.9987,0.0369426,9.99829,116.905
0.00659507,-3.7,12.9942,0.159826,9.99261,116.879
0.00659507,-3.5,12.9802,0.549453,9.97463,116.795
0.00659507,-3.3,12.9443,1.54664,9.92877,116.58
0.00659507,-3.1,12.8686,3.65688,9.83239,116.128
0.00659507,-2.9,12.7334,7.44033,9.66166,115.323
0.00659507,-2.7,12.5242,13.3377,9.40043,114.079
0.00659507,-2.5,12.2361,21.5434,9.04641,112.368
0.00659507,-2.3,11.8745,31.9943,8.61093,110.216
0.00659507,-2.1,11.4515,44.4464,8.11389,107.69
0.00659507,-1.9,10.9825,58.5744,7.57779,104.87
0.00659507,-1.7,10.4823,74.0457,7.02348,101.837
0.00659507,-1.5,9.96422,90.5592,6.46811,98.6602
0.00659507,-1.3,9.43914,107.855,5.92476,95.3995
0.00659507,-1.1,8.91593,125.711,5.403,92.1035
0.00659507,-0.9,8.40183,143.923,4.90967,88.815
0.00659507,-0.7,7.90321,162.287,4.4498,85.5746
0.00659507,-0.5,7.42633,180.559,4.02753,82.4276
0.00659507,-0.3,6.97851,198.399,3.64733,79.4365
0.00659507,-0.1,6.5707,215.245,3.31582,76.6985
0.00659507,0.1,6.22157,230.074,3.04513,74.3898
0.00659507,0.3,5.96151,241.059,2.85731,72.8466
0.00659507,0.5,5.8152,246.171,2.77463,72.5183
0.00659507,0.7,5.71631,247.214,2.75998,73.3834
0.00659507,0.9,5.55933,247.35,2.76049,75.4694
0.00659507,1.1,5.28431,247.341,2.76375,79.491
0.00659507,1.3,4.86605,247.344,2.76728,86.4339
0.00659507,1.5,4.33067,247.379,2.77074,97.2407
0.00659507,1.7,3.75373,247.454,2.77404,112.32
0.00659507,1.9,3.22827,247.577,2.77717,130.75
0.00659507,2.1,2.82276,247.75,2.78028,149.7
0.00659507,2.3,2.55785,247.978,2.78354,165.398
0.00659507,2.5,2.41259,248.271,2.78718,175.586
0.00659507,2.7,2.3476,248.642,2.79148,180.725
0.00659507,2.9,2.32614,249.109,2.79654,182.723
0.00659507,3.1,2.3233,249.52,2.80144,183.267
0.00659507,3.3,2.31697,248.197,2.78694,182.817
0.00659507,3.5,2.2238,229.586,2.59798,177.561
0.00659507,3.7,1.82969,149.099,1.85298,153.922
0.00659507,3.9,1.42052,35.9265,1.1676,124.926
0.00659507,4.1,1.31118,3.1353,1.01445,117.592
0.00659507,4.3,1.30067,0.184764,1.00085,116.953
0.00659507,4.5,1.30003,0.00746736,1.00003,116.915
0.00659507,4.7,1.3,0.000147609,1,116.913
0.00659507,4.9,1.3,0,1,116.913
0.00659507,5.1,1.3,0,1,116.913
0.00659507,5.3,1.3,0,1,116.913
0.00659507,5.5,1.3,0,1,116.913
0.00659507,5.7,1.3,0,1,116.913
0.00659507,5.9,1.3,0,1,116.913
0.00659507,6.1,1.3,0,1,116.913
0.00659507,6.3,1.3,0,1,116.913
0.00659507,6.5,1.3,0,1,116.913
0.00659507,6.7,1.3,0,1,116.913
0.00659507,6.9,1.3,0,1,116.913
0.00659507,7.1,1.3,0,1,116.913
0.00659507,7.3,1.3,0,1,116.913
0.00659507,7.5,1.3,0,1,116.913
0.00659507,7.7,1.3,0,1,116.913
0.00659507,7.9,1.3,0,1,116.913
0.00659507,8.1,1.3,0,1,116.913
0.00659507,8.3,1.3,0,1,116.913
0.00659507,8.5,1.3,0,1,116.913
0.00659507,8.7,1.3,0,1,116.913
0.00659507,8.9,1.3,0,1,116.913
0.00659507,9.1,1.3,0,1,116.913
0.00659507,9.3,1.3,0,1,116.913
0.00659507,9.5,1.3,0,1,116.913
0.00659507,9.7,1.3,0,1,116.913
0.00659507,9.9,1.3,0,1,116.913
0.00685193,-9.9,13,0,10,116.913
0.00685193,-9.7,13,0,10,116.913
0.00685193,-9.5,13,0,10,116.913
0.00685193,-9.3,13,0,10,116.913
0.00685193,-9.1,13,0,10,116.913
0.00685193,-8.9,13,0,10,116.913
0.00685193,-8.7,13,0,10,116.913
0.00685193,-8.5,13,0,10,116.913
0.00685193,-8.3,13,0,10,116.913
0.00685193,-8.1,13,0,10,116.913
0.00685193,-7.9,13,0,10,116.913
0.00685193,-7.7,13,0,10,116.913
0.00685193,-7.5,13,0,10,116.913
0.00685193,-7.3,13,0,10,116.913
0.00685193,-7.1,13,0,10,116.913
0.00685193,-6.9,13,0,10,116.913
0.00685193,-6.7,13,0,10,116.913
0.00685193,-6.5,13,0,10,116.913
0.00685193,-6.3,13,0,10,116.913
0.00685193,-6.1,13,0,10,116.913
0.00685193,-5.9,13,0,10,116.913
0.00685193,-5.7,13,0,10,116.913
0.00685193,-5.5,13,0,10,116.913
0.00685193,-5.3,13,0,10,116.913
0.00685193,-5.1,13,0,10,116.913
0.00685193,-4.9,13,1.18519e-06,10,116.913
0.00685193,-4.7,13,3.2077e-05,10,116.913
0.00685193,-4.5,13,0.000416667,9.99998,116.913
0.00685193,-4.3,12.9999,0.00345814,9.99984,116.913
0.00685193,-4.1,12.9993,0.020598,9.99905,116.909
0.00685193,-3.9,12.9966,0.0937902,9.99566,116.893
0.00685193,-3.7,12.9877,0.33982,9.9843,116.84
0.00685193,-3.5,12.9637,1.00848,9.95349,116.696
0.00685193,-3.3,12.9097,2.51077,9.88462,116.373
0.00685193,-3.1,12.8075,5.36213,9.75509,115.764
0.00685193,-2.9,12.6409,10.0415,9.54564,114.772
0.00685193,-2.7,12.4005,16.8463,9.24758,113.343
0.00685193,-2.5,12.087,25.8315,8.86542,111.478
0.00685193,-2.3,11.7087,36.8459,8.41414,109.221
0.00685193,-2.1,11.2787,49.6182,7.91382,106.643
0.00685193,-1.9,10.8112,63.8382,7.38491,103.82
0.00685193,-1.7,10.3193,79.2086,6.84533,100.821
0.00685193,-1.5,9.81452,95.4678,6.30939,97.7072
0.00685193,-1.3,9.30595,112.392,5.78787,94.5292
0.00685193,-1.1,8.80115,129.787,5.28859,91.3289
0.00685193,-0.9,8.30635,147.474,4.81718,88.1436
0.00685193,-0.7,7.82715,165.266,4.37788,85.0097
0.00685193,-0.5,7.36923,182.936,3.97432,81.9689
0.00685193,-0.3,6.93946,200.16,3.61065,79.0801
0.00685193,-0.1,6.54829,216.396,3.29323,76.4367
0.00685193,0.1,6.2137,230.66,3.03384,74.2078
0.00685193,0.3,5.9651,241.214,2.8536,72.7082
0.00685193,0.5,5.82712,246.159,2.7735,72.3406
0.00685193,0.7,5.74084,247.167,2.75917,73.0485
0.00685193,0.9,5.60838,247.285,2.75967,74.7873
0.00685193,1.1,5.37176,247.263,2.76279,78.1698
0.00685193,1.3,4.9989,247.251,2.76615,84.1027
0.00685193,1.5,4.50053,247.267,2.76943,93.5265
0.00685193,1.7,3.93663,247.321,2.77252,107.043
0.00685193,1.9,3.39472,247.416,2.77543,124.261
0.00685193,2.1,2.95105,247.556,2.77824,143.087
0.00685193,2.3,2.64138,247.742,2.78113,160.029
0.00685193,2.5,2.45793,247.983,2.78426,172.166
0.00685193,2.7,2.36719,248.288,2.78787,178.998
0.00685193,2.9,2.33162,248.671,2.79218,182.009
0.00685193,3.1,2.32289,249.132,2.79722,183.023
0.00685193,3.3,2.32317,249.387,2.79996,183.18
0.00685193,3.5,2.30779,245.948,2.76575,182.148
0.00685193,3.7,2.14915,215.527,2.45028,173.283
0.00685193,3.9,1.69281,114.759,1.61066,144.612
0.00685193,4.1,1.36856,20.0284,1.09224,121.301
0.00685193,4.3,1.3056,1.5619,1.00721,117.251
0.00685193,4.5,1.30032,0.0895739,1.00041,116.933
0.00685193,4.7,1.30001,0.00353589,1.00002,116.914
0.00685193,4.9,1.3,6.83266e-05,1,116.913
0.00685193,5.1,1.3,0,1,116.913
0.00685193,5.3,1.3,0,1,116.913
0.00685193,5.5,1.3,0,1,116.913
0.00685193,5.7,1.3,0,1,116.913
0.00685193,5.9,1.3,0,1,116.913
0.00685193,6.1,1.3,0,1,116.913
0.00685193,6.3,1.3,0,1,116.913
0.00685193,6.5,1.3,0,1,116.913
0.00685193,6.7,1.3,0,1,116.913
0.00685193,6.9,1.3,0,1,116.913
0.00685193,7.1,1.3,0,1,116.913
0.00685193,7.3,1.3,0,1,116.913
0.00685193,7.5,1.3,0,1,116.913
0.00685193,7.7,1.3,0,1,116.913
0.00685193,7.9,1.3,0,1,116.913
0.00685193,8.1,1.3,0,1,116.913
0.00685193,8.3,1.3,0,1,116.913
0.00685193,8.5,1.3,0,1,116.913
0.00685193,8.7,1.3,0,1,116.913
0.00685193,8.9,1.3,0,1,116.913
0.00685193,9.1,1.3,0,1,116.913
0.00685193,9.3,1.3,0,1,116.913
0.00685193,9.5,1.3,0,1,116.913
0.00685193,9.7,1.3,0,1,116.913
0.00685193,9.9,1.3,0,1,116.913
0.00710887,-9.9,13,0,10,116.913
0.00710887,-9.7,13,0,10,116.913
0.00710887,-9.5,13,0,10,116.913
0.00710887,-9.3,13,0,10,116.913
0.00710887,-9.1,13,0,10,116.913
0.00710887,-8.9,13,0,10,116.913
0.00710887,-8.7,13,0,10,116.913
0.00710887,-8.5,13,0,10,116.913
0.00710887,-8.3,13,0,10,116.913
0.00710887,-8.1,13,0,10,116.913
0.00710887,-7.9,13,0,10,116.913
0.00710887,-7.7,13,0,10,116.913
0.00710887,-7.5,13,0,10,116.913
0.00710887,-7.3,13,0,10,116.913
0.00710887,-7.1,13,0,10,116.913
0.00710887,-6.9,13,0,10,116.913
0.00710887,-6.7,13,0,10,116.913
0.00710887,-6.5,13,0,10,116.913
0.00710887,-6.3,13,0,10,116.913
0.00710887,-6.1,13,0,10,116.913
0.00710887,-5.9,13,0,10,116.913
0.00710887,-5.7,13,0,10,116.913
0.00710887,-5.5,13,0,10,116.913
0.00710887,-5.3,13,0,10,116.913
0.00710887,-5.1,13,5.48797e-07,10,116.913
0.00710887,-4.9,13,1.54895e-05,10,116.913
0.00710887,-4.7,13,0.00021016,9.99999,116.913
0.00710887,-4.5,12.9999,0.00182499,9.99992,116.913
0.00710887,-4.3,12.9996,0.0113941,9.99947,116.911
0.00710887,-4.1,12.998,0.0544775,9.99748,116.902
0.00710887,-3.9,12.9925,0.207572,9.99041,116.869
0.00710887,-3.7,12.9766,0.648319,9.97008,116.773
0.00710887,-3.5,12.9389,1.69789,9.92183,116.548
0.00710887,-3.3,12.8632,3.80602,9.82558,116.096
0.00710887,-3.1,12.7329,7.45197,9.66103,115.319
0.00710887,-2.9,12.5359,13.0046,9.41481,114.147
0.00710887,-2.7,12.2681,20.6256,9.0851,112.554
0.00710887,-2.5,11.934,30.263,8.68135,110.562
0.00710887,-2.3,11.5439,41.7128,8.22027,108.228
0.00710887,-2.1,11.1106,54.6988,7.72107,105.62
0.00710887,-1.9,10.6471,68.9346,7.20188,102.807
0.00710887,-1.7,10.1648,84.1578,6.67795,99.8506
0.00710887,-1.5,9.67353,100.141,6.16119,96.8027
0.00710887,-1.3,9.18104,116.692,5.66049,93.7065
0.00710887,-1.1,8.69376,133.639,5.18228,90.5985
0.00710887,-0.9,8.21712,150.823,4.73125,87.5113
0.00710887,-0.7,7.75605,168.073,4.31098,84.4779
0.00710887,-0.5,7.31576,185.176,3.92471,81.5372
0.00710887,-0.3,6.90278,201.82,3.57633,78.7447
0.00710887,-0.1,6.5271,217.484,3.27199,76.1903
0.00710887,0.1,6.20606,231.219,3.02313,74.0369
0.00710887,0.3,5.96808,241.368,2.85002,72.5806
0.00710887,0.5,5.83747,246.15,2.77245,72.185
0.00710887,0.7,5.76158,247.124,2.75845,72.7665
0.00710887,0.9,5.64976,247.226,2.75896,74.2202
0.00710887,1.1,5.4471,247.194,2.76195,77.0652
0.00710887,1.3,5.11743,247.169,2.76517,82.1255
0.00710887,1.5,4.65872,247.17,2.76829,90.3134
0.00710887,1.7,4.11547,247.206,2.77121,102.343
0.00710887,1.9,3.56647,247.279,2.77392,118.213
0.00710887,2.1,3.09153,247.391,2.7765,136.5
0.00710887,2.3,2.73922,247.544,2.77908,154.199
0.00710887,2.5,2.51555,247.742,2.78181,168.075
0.00710887,2.7,2.39517,247.993,2.78489,176.718
0.00710887,2.9,2.34182,248.309,2.78851,180.979
0.00710887,3.1,2.32429,248.704,2.79283,182.626
0.00710887,3.3,2.3224,249.136,2.79772,183.095
0.00710887,3.5,2.32245,249.061,2.7962,182.991
0.00710887,3.7,2.2892,241.87,2.7261,180.995
0.00710887,3.9,2.04613,195.556,2.25163,167.253
0.00710887,4.1,1.57069,80.8992,1.40394,135.852
0.00710887,4.3,1.33709,10.6241,1.04883,119.221
0.00710887,4.5,1.30278,0.774107,1.00358,117.081
0.00710887,4.7,1.30016,0.0433843,1.0002,116.923
0.00710887,4.9,1.30001,0.00167398,1.00001,116.914
0.00710887,5.1,1.3,3.16384e-05,1,116.913
0.00710887,5.3,1.3,0,1,116.913
0.00710887,5.5,1.3,0,1,116.913
0.00710887,5.7,1.3,0,1,116.913
0.00710887,5.9,1.3,0,1,116.913
0.00710887,6.1,1.3,0,1,116.913
0.00710887,6.3,1.3,0,1,116.913
0.00710887,6.5,1.3,0,1,116.913
0.00710887,6.7,1.3,0,1,116.913
0.00710887,6.9,1.3,0,1,116.913
0.00710887,7.1,1.3,0,1,116.913
0.00710887,7.3,1.3,0,1,116.913
0.00710887,7.5,1.3,0,1,116.913
0.00710887,7.7,1.3,0,1,116.913
0.00710887,7.9,1.3,0,1,116.913
0.00710887,8.1,1.3,0,1,116.913
0.00710887,8.3,1.3,0,1,116.913
0.00710887,8.5,1.3,0,1,116.913
0.00710887,8.7,1.3,0,1,116.913
0.00710887,8.9,1.3,0,1,116.913
0.00710887,9.1,1.3,0,1,116.913
0.00710887,9.3,1.3,0,1,116.913
0.00710887,9.5,1.3,0,1,116.913
0.00710887,9.7,1.3,0,1,116.913
0.00710887,9.9,1.3,0,1,116.913
0.00736595,-9.9,13,0,10,116.913
0.00736595,-9.7,13,0,10,116.913
0.00736595,-9.5,13,0,10,116.913
0.00736595,-9.3,13,0,10,116.913
0.00736595,-9.1,13,0,10,116.913
0.00736595,-8.9,13,0,10,116.913
0.00736595,-8.7,13,0,10,116.913
0.00736595,-8.5,13,0,10,116.913
0.00736595,-8.3,13,0,10,116.913
0.00736595,-8.1,13,0,10,116.913
0.00736595,-7.9,13,0,10,116.913
0.00736595,-7.7,13,0,10,116.913
0.00736595,-7.5,13,0,10,116.913
0.00736595,-7.3,13,0,10,116.913
0.00736595,-7.1,13,0,10,116.913
0.00736595,-6.9,13,0,10,116.913
0.00736595,-6.7,13,0,10,116.913
0.00736595,-6.5,13,0,10,116.913
0.00736595,-6.3,13,0,10,116.913
0.00736595,-6.1,13,0,10,116.913
0.00736595,-5.9,13,0,10,116.913
0.00736595,-5.7,13,0,10,116.913
0.00736595,-5.5,13,0,10,116.913
0.00736595,-5.3,13,2.54248e-07,10,116.913
0.00736595,-5.1,13,7.47056e-06,10,116.913
0.00736595,-4.9,13,0.000105677,10,116.913
0.00736595,-4.7,13,0.000958277,9.99996,116.913
0.00736595,-4.5,12.9998,0.00625798,9.99971,116.912
0.00736595,-4.3,12.9989,0.0313498,9.99855,116.907
0.00736595,-4.1,12.9955,0.12535,9.99421,116.886
0.00736595,-3.9,12.9852,0.411285,9.981,116.825
0.00736595,-3.7,12.9592,1.13162,9.94783,116.669
0.00736595,-3.5,12.9043,2.66137,9.87773,116.341
0.00736595,-3.3,12.8044,5.4506,9.75104,115.745
0.00736595,-3.1,12.6456,9.90604,9.55151,114.799
0.00736595,-2.9,12.4205,16.2771,9.27196,113.459
0.00736595,-2.7,12.1294,24.61,8.91622,111.725
0.00736595,-2.5,11.7794,34.7783,8.49686,109.634
0.00736595,-2.3,11.3815,46.5521,8.03099,107.245
0.00736595,-2.1,10.9479,59.6645,7.53628,104.624
0.00736595,-1.9,10.4902,73.8566,7.02856,101.833
0.00736595,-1.7,10.0184,88.898,6.52071,98.9246
0.00736595,-1.5,9.54066,104.592,6.02265,95.9439
0.00736595,-1.3,9.06373,120.77,5.54173,92.928
0.00736595,-1.1,8.59311,137.284,5.08328,89.9086
0.00736595,-0.9,8.13353,153.987,4.6512,86.9148
0.00736595,-0.7,7.68942,170.724,4.24858,83.9765
0.00736595,-0.5,7.26559,187.291,3.87833,81.1301
0.00736595,-0.3,6.86824,203.39,3.54414,78.4284
0.00736595,-0.1,6.507,218.515,3.25198,75.9582
0.00736595,0.1,6.19863,231.753,3.01296,73.8763
0.00736595,0.3,5.97056,241.519,2.84656,72.4625
0.00736595,0.5,5.84654,246.144,2.77147,72.0475
0.00736595,0.7,5.77924,247.086,2.7578,72.527
0.00736595,0.9,5.6847,247.174,2.75832,73.7471
0.00736595,1.1,5.51175,247.132,2.76121,76.1408
0.00736595,1.3,5.22235,247.096,2.76431,80.4504
0.00736595,1.5,4.80443,247.086,2.76729,87.5427
0.00736595,1.7,4.28785,247.106,2.77006,98.1878
0.00736595,1.9,3.74055,247.161,2.77261,112.658
0.00736595,2.1,3.24202,247.251,2.775,130.093
0.00736595,2.3,2.85069,247.375,2.77733,148.076
0.00736595,2.5,2.58607,247.539,2.77975,163.371
0.00736595,2.7,2.43272,247.747,2.7824,173.834
0.00736595,2.9,2.35786,248.008,2.78546,179.55
0.00736595,3.1,2.32872,248.333,2.78911,182.036
0.00736595,3.3,2.32164,248.738,2.79342,182.873
0.00736595,3.5,2.32298,249.106,2.7978,183.053
0.00736595,3.7,2.3199,248.333,2.7886,182.694
0.00736595,3.9,2.25502,235.032,2.65621,179.027
0.00736595,4.1,1.92014,169.204,2.01567,159.55
0.00736595,4.3,1.47337,51.9765,1.24779,128.717
0.00736595,4.5,1.31939,5.47531,1.0252,118.099
0.00736595,4.7,1.30138,0.382593,1.00177,116.996
0.00736595,4.9,1.30008,0.0209997,1.0001,116.918
0.00736595,5.1,1.3,0.00079251,1,116.914
0.00736595,5.3,1.3,1.46575e-05,1,116.913
0.00736595,5.5,1.3,0,1,116.913
0.00736595,5.7,1.3,0,1,116.913
0.00736595,5.9,1.3,0,1,116.913
0.00736595,6.1,1.3,0,1,116.913
0.00736595,6.3,1.3,0,1,116.913
0.00736595,6.5,1.3,0,1,116.913
0.00736595,6.7,1.3,0,1,116.913
0.00736595,6.9,1.3,0,1,116.913
0.00736595,7.1,1.3,0,1,116.913
0.00736595,7.3,1.3,0,1,116.913
0.00736595,7.5,1.3,0,1,116.913
0.00736595,7.7,1.3,0,1,116.913
0.00736595,7.9,1.3,0,1,116.913
0.00736595,8.1,1.3,0,1,116.913
0.00736595,8.3,1.3,0,1,116.913
0.00736595,8.5,1.3,0,1,116.913
0.00736595,8.7,1.3,0,1,116.913
0.00736595,8.9,1.3,0,1,116.913
0.00736595,9.1,1.3,0,1,116.913
0.00736595,9.3,1.3,0,1,116.913
0.00736595,9.5,1.3,0,1,116.913
0.00736595,9.7,1.3,0,1,116.913
0.00736595,9.9,1.3,0,1,116.913
0.00762306,-9.9,13,0,10,116.913
0.00762306,-9.7,13,0,10,116.913
0.00762306,-9.5,13,0,10,116.913
0.00762306,-9.3,13,0,10,116.913
0.00762306,-9.1,13,0,10,116.913
0.00762306,-8.9,13,0,10,116.913
0.00762306,-8.7,13,0,10,116.913
0.00762306,-8.5,13,0,10,116.913
0.00762306,-8.3,13,0,10,116.913
0.00762306,-8.1,13,0,10,116.913
0.00762306,-7.9,13,0,10,116.913
0.00762306,-7.7,13,0,10,116.913
0.00762306,-7.5,13,0,10,116.913
0.00762306,-7.3,13,0,10,116.913
0.00762306,-7.1,13,0,10,116.913
0.00762306,-6.9,13,0,10,116.913
0.00762306,-6.7,13,0,10,116.913
0.00762306,-6.5,13,0,10,116.913
0.00762306,-6.3,13,0,10,116.913
0.00762306,-6.1,13,0,10,116.913
0.00762306,-5.9,13,0,10,116.913
0.00762306,-5.7,13,0,10,116.913
0.00762306,-5.5,13,1.17802e-07,10,116.913
0.00762306,-5.3,13,3.59782e-06,10,116.913
0.00762306,-5.1,13,5.29729e-05,10,116.913
0.00762306,-4.9,13,0.000500715,9.99998,116.913
0.00762306,-4.7,12.9999,0.00341376,9.99984,116.913
0.00762306,-4.5,12.9994,0.0178825,9.99917,116.91
0.00762306,-4.3,12.9973,0.0748831,9.99654,116.897
0.00762306,-4.1,12.9907,0.257636,9.9881,116.858
0.00762306,-3.9,12.9732,0.743691,9.96568,116.753
0.00762306,-3.7,12.934,1.8337,9.91559,116.518
0.00762306,-3.5,12.8588,3.92878,9.81997,116.069
0.00762306,-3.3,12.7333,7.4426,9.66137,115.321
0.00762306,-3.1,12.5471,12.6877,9.42856,114.212
0.00762306,-2.9,12.297,19.8004,9.12006,112.722
0.00762306,-2.7,11.9867,28.7374,8.74386,110.87
0.00762306,-2.5,11.6249,39.3258,8.31417,108.702
0.00762306,-2.3,11.2226,51.3288,7.84753,106.279
0.00762306,-2.1,10.7912,64.4968,7.35983,103.659
0.00762306,-1.9,10.3407,78.5989,6.86471,100.898
0.00762306,-1.7,9.87971,93.4337,6.37303,98.0415
0.00762306,-1.5,9.41539,108.83,5.89306,95.1285
0.00762306,-1.3,8.95344,124.642,5.43088,92.1909
0.00762306,-1.1,8.49863,140.735,4.99092,89.2565
0.00762306,-0.9,8.05511,156.98,4.57649,86.3513
0.00762306,-0.7,7.62689,173.229,4.19027,83.503
0.00762306,-0.5,7.21844,189.29,3.83491,80.7457
0.00762306,-0.3,6.83568,204.874,3.51391,78.1298
0.00762306,-0.1,6.48793,219.493,3.2331,75.7393
0.00762306,0.1,6.19142,232.262,3.00329,73.7251
0.00762306,0.3,5.97261,241.668,2.84323,72.3528
0.00762306,0.5,5.85455,246.14,2.77055,71.925
0.00762306,0.7,5.79438,247.051,2.75722,72.3222
0.00762306,0.9,5.71424,247.126,2.75776,73.3509
0.00762306,1.1,5.56702,247.077,2.76056,75.3671
0.00762306,1.3,5.31453,247.032,2.76354,79.0331
0.00762306,1.5,4.93724,247.011,2.76641,85.1607
0.00762306,1.7,4.4518,247.019,2.76905,94.5372
0.00762306,1.9,3.91412,247.059,2.77146,107.617
0.00762306,2.1,3.40003,247.13,2.77369,123.989
0.00762306,2.3,2.9746,247.232,2.77583,141.831
0.00762306,2.5,2.66966,247.367,2.77799,158.155
0.00762306,2.7,2.48086,247.54,2.78031,170.333
0.00762306,2.9,2.38091,247.757,2.78292,177.65
0.00762306,3.1,2.33703,248.027,2.78598,181.185
0.00762306,3.3,2.32272,248.361,2.78968,182.543
0.00762306,3.5,2.32134,248.765,2.79396,182.932
0.00762306,3.7,2.32359,249.017,2.79697,182.951
0.00762306,3.9,2.31382,246.836,2.77412,182.223
0.00762306,4.1,2.19834,224.29,2.54324,175.833
0.00762306,4.3,1.78322,137.424,1.76781,150.674
0.00762306,4.5,1.40364,30.66,1.14247,123.708
0.00762306,4.7,1.30992,2.77768,1.01281,117.514
0.00762306,4.9,1.30068,0.188703,1.00087,116.954
0.00762306,5.1,1.30004,0.0101557,1.00005,116.916
0.00762306,5.3,1.3,0.000375065,1,116.914
0.00762306,5.5,1.3,6.79133e-06,1,116.913
0.00762306,5.7,1.3,0,1,116.913
0.00762306,5.9,1.3,0,1,116.913
0.00762306,6.1,1.3,0,1,116.913
0.00762306,6.3,1.3,0,1,116.913
0.00762306,6.5,1.3,0,1,116.913
0.00762306,6.7,1.3,0,1,116.913
0.00762306,6.9,1.3,0,1,116.913
0.00762306,7.1,1.3,0,1,116.913
0.00762306,7.3,1.3,0,1,116.913
0.00762306,7.5,1.3,0,1,116.913
0.00762306,7.7,1.3,0,1,116.913
0.00762306,7.9,1.3,0,1,116.913
0.00762306,8.1,1.3,0,1,116.913
0.00762306,8.3,1.3,0,1,116.913
0.00762306,8.5,1.3,0,1,116.913
0.00762306,8.7,1.3,0,1,116.913
0.00762306,8.9,1.3,0,1,116.913
0.00762306,9.1,1.3,0,1,116.913
0.00762306,9.3,1.3,0,1,116.913
0.00762306,9.5,1.3,0,1,116.913
0.00762306,9.7,1.3,0,1,116.913
0.00762306,9.9,1.3,0,1,116.913
0.00788024,-9.9,13,0,10,116.913
0.00788024,-9.7,13,0,10,116.913
0.00788024,-9.5,13,0,10,116.913
0.00788024,-9.3,13,0,10,116.913
0.00788024,-9.1,13,0,10,116.913
0.00788024,-8.9,13,0,10,116.913
0.00788024,-8.7,13,0,10,116.913
0.00788024,-8.5,13,0,10,116.913
0.00788024,-8.3,13,0,10,116.913
0.00788024,-8.1,13,0,10,116.913
0.00788024,-7.9,13,0,10,116.913
0.00788024,-7.7,13,0,10,116.913
0.00788024,-7.5,13,0,10,116.913
0.00788024,-7.3,13,0,10,116.913
0.00788024,-7.1,13,0,10,116.913
0.00788024,-6.9,13,0,10,116.913
0.00788024,-6.7,13,0,10,116.913
0.00788024,-6.5,13,0,10,116.913
0.00788024,-6.3,13,0,10,116.913
0.00788024,-6.1,13,0,10,116.913
0.00788024,-5.9,13,0,10,116.913
0.00788024,-5.7,13,5.45986e-08,10,116.913
0.00788024,-5.5,13,1.73071e-06,10,116.913
0.00788024,-5.3,13,2.6482e-05,10,116.913
0.00788024,-5.1,13,0.000260491,9.99999,116.913
0.00788024,-4.9,12.9999,0.00185083,9.99991,116.913
0.00788024,-4.7,12.9996,0.0101193,9.99953,116.911
0.00788024,-4.5,12.9984,0.0442937,9.99795,116.904
0.00788024,-4.3,12.9942,0.159506,9.99263,116.879
0.00788024,-4.1,12.9826,0.48231,9.97773,116.809
0.00788024,-3.9,12.9551,1.24559,9.94258,116.645
0.00788024,-3.7,12.8996,2.7912,9.87178,116.313
0.00788024,-3.5,12.8021,5.51445,9.74811,115.731
0.00788024,-3.3,12.6507,9.7643,9.5577,114.828
0.00788024,-3.1,12.439,15.7525,9.29452,113.567
0.00788024,-2.9,12.1673,23.5186,8.96186,111.946
0.00788024,-2.7,11.8418,32.9556,8.5704,109.999
0.00788024,-2.5,11.4719,43.8664,8.13484,107.776
0.00788024,-2.3,11.068,56.0192,7.67062,105.334
0.00788024,-2.1,10.6405,69.1861,7.19176,102.726
0.00788024,-1.9,10.1981,83.1627,6.70992,100.001
0.00788024,-1.7,9.74832,97.7732,6.23426,97.1993
0.00788024,-1.5,9.29717,112.869,5.77166,94.3535
0.00788024,-1.3,8.84961,128.32,5.3272,91.492
0.00788024,-1.1,8.40979,144.008,4.90458,88.639
0.00788024,-0.9,7.98139,159.814,4.50661,85.8183
0.00788024,-0.7,7.56807,175.6,4.13565,83.0551
0.00788024,-0.5,7.17402,191.182,3.79414,80.3821
0.00788024,-0.3,6.80491,206.281,3.48545,77.8474
0.00788024,-0.1,6.46981,220.422,3.21526,75.5323
0.00788024,0.1,6.18442,232.75,2.9941,73.5826
0.00788024,0.3,5.97428,241.814,2.84001,72.2507
0.00788024,0.5,5.86166,246.138,2.76967,71.8151
0.00788024,0.7,5.80745,247.02,2.75669,72.1456
0.00788024,0.9,5.73929,247.083,2.75726,73.0175
0.00788024,1.1,5.61418,247.027,2.75998,74.7183
0.00788024,1.3,5.39506,246.974,2.76286,77.8343
0.00788024,1.5,5.05722,246.944,2.76562,83.1168
0.00788024,1.7,4.60593,246.942,2.76815,91.3441
0.00788024,1.9,4.08469,246.97,2.77044,103.086
0.00788024,2.1,3.56302,247.025,2.77255,118.268
0.00788024,2.3,3.10939,247.109,2.77453,135.619
0.00788024,2.5,2.76613,247.221,2.77648,152.556
0.00788024,2.7,2.54036,247.365,2.77853,166.237
0.00788024,2.9,2.41206,247.546,2.78079,175.222
0.00788024,3.1,2.35019,247.77,2.78339,180.002
0.00788024,3.3,2.32628,248.049,2.78649,182.055
0.00788024,3.5,2.32059,248.392,2.79022,182.745
0.00788024,3.7,2.32208,248.777,2.79441,182.903
0.00788024,3.9,2.32348,248.809,2.7945,182.799
0.00788024,4.1,2.30128,244.009,2.74708,181.431
0.00788024,4.3,2.11432,208.428,2.37946,171.047
0.00788024,4.5,1.65091,103.18,1.53754,141.55
0.00788024,4.7,1.35839,16.9334,1.07796,120.611
0.00788024,4.9,1.30502,1.39757,1.00645,117.216
0.00788024,5.1,1.30034,0.0929486,1.00043,116.934
0.00788024,5.3,1.30002,0.00490829,1.00002,116.915
0.00788024,5.5,1.3,0.000177478,1,116.913
0.00788024,5.7,1.3,3.14763e-06,1,116.913
0.00788024,5.9,1.3,0,1,116.913
0.00788024,6.1,1.3,0,1,116.913
0.00788024,6.3,1.3,0,1,116.913
0.00788024,6.5,1.3,0,1,116.913
0.00788024,6.7,1.3,0,1,116.913
0.00788024,6.9,1.3,0,1,116.913
0.00788024,7.1,1.3,0,1,116.913
0.00788024,7.3,1.3,0,1,116.913
0.00788024,7.5,1.3,0,1,116.913
0.00788024,7.7,1.3,0,1,116.913
0.00788024,7.9,1.3,0,1,116.913
0.00788024,8.1,1.3,0,1,116.913
0.00788024,8.3,1.3,0,1,116.913
0.00788024,8.5,1.3,0,1,116.913
0.00788024,8.7,1.3,0,1,116.913
0.00788024,8.9,1.3,0,1,116.913
0.00788024,9.1,1.3,0,1,116.913
0.00788024,9.3,1.3,0,1,116.913
0.00788024,9.5,1.3,0,1,116.913
0.00788024,9.7,1.3,0,1,116.913
0.00788024,9.9,1.3,0,1,116.913
0.00813754,-9.9,13,0,10,116.913
0.00813754,-9.7,13,0,10,116.913
0.00813754,-9.5,13,0,10,116.913
0.00813754,-9.3,13,0,10,116.913
0.00813754,-9.1,13,0,10,116.913
0.00813754,-8.9,13,0,10,116.913
0.00813754,-8.7,13,0,10,116.913
0.00813754,-8.5,13,0,10,116.913
0.00813754,-8.3,13,0,10,116.913
0.00813754,-8.1,13,0,10,116.913
0.00813754,-7.9,13,0,10,116.913
0.00813754,-7.7,13,0,10,116.913
0.00813754,-7.5,13,0,10,116.913
0.00813754,-7.3,13,0,10,116.913
0.00813754,-7.1,13,0,10,116.913
0.00813754,-6.9,13,0,10,116.913
0.00813754,-6.7,13,0,10,116.913
0.00813754,-6.5,13,0,10,116.913
0.00813754,-6.3,13,0,10,116.913
0.00813754,-6.1,13,0,10,116.913
0.00813754,-5.9,13,2.53161e-08,10,116.913
0.00813754,-5.7,13,8.31772e-07,10,116.913
0.00813754,-5.5,13,1.32073e-05,10,116.913
0.00813754,-5.3,13,0.000134986,9.99999,116.913
0.00813754,-5.1,13,0.000997886,9.99995,116.913
0.00813754,-4.9,12.9998,0.00568455,9.99974,116.912
0.00813754,-4.7,12.9991,0.0259625,9.9988,116.908
0.00813754,-4.5,12.9965,0.0976837,9.99548,116.892
0.00813754,-4.3,12.9889,0.308922,9.98573,116.847
0.00813754,-4.1,12.9699,0.83465,9.96149,116.733
0.00813754,-3.9,12.9296,1.95515,9.91002,116.492
0.00813754,-3.7,12.8552,4.02924,9.81538,116.048
0.00813754,-3.5,12.7342,7.41684,9.66246,115.325
0.00813754,-3.3,12.5577,12.3857,9.4417,114.274
0.00813754,-3.1,12.3232,19.0521,9.15189,112.875
0.00813754,-2.9,12.0336,27.3797,8.79985,111.145
0.00813754,-2.7,11.6965,37.2205,8.39777,109.123
0.00813754,-2.5,11.3214,48.369,7.96004,106.862
0.00813754,-2.3,10.9182,60.6062,7.50068,104.413
0.00813754,-2.1,10.496,73.727,7.03192,101.826
0.00813754,-1.9,10.0624,87.5512,6.56372,99.1419
0.00813754,-1.7,9.6238,101.925,6.10375,96.3958
0.00813754,-1.5,9.18548,116.719,5.65779,93.6166
0.00813754,-1.3,8.7517,131.819,5.23007,90.8286
0.00813754,-1.1,8.32609,147.117,4.82371,88.0537
0.00813754,-0.9,7.91196,162.504,4.44112,85.3132
0.00813754,-0.7,7.51264,177.849,4.08439,82.6309
0.00813754,-0.5,7.1321,192.977,3.75581,80.0376
0.00813754,-0.3,6.7758,207.617,3.45861,77.5799
0.00813754,-0.1,6.45256,221.306,3.19837,75.3363
0.00813754,0.1,6.17762,233.216,2.98533,73.4479
0.00813754,0.3,5.97563,241.957,2.8369,72.1553
0.00813754,0.5,5.86801,246.138,2.76885,71.7159
0.00813754,0.7,5.81883,246.99,2.75621,71.9921
0.00813754,0.9,5.76062,247.043,2.75681,72.7353
0.00813754,1.1,5.65437,246.981,2.75946,74.1733
0.00813754,1.3,5.46506,246.922,2.76226,76.8206
0.00813754,1.5,5.16474,246.885,2.76492,81.3658
0.00813754,1.7,4.74929,246.874,2.76735,88.5612
0.00813754,1.9,4.25012,246.891,2.76954,99.0411
0.00813754,2.1,3.72849,246.934,2.77153,112.978
0.00813754,2.3,3.2532,247.002,2.77339,129.571
0.00813754,2.5,2.87484,247.095,2.77518,146.719
0.00813754,2.7,2.61169,247.216,2.77701,161.609
0.00813754,2.9,2.45232,247.367,2.77898,172.233
0.00813754,3.1,2.36921,247.555,2.78121,178.418
0.00813754,3.3,2.33306,247.787,2.78383,181.353
0.00813754,3.5,2.32138,248.072,2.78698,182.471
0.00813754,3.7,2.32042,248.424,2.7907,182.791
0.00813754,3.9,2.32309,248.762,2.7946,182.836
0.00813754,4.1,2.32191,248.346,2.78928,182.581
0.00813754,4.3,2.27749,239.073,2.69814,180.06
0.00813754,4.5,2.00341,186.481,2.16855,164.516
0.00813754,4.7,1.53688,70.8401,1.34812,133.321
0.00813754,4.9,1.33145,8.96213,1.04122,118.857
0.00813754,5.1,1.30252,0.700107,1.00323,117.065
0.00813754,5.3,1.30016,0.0457402,1.00021,116.923
0.00813754,5.5,1.30001,0.00237107,1.00001,116.914
0.00813754,5.7,1.3,8.39804e-05,1,116.913
0.00813754,5.9,1.3,1.45948e-06,1,116.913
0.00813754,6.1,1.3,0,1,116.913
0.00813754,6.3,1.3,0,1,116.913
0.00813754,6.5,1.3,0,1,116.913
0.00813754,6.7,1.3,0,1,116.913
0.00813754,6.9,1.3,0,1,116.913
0.00813754,7.1,1.3,0,1,116.913
0.00813754,7.3,1.3,0,1,116.913
0.00813754,7.5,1.3,0,1,116.913
0.00813754,7.7,1.3,0,1,116.913
0.00813754,7.9,1.3,0,1,116.913
0.00813754,8.1,1.3,0,1,116.913
0.00813754,8.3,1.3,0,1,116.913
0.00813754,8.5,1.3,0,1,116.913
0.00813754,8.7,1.3,0,1,116.913
0.00813754,8.9,1.3,0,1,116.913
0.00813754,9.1,1.3,0,1,116.913
0.00813754,9.3,1.3,0,1,116.913
0.00813754,9.5,1.3,0,1,116.913
0.00813754,9.7,1.3,0,1,116.913
0.00813754,9.9,1.3,0,1,116.913
0.00839487,-9.9,13,0,10,116.913
0.00839487,-9.7,13,0,10,116.913
0.00839487,-9.5,13,0,10,116.913
0.00839487,-9.3,13,0,10,116.913
0.00839487,-9.1,13,0,10,116.913
0.00839487,-8.9,13,0,10,116.913
0.00839487,-8.7,13,0,10,116.913
0.00839487,-8.5,13,0,10,116.913
0.00839487,-8.3,13,0,10,116.913
0.00839487,-8.1,13,0,10,116.913
0.00839487,-7.9,13,0,10,116.913
0.00839487,-7.7,13,0,10,116.913
0.00839487,-7.5,13,0,10,116.913
0.00839487,-7.3,13,0,10,116.913
0.00839487,-7.1,13,0,10,116.913
0.00839487,-6.9,13,0,10,116.913
0.00839487,-6.7,13,0,10,116.913
0.00839487,-6.5,13,0,10,116.913
0.00839487,-6.3,13,0,10,116.913
0.00839487,-6.1,13,1.17401e-08,10,116.913
0.00839487,-5.9,13,3.99303e-07,10,116.913
0.00839487,-5.7,13,6.57082e-06,10,116.913
0.00839487,-5.5,13,6.96812e-05,10,116.913
0.00839487,-5.3,13,0.000535147,9.99998,116.913
0.00839487,-5.1,12.9999,0.00317124,9.99985,116.913
0.00839487,-4.9,12.9995,0.0150874,9.9993,116.91
0.00839487,-4.7,12.9979,0.0592107,9.99726,116.901
0.00839487,-4.5,12.9929,0.195534,9.99096,116.871
0.00839487,-4.3,12.9801,0.551996,9.97451,116.794
0.00839487,-4.1,12.9513,1.35066,9.93775,116.622
0.00839487,-3.9,12.8956,2.90325,9.86665,116.289
0.00839487,-3.7,12.8005,5.55893,9.74606,115.721
0.00839487,-3.5,12.6558,9.61986,9.56402,114.858
0.00839487,-3.3,12.456,15.2678,9.31544,113.666
0.00839487,-3.1,12.2015,22.537,9.00311,112.147
0.00839487,-2.9,11.8974,31.3359,8.63623,110.326
0.00839487,-2.7,11.552,41.494,8.22755,108.249
0.00839487,-2.5,11.1744,52.8082,7.79061,105.964
0.00839487,-2.3,10.7736,65.0764,7.33795,103.519
0.00839487,-2.1,10.3576,78.1155,6.88015,100.959
0.00839487,-1.9,9.93317,91.7673,6.42566,98.319
0.00839487,-1.7,9.50576,105.898,5.98095,95.6294
0.00839487,-1.5,9.07989,120.392,5.55086,92.9153
0.00839487,-1.3,8.65929,135.149,5.13894,90.1984
0.00839487,-1.1,8.24716,150.072,4.74783,87.4981
0.00839487,-0.9,7.84647,165.058,4.37963,84.8341
0.00839487,-0.7,7.46033,179.984,4.0362,82.2285
0.00839487,-0.5,7.09249,194.681,3.7197,79.7109
0.00839487,-0.3,6.74822,208.886,3.43327,77.3261
0.00839487,-0.1,6.43612,222.148,3.18235,75.1505
0.00839487,0.1,6.17102,233.663,2.97697,73.3205
0.00839487,0.3,5.97671,242.097,2.8339,72.066
0.00839487,0.5,5.87372,246.139,2.76806,71.6259
0.00839487,0.7,5.8288,246.964,2.75578,71.8577
0.00839487,0.9,5.77885,247.007,2.75641,72.4953
0.00839487,1.1,5.6886,246.939,2.759,73.7146
0.00839487,1.3,5.52563,246.875,2.76172,75.9637
0.00839487,1.5,5.26039,246.832,2.7643,79.8682
0.00839487,1.7,4.88131,246.814,2.76664,86.1437
0.00839487,1.9,4.40857,246.822,2.76874,95.4537
0.00839487,2.1,3.89397,246.854,2.77064,108.142
0.00839487,2.3,3.40391,246.909,2.77238,123.789
0.00839487,2.5,2.99473,246.987,2.77404,140.787
0.00839487,2.7,2.69494,247.088,2.7757,156.542
0.00839487,2.9,2.50253,247.215,2.77744,168.684
0.00839487,3.1,2.39509,247.373,2.77938,176.374
0.00839487,3.3,2.34388,247.567,2.78161,180.372
0.00839487,3.5,2.32425,247.806,2.78425,182.068
0.00839487,3.7,2.3197,248.098,2.78745,182.635
0.00839487,3.9,2.32114,248.453,2.79115,182.764
0.00839487,4.1,2.3239,248.704,2.79422,182.747
0.00839487,4.3,2.31786,247.371,2.77935,182.249
0.00839487,4.5,2.23596,231.024,2.61486,177.743
0.00839487,4.7,1.87314,158.349,1.92801,156.44
0.00839487,4.9,1.44882,44.4067,1.20975,126.908
0.00839487,5.1,1.31644,4.62883,1.02132,117.915
0.00839487,5.3,1.30126,0.349754,1.00162,116.989
0.00839487,5.5,1.30008,0.0224854,1.0001,116.918
0.00839487,5.7,1.3,0.0011446,1.00001,116.914
0.00839487,5.9,1.3,3.97278e-05,1,116.913
0.00839487,6.1,1.3,6.76821e-07,1,116.913
0.00839487,6.3,1.3,0,1,116.913
0.00839487,6.5,1.3,0,1,116.913
0.00839487,6.7,1.3,0,1,116.913
0.00839487,6.9,1.3,0,1,116.913
0.00839487,7.1,1.3,0,1,116.913
0.00839487,7.3,1.3,0,1,116.913
0.00839487,7.5,1.3,0,1,116.913
0.00839487,7.7,1.3,0,1,116.913
0.00839487,7.9,1.3,0,1,116.913
0.00839487,8.1,1.3,0,1,116.913
0.00839487,8.3,1.3,0,1,116.913
0.00839487,8.5,1.3,0,1,116.913
0.00839487,8.7,1.3,0,1,116.913
0.00839487,8.9,1.3,0,1,116.913
0.00839487,9.1,1.3,0,1,116.913
0.00839487,9.3,1.3,0,1,116.913
0.00839487,9.5,1.3,0,1,116.913
0.00839487,9.7,1.3,0,1,116.913
0.00839487,9.9,1.3,0,1,116.913
0.00865227,-9.9,13,0,10,116.913
0.00865227,-9.7,13,0,10,116.913
0.00865227,-9.5,13,0,10,116.913
0.00865227,-9.3,13,0,10,116.913
0.00865227,-9.1,13,0,10,116.913
0.00865227,-8.9,13,0,10,116.913
0.00865227,-8.7,13,0,10,116.913
0.00865227,-8.5,13,0,10,116.913
0.00865227,-8.3,13,0,10,116.913
0.00865227,-8.1,13,0,10,116.913
0.00865227,-7.9,13,0,10,116.913
0.00865227,-7.7,13,0,10,116.913
0.00865227,-7.5,13,0,10,116.913
0.00865227,-7.3,13,0,10,116.913
0.00865227,-7.1,13,0,10,116.913
0.00865227,-6.9,13,0,10,116.913
0.00865227,-6.7,13,0,10,116.913
0.00865227,-6.5,13,0,10,116.913
0.00865227,-6.3,13,5.44567e-09,10,116.913
0.00865227,-6.1,13,1.91512e-07,10,116.913
0.00865227,-5.9,13,3.26197e-06,10,116.913
0.00865227,-5.7,13,3.58446e-05,10,116.913
0.00865227,-5.5,13,0.000285588,9.99999,116.913
0.00865227,-5.3,12.9999,0.00175789,9.99992,116.913
0.00865227,-5.1,12.9997,0.00869824,9.9996,116.912
0.00865227,-4.9,12.9987,0.0355496,9.99836,116.906
0.00865227,-4.7,12.9956,0.1224,9.99434,116.887
0.00865227,-4.5,12.987,0.360552,9.98334,116.836
0.00865227,-4.3,12.9668,0.920674,9.95753,116.715
0.00865227,-4.1,12.9257,2.06341,9.90505,116.469
0.00865227,-3.9,12.8523,4.11083,9.81165,116.03
0.00865227,-3.7,12.7355,7.37834,9.66412,115.333
0.00865227,-3.5,12.5679,12.0975,9.45427,114.333
0.00865227,-3.3,12.3471,18.3689,9.18107,113.015
0.00865227,-3.1,12.0758,26.1614,8.85038,111.392
0.00865227,-2.9,11.7604,35.3473,8.47278,109.5
0.00865227,-2.7,11.4093,45.7468,8.06086,107.382
0.00865227,-2.5,11.0312,57.1664,7.62706,105.085
0.00865227,-2.3,10.6342,69.4223,7.18245,102.654
0.00865227,-2.1,10.2253,82.3521,6.73612,100.125
0.00865227,-1.9,9.8102,95.817,6.29525,97.5311
0.00865227,-1.7,9.3938,109.699,5.86529,94.8978
0.00865227,-1.5,8.97996,123.898,5.45031,92.2475
0.00865227,-1.3,8.57193,138.322,5.0533,89.5991
0.00865227,-1.1,8.17258,152.883,4.67652,86.9703
0.00865227,-0.9,7.78461,167.486,4.32179,84.379
0.00865227,-0.7,7.41088,182.013,3.99081,81.8463
0.00865227,-0.5,7.05499,196.301,3.68563,79.4005
0.00865227,-0.3,6.72205,210.093,3.40929,77.0851
0.00865227,-0.1,6.42044,222.95,3.16715,74.9742
0.00865227,0.1,6.16462,234.09,2.96899,73.1999
0.00865227,0.3,5.97755,242.234,2.83101,71.9823
0.00865227,0.5,5.87887,246.142,2.76731,71.5437
0.00865227,0.7,5.8376,246.939,2.75539,71.7391
0.00865227,0.9,5.79452,246.973,2.75605,72.2898
0.00865227,1.1,5.7178,246.901,2.75858,73.3272
0.00865227,1.3,5.57787,246.832,2.76123,75.2389
0.00865227,1.5,5.34495,246.783,2.76373,78.5887
0.00865227,1.7,5.00183,246.759,2.766,84.0485
0.00865227,1.9,4.55867,246.76,2.76802,92.2866
0.00865227,2.1,4.05725,246.783,2.76983,103.76
0.00865227,2.3,3.55934,246.827,2.77149,118.345
0.00865227,2.5,3.12444,246.892,2.77304,134.894
0.00865227,2.7,2.78987,246.977,2.77456,151.153
0.00865227,2.9,2.5633,247.085,2.77612,164.607
0.00865227,3.1,2.42878,247.218,2.77782,173.829
0.00865227,3.3,2.35959,247.381,2.77974,179.05
0.00865227,3.5,2.32979,247.581,2.78198,181.487
0.00865227,3.7,2.32027,247.827,2.78466,182.407
0.00865227,3.9,2.31965,248.127,2.7879,182.668
0.00865227,4.1,2.32217,248.471,2.79153,182.708
0.00865227,4.3,2.32409,248.569,2.79271,182.634
0.00865227,4.5,2.30941,245.459,2.76094,181.704
0.00865227,4.7,2.17025,218.693,2.48565,174.076
0.00865227,4.9,1.73704,125.624,1.68532,147.463
0.00865227,5.1,1.38755,25.7145,1.11907,122.579
0.00865227,5.3,1.30844,2.35984,1.01089,117.424
0.00865227,5.5,1.30063,0.174428,1.00081,116.951
0.00865227,5.7,1.30004,0.0110441,1.00005,116.916
0.00865227,5.9,1.3,0.000552227,1,116.914
0.00865227,6.1,1.3,1.87907e-05,1,116.913
0.00865227,6.3,1.3,3.13945e-07,1,116.913
0.00865227,6.5,1.3,0,1,116.913
0.00865227,6.7,1.3,0,1,116.913
0.00865227,6.9,1.3,0,1,116.913
0.00865227,7.1,1.3,0,1,116.913
0.00865227,7.3,1.3,0,1,116.913
0.00865227,7.5,1.3,0,1,116.913
0.00865227,7.7,1.3,0,1,116.913
0.00865227,7.9,1.3,0,1,116.913
0.00865227,8.1,1.3,0,1,116.913
0.00865227,8.3,1.3,0,1,116.913
0.00865227,8.5,1.3,0,1,116.913
0.00865227,8.7,1.3,0,1,116.913
0.00865227,8.9,1.3,0,1,116.913
0.00865227,9.1,1.3,0,1,116.913
0.00865227,9.3,1.3,0,1,116.913
0.00865227,9.5,1.3,0,1,116.913
0.00865227,9.7,1.3,0,1,116.913
0.00865227,9.9,1.3,0,1,116.913
0.00890976,-9.9,13,0,10,116.913
0.00890976,-9.7,13,0,10,116.913
0.00890976,-9.5,13,0,10,116.913
0.00890976,-9.3,13,0,10,116.913
0.00890976,-9.1,13,0,10,116.913
0.00890976,-8.9,13,0,10,116.913
0.00890976,-8.7,13,0,10,116.913
0.00890976,-8.5,13,0,10,116.913
0.00890976,-8.3,13,0,10,116.913
0.00890976,-8.1,13,0,10,116.913
0.00890976,-7.9,13,0,10,116.913
0.00890976,-7.7,13,0,10,116.913
0.00890976,-7.5,13,0,10,116.913
0.00890976,-7.3,13,0,10,116.913
0.00890976,-7.1,13,0,10,116.913
0.00890976,-6.9,13,0,10,116.913
0.00890976,-6.7,13,0,10,116.913
0.00890976,-6.5,13,2.52699e-09,10,116.913
0.00890976,-6.3,13,9.17867e-08,10,116.913
0.00890976,-6.1,13,1.61631e-06,10,116.913
0.00890976,-5.9,13,1.83814e-05,10,116.913
0.00890976,-5.7,13,0.000151734,9.99999,116.913
0.00890976,-5.5,13,0.00096878,9.99996,116.913
0.00890976,-5.3,12.9998,0.00497834,9.99977,116.912
0.00890976,-5.1,12.9992,0.0211565,9.99902,116.909
0.00890976,-4.9,12.9973,0.0758331,9.99649,116.897
0.00890976,-4.7,12.9916,0.232767,9.98924,116.863
0.00890976,-4.5,12.9777,0.619613,9.97139,116.78
0.00890976,-4.3,12.9479,1.44706,9.93332,116.601
0.00890976,-4.1,12.8921,2.99963,9.86224,116.268
0.00890976,-3.9,12.7994,5.5874,9.74473,115.714
0.00890976,-3.7,12.6609,9.47414,9.57043,114.888
0.00890976,-3.5,12.4719,14.8174,9.33493,113.759
0.00890976,-3.3,12.2325,21.6472,9.04067,112.329
0.00890976,-3.1,11.9474,29.8846,8.69561,110.62
0.00890976,-2.9,11.6236,39.3808,8.31089,108.672
0.00890976,-2.7,11.2692,49.9564,7.8985,106.527
0.00890976,-2.5,10.8923,61.4312,7.46967,104.229
0.00890976,-2.3,10.5001,73.64,7.03405,101.817
0.00890976,-2.1,10.0987,86.4392,6.59947,99.3232
0.00890976,-1.9,9.69312,99.7068,6.17199,96.7764
0.00890976,-1.7,9.2875,113.34,5.75623,94.1992
0.00890976,-1.5,8.88525,127.247,5.35561,91.6109
0.00890976,-1.3,8.48924,141.349,4.97268,89.0285
0.00890976,-1.1,8.10202,155.562,4.60937,86.4681
0.00890976,-0.9,7.72606,169.798,4.26728,83.9462
0.00890976,-0.7,7.36406,183.945,3.94799,81.4829
0.00890976,-0.5,7.01943,197.844,3.65342,79.1053
0.00890976,-0.3,6.69718,211.243,3.38658,76.8558
0.00890976,-0.1,6.40547,223.716,3.1527,74.8065
0.00890976,0.1,6.1584,234.501,2.96136,73.0855
0.00890976,0.3,5.97818,242.367,2.82821,71.9036
0.00890976,0.5,5.88354,246.146,2.7666,71.4685
0.00890976,0.7,5.84543,246.915,2.75503,71.6337
0.00890976,0.9,5.80807,246.942,2.75572,72.1126
0.00890976,1.1,5.74273,246.866,2.75821,72.999
0.00890976,1.3,5.62284,246.793,2.7608,74.6254
0.00890976,1.5,5.4193,246.74,2.76323,77.4963
0.00890976,1.7,5.11099,246.71,2.76542,82.2362
0.00890976,1.9,4.69944,246.704,2.76736,89.501
0.00890976,2.1,4.21641,246.72,2.76911,99.8171
0.00890976,2.3,3.71732,246.755,2.77069,113.283
0.00890976,2.5,3.26237,246.809,2.77215,129.149
0.00890976,2.7,2.8959,246.881,2.77356,145.567
0.00890976,2.9,2.63498,246.972,2.77498,160.063
0.00890976,3.1,2.47115,247.085,2.77648,170.767
0.00890976,3.3,2.38112,247.224,2.77815,177.33
0.00890976,3.5,2.33868,247.392,2.78007,180.673
0.00890976,3.7,2.32257,247.598,2.78234,182.075
0.00890976,3.9,2.31895,247.85,2.78507,182.538
0.00890976,4.1,2.32034,248.156,2.78832,182.641
0.00890976,4.3,2.32319,248.469,2.79177,182.643
0.00890976,4.5,2.32317,248.275,2.78921,182.477
0.00890976,4.7,2.29314,241.981,2.72727,180.761
0.00890976,4.9,2.07704,200.916,2.30609,168.748
0.00890976,5.1,1.61035,91.7986,1.46849,138.598
0.00890976,5.3,1.34878,14.0533,1.06468,119.974
0.00890976,5.5,1.30429,1.19498,1.00552,117.172
0.00890976,5.7,1.30031,0.0868944,1.0004,116.932
0.00890976,5.9,1.30002,0.00542097,1.00003,116.915
0.00890976,6.1,1.3,0.000266324,1,116.914
0.00890976,6.3,1.3,8.88779e-06,1,116.913
0.00890976,6.5,1.3,1.45681e-07,1,116.913
0.00890976,6.7,1.3,0,1,116.913
0.00890976,6.9,1.3,0,1,116.913
0.00890976,7.1,1.3,0,1,116.913
0.00890976,7.3,1.3,0,1,116.913
0.00890976,7.5,1.3,0,1,116.913
0.00890976,7.7,1.3,0,1,116.913
0.00890976,7.9,1.3,0,1,116.913
0.00890976,8.1,1.3,0,1,116.913
0.00890976,8.3,1.3,0,1,116.913
0.00890976,8.5,1.3,0,1,116.913
0.00890976,8.7,1.3,0,1,116.913
0.00890976,8.9,1.3,0,1,116.913
0.00890976,9.1,1.3,0,1,116.913
0.00890976,9.3,1.3,0,1,116.913
0.00890976,9.5,1.3,0,1,116.913
0.00890976,9.7,1.3,0,1,116.913
0.00890976,9.9,1.3,0,1,116.913
0.00916729,-9.9,13,0,10,116.913
0.00916729,-9.7,13,0,10,116.913
0.00916729,-9.5,13,0,10,116.913
0.00916729,-9.3,13,0,10,116.913
0.00916729,-9.1,13,0,10,116.913
0.00916729,-8.9,13,0,10,116.913
0.00916729,-8.7,13,0,10,116.913
0.00916729,-8.5,13,0,10,116.913
0.00916729,-8.3,13,0,10,116.913
0.00916729,-8.1,13,0,10,116.913
0.00916729,-7.9,13,0,10,116.913
0.00916729,-7.7,13,0,10,116.913
0.00916729,-7.5,13,0,10,116.913
0.00916729,-7.3,13,0,10,116.913
0.00916729,-7.1,13,0,10,116.913
0.00916729,-6.9,13,0,10,116.913
0.00916729,-6.7,13,1.17276e-09,10,116.913
0.00916729,-6.5,13,4.39518e-08,10,116.913
0.00916729,-6.3,13,7.99307e-07,10,116.913
0.00916729,-6.1,13,9.39689e-06,10,116.913
0.00916729,-5.9,13,8.02693e-05,10,116.913
0.00916729,-5.7,13,0.000530918,9.99998,116.913
0.00916729,-5.5,12.9999,0.00282956,9.99987,116.913
0.00916729,-5.3,12.9995,0.012486,9.99942,116.911
0.00916729,-5.1,12.9983,0.0465245,9.99785,116.903
0.00916729,-4.9,12.9946,0.148604,9.99313,116.881
0.00916729,-4.7,12.9851,0.411902,9.98097,116.824
0.00916729,-4.5,12.9639,1.00165,9.9538,116.697
0.00916729,-4.3,12.9223,2.15993,9.90062,116.448
0.00916729,-4.1,12.8499,4.17681,9.80863,116.016
0.00916729,-3.9,12.7372,7.33055,9.66622,115.343
0.00916729,-3.7,12.5776,11.8232,9.46627,114.39
0.00916729,-3.5,12.3691,17.7423,9.20791,113.144
0.00916729,-3.3,12.1139,25.0615,8.89623,111.617
0.00916729,-3.1,11.8178,33.6693,8.54047,109.839
0.00916729,-2.9,11.488,43.4075,8.15171,107.848
0.00916729,-2.7,11.1323,54.1036,7.74109,105.688
0.00916729,-2.5,10.758,65.5924,7.3186,103.396
0.00916729,-2.3,10.3714,77.7263,6.89263,101.008
0.00916729,-2.1,9.97778,90.3787,6.46986,98.5527
0.00916729,-1.9,9.58164,103.442,6.05545,96.0538
0.00916729,-1.7,9.18654,116.826,5.65331,93.5318
0.00916729,-1.5,8.79544,130.449,5.26634,91.0037
0.00916729,-1.3,8.41089,144.238,4.89669,88.4848
0.00916729,-1.1,8.03518,158.117,4.54606,85.9898
0.00916729,-0.9,7.67059,172.002,4.21585,83.5341
0.00916729,-0.7,7.31966,185.786,3.90752,81.1368
0.00916729,-0.5,6.98568,199.314,3.62294,78.8243
0.00916729,-0.3,6.67352,212.34,3.36503,76.6375
0.00916729,-0.1,6.39117,224.447,3.13895,74.6469
0.00916729,0.1,6.15238,234.894,2.95407,72.9769
0.00916729,0.3,5.97863,242.497,2.82551,71.8296
0.00916729,0.5,5.88778,246.151,2.76591,71.3994
0.00916729,0.7,5.85243,246.894,2.7547,71.5395
0.00916729,0.9,5.81986,246.913,2.75543,71.9589
0.00916729,1.1,5.76408,246.833,2.75787,72.7198
0.00916729,1.3,5.66147,246.757,2.7604,74.1056
0.00916729,1.5,5.48434,246.7,2.76277,76.5645
0.00916729,1.7,5.20913,246.665,2.76489,80.6716
0.00916729,1.9,4.8302,246.654,2.76677,87.0595
0.00916729,2.1,4.36975,246.663,2.76845,96.2915
0.00916729,2.3,3.87569,246.691,2.76997,108.626
0.00916729,2.5,3.40668,246.735,2.77136,123.643
0.00916729,2.7,3.01209,246.796,2.77267,139.907
0.00916729,2.9,2.71761,246.875,2.77397,155.14
0.00916729,3.1,2.52289,246.971,2.77532,167.195
0.00916729,3.3,2.40933,247.089,2.77679,175.167
0.00916729,3.5,2.35168,247.232,2.77845,179.569
0.00916729,3.7,2.32708,247.405,2.78039,181.594
0.00916729,3.9,2.31935,247.617,2.78269,182.35
0.00916729,4.1,2.31899,247.874,2.78547,182.561
0.00916729,4.3,2.32129,248.185,2.78869,182.59
0.00916729,4.5,2.32399,248.434,2.79167,182.573
0.00916729,4.7,2.32047,247.651,2.78241,182.243
0.00916729,4.9,2.26365,236.08,2.6678,179.124
0.00916729,5.1,1.95893,176.933,2.08421,161.708
0.00916729,5.3,1.50492,61.2694,1.29669,130.957
0.00916729,5.5,1.32612,7.408,1.0341,118.519
0.00916729,5.7,1.30217,0.60279,1.00279,117.044
0.00916729,5.9,1.30016,0.0432408,1.0002,116.923
0.00916729,6.1,1.30001,0.0026586,1.00001,116.914
0.00916729,6.3,1.3,0.000128362,1,116.913
0.00916729,6.5,1.3,4.20284e-06,1,116.913
0.00916729,6.7,1.3,6.76096e-08,1,116.913
0.00916729,6.9,1.3,0,1,116.913
0.00916729,7.1,1.3,0,1,116.913
0.00916729,7.3,1.3,0,1,116.913
0.00916729,7.5,1.3,0,1,116.913
0.00916729,7.7,1.3,0,1,116.913
0.00916729,7.9,1.3,0,1,116.913
0.00916729,8.1,1.3,0,1,116.913
0.00916729,8.3,1.3,0,1,116.913
0.00916729,8.5,1.3,0,1,116.913
0.00916729,8.7,1.3,0,1,116.913
0.00916729,8.9,1.3,0,1,116.913
0.00916729,9.1,1.3,0,1,116.913
0.00916729,9.3,1.3,0,1,116.913
0.00916729,9.5,1.3,0,1,116.913
0.00916729,9.7,1.3,0,1,116.913
0.00916729,9.9,1.3,0,1,116.913
0.00942486,-9.9,13,0,10,116.913
0.00942486,-9.7,13,0,10,116.913
0.00942486,-9.5,13,0,10,116.913
0.00942486,-9.3,13,0,10,116.913
0.00942486,-9.1,13,0,10,116.913
0.00942486,-8.9,13,0,10,116.913
0.00942486,-8.7,13,0,10,116.913
0.00942486,-8.5,13,0,10,116.913
0.00942486,-8.3,13,0,10,116.913
0.00942486,-8.1,13,0,10,116.913
0.00942486,-7.9,13,0,10,116.913
0.00942486,-7.7,13,0,10,116.913
0.00942486,-7.5,13,0,10,116.913
0.00942486,-7.3,13,0,10,116.913
0.00942486,-7.1,13,0,10,116.913
0.00942486,-6.9,13,5.44396e-10,10,116.913
0.00942486,-6.7,13,2.10296e-08,10,116.913
0.00942486,-6.5,13,3.94568e-07,10,116.913
0.00942486,-6.3,13,4.79008e-06,10,116.913
0.00942486,-6.1,13,4.2294e-05,10,116.913
0.00942486,-5.9,13,0.000289448,9.99999,116.913
0.00942486,-5.7,12.9999,0.00159787,9.99993,116.913
0.00942486,-5.5,12.9997,0.00731159,9.99966,116.912
0.00942486,-5.3,12.999,0.0282831,9.99869,116.907
0.00942486,-5.1,12.9966,0.0938816,9.99566,116.893
0.00942486,-4.9,12.9902,0.270639,9.98749,116.855
0.00942486,-4.7,12.9753,0.684668,9.96839,116.766
0.00942486,-4.5,12.9447,1.53517,9.92927,116.582
0.00942486,-4.3,12.8891,3.08224,9.85845,116.25
0.00942486,-4.1,12.7989,5.60261,9.74401,115.711
0.00942486,-3.9,12.6661,9.32829,9.57686,114.918
0.00942486,-3.7,12.4867,14.397,9.35317,113.846
0.00942486,-3.5,12.2609,20.8355,9.07507,112.496
0.00942486,-3.3,11.9925,28.575,8.7495,110.887
0.00942486,-3.1,11.688,37.4848,8.38628,109.053
0.00942486,-2.9,11.3544,47.4055,7.99606,107.034
0.00942486,-2.7,10.999,58.1752,7.58898,104.867
0.00942486,-2.5,10.6282,69.6442,7.17385,102.588
0.00942486,-2.3,10.2478,81.6813,6.75791,100.228
0.00942486,-2.1,9.86223,94.1747,6.3469,97.8124
0.00942486,-1.9,9.47545,107.03,5.94518,95.3616
0.00942486,-1.7,9.09055,120.166,5.55608,92.8937
0.00942486,-1.5,8.71016,133.511,5.18206,90.4241
0.00942486,-1.3,8.33655,146.998,4.82497,87.9663
0.00942486,-1.1,7.97178,160.556,4.48627,85.5338
0.00942486,-0.9,7.61797,174.105,4.16724,83.1414
0.00942486,-0.7,7.27752,187.542,3.86923,80.807
0.00942486,-0.5,6.9536,200.716,3.59404,78.5563
0.00942486,-0.3,6.65098,213.388,3.34455,76.4294
0.00942486,-0.1,6.37748,225.146,3.12585,74.4949
0.00942486,0.1,6.14654,235.272,2.94709,72.8736
0.00942486,0.3,5.97892,242.623,2.82291,71.7598
0.00942486,0.5,5.89166,246.156,2.76526,71.3356
0.00942486,0.7,5.85873,246.873,2.7544,71.4548
0.00942486,0.9,5.83018,246.885,2.75517,71.8247
0.00942486,1.1,5.78241,246.803,2.75757,72.4813
0.00942486,1.3,5.69464,246.724,2.76005,73.6645
0.00942486,1.5,5.54103,246.663,2.76235,75.7698
0.00942486,1.7,5.29679,246.625,2.76441,79.3228
0.00942486,1.9,4.95063,246.609,2.76624,84.9252
0.00942486,2.1,4.51595,246.612,2.76786,93.1542
0.00942486,2.3,4.03249,246.633,2.76931,104.378
0.00942486,2.5,3.55548,246.67,2.77064,118.438
0.00942486,2.7,3.13723,246.722,2.77188,134.288
0.00942486,2.9,2.81092,246.789,2.77309,149.942
0.00942486,3.1,2.58448,246.872,2.77431,163.151
0.00942486,3.3,2.44508,246.972,2.77561,172.534
0.00942486,3.5,2.36959,247.094,2.77706,178.123
0.00942486,3.7,2.33439,247.241,2.77873,180.917
0.00942486,3.9,2.32118,247.42,2.78069,182.076
0.00942486,4.1,2.31833,247.637,2.78303,182.453
0.00942486,4.3,2.31965,247.899,2.78585,182.534
0.00942486,4.5,2.32228,248.207,2.78902,182.534
0.00942486,4.7,2.32433,248.345,2.79082,182.492
0.00942486,4.9,2.31477,246.388,2.76983,181.866
0.00942486,5.1,2.21427,226.698,2.57001,176.405
0.00942486,5.3,1.8257,147.146,1.84148,153.301
0.00942486,5.5,1.42618,37.4542,1.17552,125.274
0.00942486,5.7,1.31363,3.82749,1.01764,117.742
0.00942486,5.9,1.30109,0.303383,1.0014,116.979
0.00942486,6.1,1.30008,0.0214979,1.0001,116.918
0.00942486,6.3,1.3,0.00130284,1.00001,116.914
0.00942486,6.5,1.3,6.18344e-05,1,116.913
0.00942486,6.7,1.3,1.98707e-06,1,116.913
0.00942486,6.9,1.3,3.13826e-08,1,116.913
0.00942486,7.1,1.3,0,1,116.913
0.00942486,7.3,1.3,0,1,116.913
0.00942486,7.5,1.3,0,1,116.913
0.00942486,7.7,1.3,0,1,116.913
0.00942486,7.9,1.3,0,1,116.913
0.00942486,8.1,1.3,0,1,116.913
0.00942486,8.3,1.3,0,1,116.913
0.00942486,8.5,1.3,0,1,116.913
0.00942486,8.7,1.3,0,1,116.913
0.00942486,8.9,1.3,0,1,116.913
0.00942486,9.1,1.3,0,1,116.913
0.00942486,9.3,1.3,0,1,116.913
0.00942486,9.5,1.3,0,1,116.913
0.00942486,9.7,1.3,0,1,116.913
0.00942486,9.9,1.3,0,1,116.913
0.0096825,-9.9,13,0,10,116.913
0.0096825,-9.7,13,0,10,116.913
0.0096825,-9.5,13,0,10,116.913
0.0096825,-9.3,13,0,10,116.913
0.0096825,-9.1,13,0,10,116.913
0.0096825,-8.9,13,0,10,116.913
0.0096825,-8.7,13,0,10,116.913
0.0096825,-8.5,13,0,10,116.913
0.0096825,-8.3,13,0,10,116.913
0.0096825,-8.1,13,0,10,116.913
0.0096825,-7.9,13,0,10,116.913
0.0096825,-7.7,13,0,10,116.913
0.0096825,-7.5,13,0,10,116.913
0.0096825,-7.3,13,0,10,116.913
0.0096825,-7.1,13,2.52776e-10,10,116.913
0.0096825,-6.9,13,1.00557e-08,10,116.913
0.0096825,-6.7,13,1.94463e-07,10,116.913
0.0096825,-6.5,13,2.4354e-06,10,116.913
0.0096825,-6.3,13,2.22031e-05,10,116.913
0.0096825,-6.1,13,0.000157047,9.99999,116.913
0.0096825,-5.9,13,0.000896945,9.99996,116.913
0.0096825,-5.7,12.9998,0.00425068,9.9998,116.913
0.0096825,-5.5,12.9994,0.0170476,9.99921,116.91
0.0096825,-5.3,12.9979,0.05873,9.99728,116.901
0.0096825,-5.1,12.9937,0.17587,9.99187,116.875
0.0096825,-4.9,12.9833,0.462402,9.97864,116.814
0.0096825,-4.7,12.9612,1.0774,9.95031,116.681
0.0096825,-4.5,12.9192,2.24561,9.89669,116.43
0.0096825,-4.3,12.848,4.22919,9.80623,116.004
0.0096825,-4.1,12.7392,7.27511,9.66866,115.354
0.0096825,-3.9,12.5869,11.5611,9.47776,114.444
0.0096825,-3.7,12.3894,17.164,9.23276,113.264
0.0096825,-3.5,12.1486,24.0614,8.93813,111.822
0.0096825,-3.3,11.8696,32.1552,8.60195,110.146
0.0096825,-3.1,11.5589,41.3054,8.23409,108.27
0.0096825,-2.9,11.2233,51.3574,7.84453,106.231
0.0096825,-2.7,10.8695,62.1616,7.44236,104.066
0.0096825,-2.5,10.5031,73.5834,7.03531,101.806
0.0096825,-2.3,10.1292,85.5066,6.62963,99.4765
0.0096825,-2.1,9.75181,97.8323,6.2302,97.1012
0.0096825,-1.9,9.37422,110.477,5.84076,94.6982
0.0096825,-1.7,8.99922,123.369,5.46412,92.2834
0.0096825,-1.5,8.62911,136.443,5.10239,89.8702
0.0096825,-1.3,8.26593,149.637,4.75717,87.4711
0.0096825,-1.1,7.91156,162.886,4.42973,85.0987
0.0096825,-0.9,7.56797,176.114,4.12123,82.7666
0.0096825,-0.7,7.23745,189.219,3.83294,80.4923
0.0096825,-0.5,6.92307,202.056,3.56661,78.3006
0.0096825,-0.3,6.62948,214.389,3.32508,76.2308
0.0096825,-0.1,6.36438,225.816,3.11335,74.3498
0.0096825,0.1,6.14087,235.636,2.9404,72.7753
0.0096825,0.3,5.97909,242.746,2.82039,71.6939
0.0096825,0.5,5.8952,246.163,2.76464,71.2766
0.0096825,0.7,5.86444,246.854,2.75413,71.3783
0.0096825,0.9,5.83926,246.86,2.75493,71.7068
0.0096825,1.1,5.79822,246.775,2.7573,72.2765
0.0096825,1.3,5.72312,246.693,2.75973,73.2894
0.0096825,1.5,5.59028,246.629,2.76197,75.0921
0.0096825,1.7,5.37465,246.588,2.76398,78.1615
0.0096825,1.9,5.0607,246.567,2.76575,83.0634
0.0096825,2.1,4.65401,246.566,2.76732,90.3731
0.0096825,2.3,4.18596,246.581,2.76872,100.529
0.0096825,2.5,3.70685,246.612,2.76999,113.575
0.0096825,2.7,3.26991,246.655,2.77117,128.806
0.0096825,2.9,2.91438,246.713,2.7723,144.578
0.0096825,3.1,2.65619,246.784,2.77342,158.696
0.0096825,3.3,2.48909,246.871,2.77459,169.421
0.0096825,3.5,2.39323,246.976,2.77587,176.288
0.0096825,3.7,2.34515,247.102,2.77732,179.996
0.0096825,3.9,2.32485,247.253,2.779,181.677
0.0096825,4.1,2.31859,247.436,2.78099,182.299
0.0096825,4.3,2.31844,247.658,2.78337,182.466
0.0096825,4.5,2.32055,247.926,2.78621,182.487
0.0096825,4.7,2.32318,248.214,2.78927,182.48
0.0096825,4.9,2.32385,248.156,2.78858,182.382
0.0096825,5.1,2.30373,243.997,2.74683,181.221
0.0096825,5.3,2.13933,212.646,2.42411,172.22
0.0096825,5.5,1.69185,113.788,1.60631,144.303
0.0096825,5.7,1.37302,21.297,1.09836,121.583
0.0096825,5.9,1.30701,1.9568,1.00903,117.337
0.0096825,6.1,1.30055,0.152482,1.0007,116.946
0.0096825,6.3,1.30004,0.0106799,1.00005,116.916
0.0096825,6.5,1.3,0.000638033,1,116.914
0.0096825,6.7,1.3,2.97741e-05,1,116.913
0.0096825,6.9,1.3,9.39407e-07,1,116.913
0.0096825,7.1,1.3,1.45709e-08,1,116.913
0.0096825,7.3,1.3,0,1,116.913
0.0096825,7.5,1.3,0,1,116.913
0.0096825,7.7,1.3,0,1,116.913
0.0096825,7.9,1.3,0,1,116.913
0.0096825,8.1,1.3,0,1,116.913
0.0096825,8.3,1.3,0,1,116.913
0.0096825,8.5,1.3,0,1,116.913
0.0096825,8.7,1.3,0,1,116.913
0.0096825,8.9,1.3,0,1,116.913
0.0096825,9.1,1.3,0,1,116.913
0.0096825,9.3,1.3,0,1,116.913
0.0096825,9.5,1.3,0,1,116.913
0.0096825,9.7,1.3,0,1,116.913
0.0096825,9.9,1.3,0,1,116.913
0.0099402,-9.9,13,0,10,116.913
0.0099402,-9.7,13,0,10,116.913
0.0099402,-9.5,13,0,10,116.913
0.0099402,-9.3,13,0,10,116.913
0.0099402,-9.1,13,0,10,116.913
0.0099402,-8.9,13,0,10,116.913
0.0099402,-8.7,13,0,10,116.913
0.0099402,-8.5,13,0,10,116.913
0.0099402,-8.3,13,0,10,116.913
0.0099402,-8.1,13,0,10,116.913
0.0099402,-7.9,13,0,10,116.913
0.0099402,-7.7,13,0,10,116.913
0.0099402,-7.5,13,0,10,116.913
0.0099402,-7.3,13,1.17403e-10,10,116.913
0.0099402,-7.1,13,4.8052e-09,10,116.913
0.0099402,-6.9,13,9.56937e-08,10,116.913
0.0099402,-6.7,13,1.23514e-06,10,116.913
0.0099402,-6.5,13,1.16154e-05,10,116.913
0.0099402,-6.3,13,8.48242e-05,10,116.913
0.0099402,-6.1,13,0.000500652,9.99998,116.913
0.0099402,-5.9,12.9999,0.00245438,9.99989,116.913
0.0099402,-5.7,12.9996,0.0101932,9.99953,116.911
0.0099402,-5.5,12.9987,0.0364006,9.99832,116.906
0.0099402,-5.3,12.9959,0.113095,9.99477,116.889
0.0099402,-5.1,12.9889,0.308714,9.98574,116.847
0.0099402,-4.9,12.9731,0.746908,9.96553,116.752
0.0099402,-4.7,12.9418,1.61559,9.92557,116.565
0.0099402,-4.5,12.8866,3.15295,9.85522,116.235
0.0099402,-4.3,12.7987,5.60716,9.74378,115.71
0.0099402,-4.1,12.6712,9.18362,9.58325,114.948
0.0099402,-3.9,12.5006,14.0038,9.37027,113.928
0.0099402,-3.7,12.2869,20.0915,9.10671,112.649
0.0099402,-3.5,12.0336,27.3867,8.79867,111.13
0.0099402,-3.3,11.7462,35.7736,8.45482,109.399
0.0099402,-3.1,11.4313,45.1098,8.08472,107.492
0.0099402,-2.9,11.0953,55.2493,7.69753,105.444
0.0099402,-2.7,10.744,66.0556,7.30133,103.287
0.0099402,-2.5,10.3827,77.4082,6.90285,101.048
0.0099402,-2.3,10.0156,89.2042,6.50748,98.7519
0.0099402,-2.1,9.64626,101.356,6.11939,96.4178
0.0099402,-1.9,9.27768,113.79,5.74179,94.0623
0.0099402,-1.7,8.91224,126.442,5.37705,91.6991
0.0099402,-1.5,8.552,139.252,5.02699,89.3405
0.0099402,-1.3,8.19877,152.164,4.69299,86.998
0.0099402,-1.1,7.85429,165.115,4.37618,84.6829
0.0099402,-0.9,7.52041,178.034,4.07761,82.4086
0.0099402,-0.7,7.1993,190.823,3.7985,80.1917
0.0099402,-0.5,6.89397,203.337,3.54054,78.0563
0.0099402,-0.3,6.60896,215.347,3.30653,76.041
0.0099402,-0.1,6.35182,226.457,3.10142,74.2113
0.0099402,0.1,6.13539,235.985,2.93399,72.6815
0.0099402,0.3,5.97914,242.866,2.81796,71.6315
0.0099402,0.5,5.89846,246.169,2.76404,71.2218
0.0099402,0.7,5.86962,246.836,2.75388,71.3087
0.0099402,0.9,5.84732,246.836,2.75471,71.6024
0.0099402,1.1,5.81191,246.748,2.75705,72.0997
0.0099402,1.3,5.74759,246.665,2.75943,72.9696
0.0099402,1.5,5.63295,246.598,2.76163,74.514
0.0099402,1.7,5.44345,246.554,2.76358,77.1625
0.0099402,1.9,5.16057,246.53,2.7653,81.4428
0.0099402,2.1,4.78321,246.524,2.76682,87.9163
0.0099402,2.3,4.33456,246.535,2.76818,97.0637
0.0099402,2.5,3.85891,246.559,2.7694,109.076
0.0099402,2.7,3.40856,246.596,2.77053,123.538
0.0099402,2.9,3.02715,246.646,2.77159,139.156
0.0099402,3.1,2.73801,246.708,2.77263,153.909
0.0099402,3.3,2.54194,246.783,2.7737,165.845
0.0099402,3.5,2.4234,246.873,2.77484,174.028
0.0099402,3.7,2.36007,246.981,2.77611,178.78
0.0099402,3.9,2.33086,247.11,2.77756,181.115
0.0099402,4.1,2.32004,247.266,2.77926,182.072
0.0099402,4.3,2.31782,247.453,2.78128,182.378
0.0099402,4.5,2.31907,247.68,2.7837,182.438
0.0099402,4.7,2.32147,247.952,2.78654,182.436
0.0099402,4.9,2.3239,248.197,2.78932,182.427
0.0099402,5.1,2.32209,247.759,2.78397,182.219
0.0099402,5.3,2.28328,239.773,2.70539,180.086
0.0099402,5.5,2.0372,192.844,2.22942,166.328
0.0099402,5.7,1.57182,80.7801,1.40434,135.793
0.0099402,5.9,1.34022,11.5177,1.05301,119.416
0.0099402,6.1,1.30358,0.994831,1.0046,117.129
0.0099402,6.3,1.30028,0.0765585,1.00035,116.93
0.0099402,6.5,1.30002,0.00530156,1.00002,116.915
0.0099402,6.7,1.3,0.000312247,1,116.914
0.0099402,6.9,1.3,1.43301e-05,1,116.913
0.0099402,7.1,1.3,4.44061e-07,1,116.913
0.0099402,7.3,1.3,6.76662e-09,1,116.913
0.0099402,7.5,1.3,0,1,116.913
0.0099402,7.7,1.3,0,1,116.913
0.0099402,7.9,1.3,0,1,116.913
0.0099402,8.1,1.3,0,1,116.913
0.0099402,8.3,1.3,0,1,116.913
0.0099402,8.5,1.3,0,1,116.913
0.0099402,8.7,1.3,0,1,116.913
0.0099402,8.9,1.3,0,1,116.913
0.0099402,9.1,1.3,0,1,116.913
0.0099402,9.3,1.3,0,1,116.913
0.0099402,9.5,1.3,0,1,116.913
0.0099402,9.7,1.3,0,1,116.913
0.0099402,9.9,1.3,0,1,116.913
0.0101979,-9.9,13,0,10,116.913
0.0101979,-9.7,13,0,10,116.913
0.0101979,-9.5,13,0,10,116.913
0.0101979,-9.3,13,0,10,116.913
0.0101979,-9.1,13,0,10,116.913
0.0101979,-8.9,13,0,10,116.913
0.0101979,-8.7,13,0,10,116.913
0.0101979,-8.5,13,0,10,116.913
0.0101979,-8.3,13,0,10,116.913
0.0101979,-8.1,13,0,10,116.913
0.0101979,-7.9,13,0,10,116.913
0.0101979,-7.7,13,0,10,116.913
0.0101979,-7.5,13,5.45483e-11,10,116.913
0.0101979,-7.3,13,2.29465e-09,10,116.913
0.0101979,-7.1,13,4.70185e-08,10,116.913
0.0101979,-6.9,13,6.24913e-07,10,116.913
0.0101979,-6.7,13,6.05628e-06,10,116.913
0.0101979,-6.5,13,4.56173e-05,10,116.913
0.0101979,-6.3,13,0.000277955,9.99999,116.913
0.0101979,-6.1,12.9999,0.00140805,9.99993,116.913
0.0101979,-5.9,12.9998,0.00604852,9.99972,116.912
0.0101979,-5.7,12.9992,0.0223636,9.99897,116.909
0.0101979,-5.5,12.9974,0.0720068,9.99667,116.898
0.0101979,-5.3,12.9926,0.20385,9.99058,116.869
0.0101979,-5.1,12.9816,0.511692,9.97637,116.803
0.0101979,-4.9,12.9586,1.14805,9.94706,116.666
0.0101979,-4.7,12.9164,2.32163,9.8932,116.413
0.0101979,-4.5,12.8465,4.27012,9.80435,115.995
0.0101979,-4.3,12.7414,7.21401,9.67137,115.367
0.0101979,-4.1,12.5958,11.3106,9.48876,114.497
0.0101979,-3.9,12.4082,16.6282,9.25586,113.375
0.0101979,-3.7,12.1804,23.1473,8.97657,112.01
0.0101979,-3.5,11.9168,30.7814,8.65807,110.425
0.0101979,-3.3,11.6232,39.4056,8.30914,108.652
0.0101979,-3.1,11.3058,48.8807,7.9388,106.724
0.0101979,-2.9,10.9705,59.0707,7.55533,104.674
0.0101979,-2.7,10.6226,69.8523,7.16588,102.529
0.0101979,-2.5,10.2667,81.1181,6.77628,100.316
0.0101979,-2.3,9.90659,92.7768,6.39118,98.0538
0.0101979,-2.1,9.54535,104.751,6.01414,95.7612
0.0101979,-1.9,9.18556,116.975,5.64791,93.4523
0.0101979,-1.7,8.82935,129.391,5.29453,91.1395
0.0101979,-1.5,8.47856,141.945,4.95555,88.8337
0.0101979,-1.3,8.13483,154.583,4.63217,86.5454
0.0101979,-1.1,7.79977,167.249,4.3254,84.2855
0.0101979,-0.9,7.47511,179.872,4.03622,82.0663
0.0101979,-0.7,7.16296,192.357,3.76577,79.9042
0.0101979,-0.5,6.86621,204.563,3.51573,77.8227
0.0101979,-0.3,6.58935,216.264,3.28886,75.8596
0.0101979,-0.1,6.33978,227.072,3.09001,74.0788
0.0101979,0.1,6.13007,236.32,2.92783,72.5921
0.0101979,0.3,5.97909,242.982,2.81561,71.5724
0.0101979,0.5,5.90145,246.176,2.76346,71.1709
0.0101979,0.7,5.87436,246.819,2.75365,71.2452
0.0101979,0.9,5.8545,246.813,2.75452,71.5095
0.0101979,1.1,5.82383,246.724,2.75683,71.9463
0.0101979,1.3,5.76866,246.638,2.75917,72.6961
0.0101979,1.5,5.66986,246.57,2.76132,74.0205
0.0101979,1.7,5.50397,246.522,2.76322,76.3041
0.0101979,1.9,5.25059,246.495,2.76489,80.0346
0.0101979,2.1,4.90312,246.486,2.76637,85.7522
0.0101979,2.3,4.47702,246.492,2.76768,93.9582
0.0101979,2.5,4.00989,246.511,2.76886,104.949
0.0101979,2.7,3.55147,246.543,2.76994,118.541
0.0101979,2.9,3.14815,246.585,2.77095,133.777
0.0101979,3.1,2.82968,246.639,2.77192,148.885
0.0101979,3.3,2.60402,246.705,2.7729,161.844
0.0101979,3.5,2.46081,246.784,2.77393,171.327
0.0101979,3.7,2.37989,246.877,2.77506,177.224
0.0101979,3.9,2.33977,246.988,2.77633,180.345
0.0101979,4.1,2.32302,247.121,2.77779,181.742
0.0101979,4.3,2.31797,247.28,2.77952,182.251
0.0101979,4.5,2.31799,247.472,2.78157,182.383
0.0101979,4.7,2.3199,247.703,2.78404,182.395
0.0101979,4.9,2.32232,247.976,2.78683,182.388
0.0101979,5.1,2.32429,248.14,2.78891,182.37
0.0101979,5.3,2.31824,246.941,2.77534,181.956
0.0101979,5.5,2.24747,232.791,2.63406,178.13
0.0101979,5.7,1.91297,166.845,1.99874,158.802
0.0101979,5.9,1.47547,52.3798,1.25039,128.802
0.0101979,6.1,1.3214,6.04522,1.02784,118.223
0.0101979,6.3,1.30182,0.504186,1.00233,117.022
0.0101979,6.5,1.30014,0.0384035,1.00018,116.922
0.0101979,6.7,1.30001,0.00262957,1.00001,116.914
0.0101979,6.9,1.3,0.000152698,1,116.913
0.0101979,7.1,1.3,6.89346e-06,1,116.913
0.0101979,7.3,1.3,2.09868e-07,1,116.913
0.0101979,7.5,1.3,3.14276e-09,1,116.913
0.0101979,7.7,1.3,0,1,116.913
0.0101979,7.9,1.3,0,1,116.913
0.0101979,8.1,1.3,0,1,116.913
0.0101979,8.3,1.3,0,1,116.913
0.0101979,8.5,1.3,0,1,116.913
0.0101979,8.7,1.3,0,1,116.913
0.0101979,8.9,1.3,0,1,116.913
0.0101979,9.1,1.3,0,1,116.913
0.0101979,9.3,1.3,0,1,116.913
0.0101979,9.5,1.3,0,1,116.913
0.0101979,9.7,1.3,0,1,116.913
0.0101979,9.9,1.3,0,1,116.913
0.0104557,-9.9,13,0,10,116.913
0.0104557,-9.7,13,0,10,116.913
0.0104557,-9.5,13,0,10,116.913
0.0104557,-9.3,13,0,10,116.913
0.0104557,-9.1,13,0,10,116.913
0.0104557,-8.9,13,0,10,116.913
0.0104557,-8.7,13,0,10,116.913
0.0104557,-8.5,13,0,10,116.913
0.0104557,-8.3,13,0,10,116.913
0.0104557,-8.1,13,0,10,116.913
0.0104557,-7.9,13,0,10,116.913
0.0104557,-7.7,13,2.5369e-11,10,116.913
0.0104557,-7.5,13,1.09513e-09,10,116.913
0.0104557,-7.3,13,2.30705e-08,10,116.913
0.0104557,-7.1,13,3.15471e-07,10,116.913
0.0104557,-6.9,13,3.14798e-06,10,116.913
0.0104557,-6.7,13,2.44338e-05,10,116.913
0.0104557,-6.5,13,0.000153547,9.99999,116.913
0.0104557,-6.3,13,0.000802924,9.99996,116.913
0.0104557,-6.1,12.9999,0.00356367,9.99984,116.913
0.0104557,-5.9,12.9995,0.0136268,9.99937,116.911
0.0104557,-5.7,12.9984,0.0454186,9.9979,116.904
0.0104557,-5.5,12.9952,0.133208,9.99384,116.885
0.0104557,-5.3,12.9875,0.346592,9.98399,116.839
0.0104557,-5.1,12.9709,0.806095,9.9628,116.739
0.0104557,-4.9,12.9392,1.68872,9.92221,116.549
0.0104557,-4.7,12.8844,3.21305,9.85246,116.222
0.0104557,-4.5,12.7989,5.6026,9.74396,115.71
0.0104557,-4.3,12.6763,9.04038,9.58958,114.978
0.0104557,-4.1,12.5136,13.6342,9.38638,114.005
0.0104557,-3.9,12.3108,19.4056,9.13597,112.791
0.0104557,-3.7,12.0711,26.3018,8.84377,111.352
0.0104557,-3.5,11.7993,34.2197,8.51748,109.714
0.0104557,-3.3,11.5012,43.0315,8.1657,107.909
0.0104557,-3.1,11.1827,52.6046,7.79675,105.968
0.0104557,-2.9,10.8491,62.8142,7.41807,103.921
0.0104557,-2.7,10.5053,73.5492,7.03592,101.794
0.0104557,-2.5,10.1552,84.7142,6.65537,99.6076
0.0104557,-2.3,9.80212,96.2282,6.2804,97.3813
0.0104557,-2.1,9.44884,108.023,5.9141,95.1302
0.0104557,-1.9,9.09759,120.038,5.55879,92.867
0.0104557,-1.7,8.75028,132.223,5.21623,90.6031
0.0104557,-1.5,8.40855,144.528,4.88777,88.3482
0.0104557,-1.3,8.0739,156.903,4.57446,86.1122
0.0104557,-1.1,7.74781,169.294,4.2772,83.905
0.0104557,-0.9,7.43193,181.632,3.99689,81.7388
0.0104557,-0.7,7.12828,193.826,3.73464,79.6291
0.0104557,-0.5,6.8397,205.737,3.4921,77.5992
0.0104557,-0.3,6.57059,217.142,3.27198,75.6858
0.0104557,-0.1,6.32822,227.662,3.07911,73.9521
0.0104557,0.1,6.12491,236.644,2.92193,72.5066
0.0104557,0.3,5.97895,243.094,2.81334,71.5164
0.0104557,0.5,5.90422,246.183,2.76291,71.1234
0.0104557,0.7,5.8787,246.803,2.75344,71.1871
0.0104557,0.9,5.86095,246.792,2.75434,71.4263
0.0104557,1.1,5.83426,246.7,2.75663,71.8124
0.0104557,1.3,5.78683,246.613,2.75893,72.4615
0.0104557,1.5,5.70175,246.543,2.76103,73.5988
0.0104557,1.7,5.55701,246.493,2.76289,75.5666
0.0104557,1.9,5.33127,246.464,2.76452,78.8127
0.0104557,2.1,5.01356,246.451,2.76595,83.8505
0.0104557,2.3,4.61234,246.453,2.76722,91.1865
0.0104557,2.5,4.15819,246.468,2.76837,101.188
0.0104557,2.7,3.69697,246.495,2.76941,113.854
0.0104557,2.9,3.27613,246.531,2.77037,128.524
0.0104557,3.1,2.93069,246.578,2.77129,143.721
0.0104557,3.3,2.67553,246.636,2.77219,157.479
0.0104557,3.5,2.5061,246.704,2.77313,168.182
0.0104557,3.7,2.40534,246.786,2.77414,175.291
0.0104557,3.9,2.3522,246.882,2.77526,179.323
0.0104557,4.1,2.32795,246.996,2.77653,181.274
0.0104557,4.3,2.3191,247.132,2.77802,182.064
0.0104557,4.5,2.31741,247.295,2.77977,182.311
0.0104557,4.7,2.3186,247.492,2.78185,182.355
0.0104557,4.9,2.32076,247.727,2.78435,182.349
0.0104557,5.1,2.32306,247.99,2.78706,182.345
0.0104557,5.3,2.32411,248.016,2.78756,182.295
0.0104557,5.5,2.31075,245.338,2.75964,181.513
0.0104557,5.7,2.18972,221.937,2.52067,174.959
0.0104557,5.9,1.77834,135.622,1.75665,150.134
0.0104557,6.1,1.40589,31.2451,1.14551,123.838
0.0104557,6.3,1.31115,3.12174,1.0144,117.589
0.0104557,6.5,1.30092,0.255067,1.00118,116.969
0.0104557,6.7,1.30007,0.0192495,1.00009,116.918
0.0104557,6.9,1.3,0.0013033,1.00001,116.914
0.0104557,7.1,1.3,7.4625e-05,1,116.913
0.0104557,7.3,1.3,3.31464e-06,1,116.913
0.0104557,7.5,1.3,9.91743e-08,1,116.913
0.0104557,7.7,1.3,1.45991e-09,1,116.913
0.0104557,7.9,1.3,0,1,116.913
0.0104557,8.1,1.3,0,1,116.913
0.0104557,8.3,1.3,0,1,116.913
0.0104557,8.5,1.3,0,1,116.913
0.0104557,8.7,1.3,0,1,116.913
0.0104557,8.9,1.3,0,1,116.913
0.0104557,9.1,1.3,0,1,116.913
0.0104557,9.3,1.3,0,1,116.913
0.0104557,9.5,1.3,0,1,116.913
0.0104557,9.7,1.3,0,1,116.913
0.0104557,9.9,1.3,0,1,116.913
0.0107135,-9.9,13,0,10,116.913
0.0107135,-9.7,13,0,10,116.913
0.0107135,-9.5,13,0,10,116.913
0.0107135,-9.3,13,0,10,116.913
0.0107135,-9.1,13,0,10,116.913
0.0107135,-8.9,13,0,10,116.913
0.0107135,-8.7,13,0,10,116.913
0.0107135,-8.5,13,0,10,116.913
0.0107135,-8.3,13,0,10,116.913
0.0107135,-8.1,13,0,10,116.913
0.0107135,-7.9,13,1.17988e-11,10,116.913
0.0107135,-7.7,13,5.22431e-10,10,116.913
0.0107135,-7.5,13,1.13061e-08,10,116.913
0.0107135,-7.3,13,1.58936e-07,10,116.913
0.0107135,-7.1,13,1.63161e-06,10,116.913
0.0107135,-6.9,13,1.30386e-05,10,116.913
0.0107135,-6.7,13,8.44267e-05,10,116.913
0.0107135,-6.5,13,0.000455283,9.99998,116.913
0.0107135,-6.3,12.9999,0.0020857,9.9999,116.913
0.0107135,-6.1,12.9997,0.00823935,9.99962,116.912
0.0107135,-5.9,12.999,0.0283967,9.99869,116.907
0.0107135,-5.7,12.9969,0.0861908,9.99602,116.895
0.0107135,-5.5,12.9916,0.232235,9.98927,116.863
0.0107135,-5.3,12.9798,0.55949,9.97416,116.793
0.0107135,-5.1,12.9563,1.21375,9.94403,116.652
0.0107135,-4.9,12.914,2.38893,9.89012,116.399
0.0107135,-4.7,12.8454,4.30127,9.80292,115.988
0.0107135,-4.5,12.7437,7.14859,9.67427,115.38
0.0107135,-4.3,12.6042,11.0711,9.4993,114.547
0.0107135,-4.1,12.4257,16.1298,9.27739,113.478
0.0107135,-3.9,12.2096,22.3078,9.01201,112.183
0.0107135,-3.7,11.9599,29.5284,8.70954,110.681
0.0107135,-3.5,11.6818,37.6794,8.37784,109.001
0.0107135,-3.3,11.3808,46.6351,8.02508,107.173
0.0107135,-3.1,11.0623,56.2714,7.65886,105.227
0.0107135,-2.9,10.7314,66.4746,7.28578,103.188
0.0107135,-2.7,10.392,77.1454,6.91132,101.081
0.0107135,-2.5,10.0479,88.1986,6.53986,98.9236
0.0107135,-2.3,9.70194,99.5625,6.17486,96.7333
0.0107135,-2.1,9.35647,111.176,5.81893,94.5233
0.0107135,-1.9,9.01352,122.986,5.47409,92.305
0.0107135,-1.7,8.67479,134.945,5.14186,90.0885
0.0107135,-1.5,8.34174,147.008,4.8234,87.8829
0.0107135,-1.3,8.01576,159.129,4.51963,85.697
0.0107135,-1.1,7.69823,171.255,4.23137,83.5406
0.0107135,-0.9,7.39072,183.32,3.95946,81.425
0.0107135,-0.7,7.09517,195.235,3.70499,79.3656
0.0107135,-0.5,6.81436,206.863,3.46955,77.3849
0.0107135,-0.3,6.55262,217.986,3.25586,75.5194
0.0107135,-0.1,6.31713,228.229,3.06866,73.8307
0.0107135,0.1,6.11992,236.955,2.91626,72.4249
0.0107135,0.3,5.97875,243.204,2.81115,71.4631
0.0107135,0.5,5.90677,246.191,2.76238,71.079
0.0107135,0.7,5.8827,246.787,2.75324,71.1337
0.0107135,0.9,5.86676,246.771,2.75418,71.3514
0.0107135,1.1,5.84344,246.678,2.75644,71.6948
0.0107135,1.3,5.80256,246.59,2.75871,72.2593
0.0107135,1.5,5.7293,246.518,2.76077,73.2379
0.0107135,1.7,5.60336,246.467,2.76258,74.9333
0.0107135,1.9,5.4032,246.435,2.76417,77.7538
0.0107135,2.1,5.11458,246.419,2.76556,82.1829
0.0107135,2.3,4.7398,246.418,2.7668,88.7209
0.0107135,2.5,4.30239,246.429,2.76791,97.7799
0.0107135,2.7,3.84338,246.451,2.76891,109.497
0.0107135,2.9,3.4097,246.482,2.76984,123.466
0.0107135,3.1,3.0403,246.523,2.77071,138.51
0.0107135,3.3,2.75644,246.574,2.77156,152.821
0.0107135,3.5,2.55975,246.634,2.77242,164.615
0.0107135,3.7,2.43713,246.706,2.77333,172.954
0.0107135,3.9,2.36881,246.79,2.77432,178.006
0.0107135,4.1,2.33533,246.888,2.77544,180.631
0.0107135,4.3,2.32151,247.005,2.77673,181.79
0.0107135,4.5,2.31746,247.144,2.77823,182.207
0.0107135,4.7,2.31763,247.311,2.78001,182.31
0.0107135,4.9,2.31936,247.512,2.78214,182.313
0.0107135,5.1,2.32155,247.751,2.78465,182.305
0.0107135,5.3,2.32367,247.986,2.78718,182.305
0.0107135,5.5,2.32302,247.761,2.78451,182.182
0.0107135,5.7,2.29678,242.39,2.73119,180.734
0.0107135,5.9,2.10541,206.033,2.35797,170.219
0.0107135,6.1,1.64823,102.038,1.53148,141.222
0.0107135,6.3,1.3603,17.4674,1.08053,120.729
0.0107135,6.5,1.30573,1.59847,1.00738,117.259
0.0107135,6.7,1.30046,0.128898,1.0006,116.941
0.0107135,6.9,1.30003,0.00964255,1.00004,116.916
0.0107135,7.1,1.3,0.000645539,1,116.914
0.0107135,7.3,1.3,3.64494e-05,1,116.913
0.0107135,7.5,1.3,1.59326e-06,1,116.913
0.0107135,7.7,1.3,4.68634e-08,1,116.913
0.0107135,7.9,1.3,6.78345e-10,1,116.913
0.0107135,8.1,1.3,0,1,116.913
0.0107135,8.3,1.3,0,1,116.913
0.0107135,8.5,1.3,0,1,116.913
0.0107135,8.7,1.3,0,1,116.913
0.0107135,8.9,1.3,0,1,116.913
0.0107135,9.1,1.3,0,1,116.913
0.0107135,9.3,1.3,0,1,116.913
0.0107135,9.5,1.3,0,1,116.913
0.0107135,9.7,1.3,0,1,116.913
0.0107135,9.9,1.3,0,1,116.913
0.0109714,-9.9,13,0,10,116.913
0.0109714,-9.7,13,0,10,116.913
0.0109714,-9.5,13,0,10,116.913
0.0109714,-9.3,13,0,10,116.913
0.0109714,-9.1,13,0,10,116.913
0.0109714,-8.9,13,0,10,116.913
0.0109714,-8.7,13,0,10,116.913
0.0109714,-8.5,13,0,10,116.913
0.0109714,-8.3,13,0,10,116.913
0.0109714,-8.1,13,5.49575e-12,10,116.913
0.0109714,-7.9,13,2.49098e-10,10,116.913
0.0109714,-7.7,13,5.5335e-09,10,116.913
0.0109714,-7.5,13,7.99085e-08,10,116.913
0.0109714,-7.3,13,8.43276e-07,10,116.913
0.0109714,-7.1,13,6.93232e-06,10,116.913
0.0109714,-6.9,13,4.6212e-05,10,116.913
0.0109714,-6.7,13,0.00025676,9.99999,116.913
0.0109714,-6.5,13,0.00121292,9.99994,116.913
0.0109714,-6.3,12.9998,0.00494516,9.99977,116.912
0.0109714,-6.1,12.9994,0.0176053,9.99919,116.91
0.0109714,-5.9,12.998,0.0552447,9.99745,116.902
0.0109714,-5.7,12.9944,0.154,9.99288,116.88
0.0109714,-5.5,12.9862,0.384004,9.98226,116.83
0.0109714,-5.3,12.9689,0.862208,9.96021,116.727
0.0109714,-5.1,12.9368,1.75521,9.91916,116.535
0.0109714,-4.9,12.8826,3.264,9.85013,116.211
0.0109714,-4.7,12.7993,5.59076,9.74447,115.713
0.0109714,-4.5,12.6813,8.89944,9.59583,115.007
0.0109714,-4.3,12.5259,13.2864,9.40157,114.077
0.0109714,-4.1,12.3331,18.7712,9.16312,112.923
0.0109714,-3.9,12.1056,25.3073,8.88529,111.556
0.0109714,-3.7,11.8478,32.8023,8.57498,110.003
0.0109714,-3.5,11.5649,41.141,8.23995,108.29
0.0109714,-3.3,11.2624,50.2026,7.88778,106.447
0.0109714,-3.1,10.945,59.8724,7.52534,104.501
0.0109714,-2.9,10.6172,70.0478,7.15847,102.475
0.0109714,-2.7,10.2828,80.6399,6.79193,100.39
0.0109714,-2.5,9.94483,91.5729,6.42954,98.2631
0.0109714,-2.3,9.60587,102.783,6.07426,96.1091
0.0109714,-2.1,9.26805,114.216,5.72835,93.9397
0.0109714,-1.9,8.93314,125.823,5.39355,91.7652
0.0109714,-1.7,8.60266,137.562,5.07116,89.5947
0.0109714,-1.5,8.27794,149.391,4.76219,87.4365
0.0109714,-1.3,7.96025,161.266,4.46748,85.299
0.0109714,-1.1,7.65089,173.137,4.18775,83.1912
0.0109714,-0.9,7.35134,184.939,3.92382,81.1242
0.0109714,-0.7,7.06351,196.586,3.67671,79.1129
0.0109714,-0.5,6.79011,207.944,3.44803,77.1795
0.0109714,-0.3,6.53541,218.795,3.24044,75.3598
0.0109714,-0.1,6.30646,228.773,3.05865,73.7143
0.0109714,0.1,6.11508,237.254,2.9108,72.3467
0.0109714,0.3,5.97849,243.31,2.80904,71.4125
0.0109714,0.5,5.90915,246.198,2.76188,71.0375
0.0109714,0.7,5.88639,246.772,2.75306,71.0844
0.0109714,0.9,5.87203,246.752,2.75404,71.2836
0.0109714,1.1,5.85156,246.657,2.75627,71.591
0.0109714,1.3,5.81622,246.568,2.7585,72.0843
0.0109714,1.5,5.75311,246.495,2.76053,72.9285
0.0109714,1.7,5.64375,246.442,2.7623,74.3895
0.0109714,1.9,5.46702,246.408,2.76385,76.8373
0.0109714,2.1,5.20638,246.39,2.76521,80.7235
0.0109714,2.3,4.85887,246.385,2.76641,86.5346
0.0109714,2.5,4.44129,246.393,2.76749,94.7075
0.0109714,2.7,3.98911,246.411,2.76846,105.48
0.0109714,2.9,3.54736,246.438,2.76935,118.654
0.0109714,3.1,3.15752,246.474,2.77018,133.343
0.0109714,3.3,2.84648,246.518,2.77098,147.956
0.0109714,3.5,2.62207,246.572,2.77178,160.665
0.0109714,3.7,2.47589,246.635,2.77261,170.202
0.0109714,3.9,2.39028,246.708,2.7735,176.355
0.0109714,4.1,2.34568,246.795,2.7745,179.772
0.0109714,4.3,2.32556,246.896,2.77562,181.401
0.0109714,4.5,2.31834,247.015,2.77692,182.052
0.0109714,4.7,2.31708,247.158,2.77845,182.251
0.0109714,4.9,2.31821,247.328,2.78026,182.281
0.0109714,5.1,2.32014,247.532,2.78243,182.271
0.0109714,5.3,2.32226,247.774,2.7849,182.267
0.0109714,5.5,2.32406,247.952,2.78703,182.265
0.0109714,5.7,2.32043,247.238,2.77862,181.999
0.0109714,5.9,2.27156,237.314,2.68069,179.362
0.0109714,6.1,1.99499,184.139,2.14954,163.762
0.0109714,6.3,1.53586,70.297,1.3457,133.17
0.0109714,6.5,1.33285,9.35727,1.04307,118.944
0.0109714,6.7,1.30293,0.814744,1.00376,117.09
0.0109714,6.9,1.30023,0.0650783,1.0003,116.928
0.0109714,7.1,1.30002,0.00482647,1.00002,116.915
0.0109714,7.3,1.3,0.000319489,1,116.914
0.0109714,7.5,1.3,1.77906e-05,1,116.913
0.0109714,7.7,1.3,7.65459e-07,1,116.913
0.0109714,7.9,1.3,2.21401e-08,1,116.913
0.0109714,8.1,1.3,3.15212e-10,1,116.913
0.0109714,8.3,1.3,0,1,116.913
0.0109714,8.5,1.3,0,1,116.913
0.0109714,8.7,1.3,0,1,116.913
0.0109714,8.9,1.3,0,1,116.913
0.0109714,9.1,1.3,0,1,116.913
0.0109714,9.3,1.3,0,1,116.913
0.0109714,9.5,1.3,0,1,116.913
0.0109714,9.7,1.3,0,1,116.913
0.0109714,9.9,1.3,0,1,116.913
0.0112293,-9.9,13,0,10,116.913
0.0112293,-9.7,13,0,10,116.913
0.0112293,-9.5,13,0,10,116.913
0.0112293,-9.3,13,0,10,116.913
0.0112293,-9.1,13,0,10,116.913
0.0112293,-8.9,13,0,10,116.913
0.0112293,-8.7,13,0,10,116.913
0.0112293,-8.5,13,0,10,116.913
0.0112293,-8.3,13,2.575e-12,10,116.913
0.0112293,-8.1,13,1.18715e-10,10,116.913
0.0112293,-7.9,13,2.70498e-09,10,116.913
0.0112293,-7.7,13,4.00991e-08,10,116.913
0.0112293,-7.5,13,4.34681e-07,10,116.913
0.0112293,-7.3,13,3.67314e-06,10,116.913
0.0112293,-7.1,13,2.51874e-05,10,116.913
0.0112293,-6.9,13,0.000144063,9.99999,116.913
0.0112293,-6.7,13,0.00070113,9.99997,116.913
0.0112293,-6.5,12.9999,0.00294744,9.99986,116.913
0.0112293,-6.3,12.9996,0.0108286,9.9995,116.911
0.0112293,-6.1,12.9987,0.0350946,9.99838,116.906
0.0112293,-5.9,12.9964,0.101116,9.99533,116.892
0.0112293,-5.7,12.9906,0.260747,9.98795,116.857
0.0112293,-5.5,12.9782,0.605566,9.97204,116.783
0.0112293,-5.3,12.9541,1.27464,9.94123,116.638
0.0112293,-5.1,12.9119,2.44829,9.8874,116.386
0.0112293,-4.9,12.8446,4.32386,9.80188,115.983
0.0112293,-4.7,12.7461,7.07972,9.67734,115.395
0.0112293,-4.5,12.6124,10.8416,9.50941,114.595
0.0112293,-4.3,12.4421,15.6642,9.29756,113.575
0.0112293,-4.1,12.2366,21.533,9.04484,112.343
0.0112293,-3.9,11.9995,28.3796,8.75695,110.917
0.0112293,-3.7,11.7354,36.1029,8.441,109.321
0.0112293,-3.5,11.4493,44.5888,8.10439,107.584
0.0112293,-3.3,11.1463,53.7234,7.75411,105.733
0.0112293,-3.1,10.8308,63.4019,7.39628,103.791
0.0112293,-2.9,10.5068,73.5318,7.03605,101.781
0.0112293,-2.7,10.1775,84.0336,6.67757,99.7207
0.0112293,-2.5,9.84572,94.8402,6.32415,97.6253
0.0112293,-2.3,9.51371,105.894,5.97833,95.5075
0.0112293,-2.1,9.18335,117.147,5.64207,93.3781
0.0112293,-1.9,8.85623,128.556,5.31687,91.2464
0.0112293,-1.7,8.53368,140.081,5.00387,89.1204
0.0112293,-1.5,8.21694,151.682,4.70394,87.008
0.0112293,-1.3,7.90718,163.319,4.41782,84.917
0.0112293,-1.1,7.60562,174.944,4.1462,82.8559
0.0112293,-0.9,7.31368,186.495,3.88983,80.8355
0.0112293,-0.7,7.03321,197.884,3.64972,78.8704
0.0112293,-0.5,6.76689,208.981,3.42746,76.9824
0.0112293,-0.3,6.5189,219.573,3.22569,75.2066
0.0112293,-0.1,6.29621,229.296,3.04905,73.6027
0.0112293,0.1,6.1104,237.543,2.90556,72.2718
0.0112293,0.3,5.97818,243.413,2.807,71.3642
0.0112293,0.5,5.91135,246.206,2.76139,70.9984
0.0112293,0.7,5.88982,246.758,2.7529,71.0388
0.0112293,0.9,5.87683,246.733,2.75391,71.2219
0.0112293,1.1,5.85879,246.638,2.75612,71.4988
0.0112293,1.3,5.82812,246.547,2.75832,71.9323
0.0112293,1.5,5.7737,246.473,2.76031,72.6626
0.0112293,1.7,5.67888,246.418,2.76204,73.9224
0.0112293,1.9,5.52341,246.382,2.76356,76.0447
0.0112293,2.1,5.2893,246.362,2.76488,79.4485
0.0112293,2.3,4.96929,246.356,2.76605,84.6006
0.0112293,2.5,4.5739,246.36,2.7671,91.9486
0.0112293,2.7,4.13267,246.375,2.76804,101.8
0.0112293,2.9,3.68758,246.398,2.7689,114.123
0.0112293,3.1,3.28125,246.429,2.7697,128.293
0.0112293,3.3,2.94517,246.468,2.77046,142.972
0.0112293,3.5,2.69322,246.516,2.77121,156.388
0.0112293,3.7,2.52217,246.571,2.77197,167.041
0.0112293,3.9,2.41728,246.636,2.77278,174.34
0.0112293,4.1,2.35961,246.712,2.77366,178.658
0.0112293,4.3,2.33166,246.8,2.77466,180.864
0.0112293,4.5,2.32028,246.904,2.77579,181.826
0.0112293,4.7,2.31705,247.026,2.77711,182.165
0.0112293,4.9,2.31734,247.172,2.77867,182.245
0.0112293,5.1,2.31891,247.346,2.7805,182.242
0.0112293,5.3,2.32088,247.554,2.78271,182.231
0.0112293,5.5,2.32287,247.792,2.78512,182.233
0.0112293,5.7,2.32408,247.87,2.78628,182.214
0.0112293,5.9,2.31534,246.186,2.76786,181.692
0.0112293,6.1,2.22876,229.118,2.59608,177.037
0.0112293,6.3,1.86598,156.219,1.91275,155.797
0.0112293,6.5,1.44885,44.2938,1.20946,126.875
0.0112293,6.7,1.31737,4.89128,1.02254,117.972
0.0112293,6.9,1.30149,0.414245,1.00191,117.003
0.0112293,7.1,1.30012,0.0328331,1.00015,116.921
0.0112293,7.3,1.30001,0.00241412,1.00001,116.914
0.0112293,7.5,1.3,0.000158004,1,116.913
0.0112293,7.7,1.3,8.67786e-06,1,116.913
0.0112293,7.9,1.3,3.67596e-07,1,116.913
0.0112293,8.1,1.3,1.04583e-08,1,116.913
0.0112293,8.3,1.3,1.46504e-10,1,116.913
0.0112293,8.5,1.3,0,1,116.913
0.0112293,8.7,1.3,0,1,116.913
0.0112293,8.9,1.3,0,1,116.913
0.0112293,9.1,1.3,0,1,116.913
0.0112293,9.3,1.3,0,1,116.913
0.0112293,9.5,1.3,0,1,116.913
0.0112293,9.7,1.3,0,1,116.913
0.0112293,9.9,1.3,0,1,116.913
0.0114872,-9.9,13,0,10,116.913
0.0114872,-9.7,13,0,10,116.913
0.0114872,-9.5,13,0,10,116.913
0.0114872,-9.3,13,0,10,116.913
0.0114872,-9.1,13,0,10,116.913
0.0114872,-8.9,13,0,10,116.913
0.0114872,-8.7,13,0,10,116.913
0.0114872,-8.5,13,1.1896e-12,10,116.913
0.0114872,-8.3,13,5.65919e-11,10,116.913
0.0114872,-8.1,13,1.32091e-09,10,116.913
0.0114872,-7.9,13,2.00874e-08,10,116.913
0.0114872,-7.7,13,2.23518e-07,10,116.913
0.0114872,-7.5,13,1.94006e-06,10,116.913
0.0114872,-7.3,13,1.36739e-05,10,116.913
0.0114872,-7.1,13,8.04462e-05,10,116.913
0.0114872,-6.9,13,0.000403012,9.99998,116.913
0.0114872,-6.7,12.9999,0.0017453,9.99992,116.913
0.0114872,-6.5,12.9998,0.00661078,9.99969,116.912
0.0114872,-6.3,12.9992,0.022107,9.99898,116.909
0.0114872,-6.1,12.9976,0.0657728,9.99696,116.899
0.0114872,-5.9,12.9937,0.17525,9.9919,116.876
0.0114872,-5.7,12.9848,0.420688,9.98057,116.823
0.0114872,-5.5,12.967,0.915172,9.95777,116.716
0.0114872,-5.3,12.9346,1.81546,9.91639,116.522
0.0114872,-5.1,12.8811,3.30674,9.84817,116.201
0.0114872,-4.9,12.7999,5.57262,9.74527,115.716
0.0114872,-4.7,12.6863,8.76077,9.60199,115.036
0.0114872,-4.5,12.5375,12.9578,9.41595,114.146
0.0114872,-4.3,12.3537,18.1817,9.18843,113.045
0.0114872,-4.1,12.1373,24.391,8.9237,111.745
0.0114872,-3.9,11.8923,31.5028,8.62799,110.268
0.0114872,-3.7,11.6234,39.4127,8.30831,108.64
0.0114872,-3.5,11.3354,48.0103,7.97163,106.886
0.0114872,-3.3,11.0328,57.1898,7.62427,105.031
0.0114872,-3.1,10.7199,66.856,7.27169,103.099
0.0114872,-2.9,10.3999,76.9258,6.9184,101.107
0.0114872,-2.7,10.076,87.3284,6.56803,99.073
0.0114872,-2.5,9.75042,98.0037,6.22342,97.0093
0.0114872,-2.3,9.42526,108.901,5.88678,94.9276
0.0114872,-2.1,9.10217,119.976,5.55982,92.8375
0.0114872,-1.9,8.78257,131.189,5.24382,90.7474
0.0114872,-1.7,8.46767,142.505,4.93976,88.6646
0.0114872,-1.5,8.15858,153.886,4.64844,86.5964
0.0114872,-1.3,7.85641,165.294,4.37049,84.5501
0.0114872,-1.1,7.56231,176.682,4.10657,82.5339
0.0114872,-0.9,7.27763,187.989,3.85738,80.5583
0.0114872,-0.7,7.0042,199.132,3.62394,78.6376
0.0114872,-0.5,6.74462,209.979,3.40778,76.793
0.0114872,-0.3,6.50305,220.32,3.21155,75.0595
0.0114872,-0.1,6.28634,229.8,3.03984,73.4954
0.0114872,0.1,6.10586,237.821,2.90052,72.1999
0.0114872,0.3,5.97783,243.513,2.80502,71.3182
0.0114872,0.5,5.9134,246.213,2.76092,70.9618
0.0114872,0.7,5.893,246.745,2.75274,70.9965
0.0114872,0.9,5.88122,246.715,2.75379,71.1657
0.0114872,1.1,5.86525,246.619,2.75598,71.4164
0.0114872,1.3,5.83855,246.527,2.75815,71.7994
0.0114872,1.5,5.79154,246.452,2.7601,72.4334
0.0114872,1.7,5.70941,246.397,2.76181,73.5208
0.0114872,1.9,5.57307,246.359,2.76328,75.3597
0.0114872,2.1,5.36382,246.337,2.76457,78.336
0.0114872,2.3,5.07101,246.328,2.76571,82.8936
0.0114872,2.5,4.6995,246.33,2.76673,89.4796
0.0114872,2.7,4.27278,246.341,2.76765,98.4484
0.0114872,2.9,3.82889,246.361,2.76849,109.895
0.0114872,3.1,3.41024,246.388,2.76925,123.42
0.0114872,3.3,3.05183,246.423,2.76998,137.951
0.0114872,3.5,2.77314,246.465,2.77068,151.853
0.0114872,3.7,2.57637,246.514,2.77139,163.492
0.0114872,3.9,2.45043,246.572,2.77213,171.941
0.0114872,4.1,2.37772,246.639,2.77293,177.25
0.0114872,4.3,2.34029,246.717,2.77381,180.143
0.0114872,4.5,2.32359,246.807,2.77481,181.502
0.0114872,4.7,2.31771,246.913,2.77596,182.038
0.0114872,4.9,2.31681,247.038,2.7773,182.197
0.0114872,5.1,2.31789,247.187,2.77888,182.215
0.0114872,5.3,2.31962,247.365,2.78075,182.202
0.0114872,5.5,2.32154,247.575,2.78297,182.196
0.0114872,5.7,2.32337,247.797,2.78526,182.203
0.0114872,5.9,2.32346,247.704,2.78436,182.137
0.0114872,6.1,2.30584,244.178,2.7484,181.159
0.0114872,6.3,2.16214,216.652,2.46625,173.365
0.0114872,6.5,1.73161,123.874,1.67437,146.964
0.0114872,6.7,1.38806,25.8205,1.11969,122.602
0.0114872,6.9,1.30903,2.52368,1.01165,117.459
0.0114872,7.1,1.30076,0.210326,1.00097,116.959
0.0114872,7.3,1.30006,0.0165554,1.00008,116.917
0.0114872,7.5,1.3,0.00120675,1.00001,116.914
0.0114872,7.7,1.3,7.80912e-05,1,116.913
0.0114872,7.9,1.3,4.23057e-06,1,116.913
0.0114872,8.1,1.3,1.76471e-07,1,116.913
0.0114872,8.3,1.3,4.93984e-09,1,116.913
0.0114872,8.5,1.3,6.80986e-11,1,116.913
0.0114872,8.7,1.3,0,1,116.913
0.0114872,8.9,1.3,0,1,116.913
0.0114872,9.1,1.3,0,1,116.913
0.0114872,9.3,1.3,0,1,116.913
0.0114872,9.5,1.3,0,1,116.913
0.0114872,9.7,1.3,0,1,116.913
0.0114872,9.9,1.3,0,1,116.913
0.0117452,-9.9,13,0,10,116.913
0.0117452,-9.7,13,0,10,116.913
0.0117452,-9.5,13,0,10,116.913
0.0117452,-9.3,13,0,10,116.913
0.0117452,-9.1,13,0,10,116.913
0.0117452,-8.9,13,0,10,116.913
0.0117452,-8.7,13,5.65994e-13,10,116.913
0.0117452,-8.5,13,2.6925e-11,10,116.913
0.0117452,-8.3,13,6.44394e-10,10,116.913
0.0117452,-8.1,13,1.00455e-08,10,116.913
0.0117452,-7.9,13,1.14662e-07,10,116.913
0.0117452,-7.7,13,1.02154e-06,10,116.913
0.0117452,-7.5,13,7.39514e-06,10,116.913
0.0117452,-7.3,13,4.47164e-05,10,116.913
0.0117452,-7.1,13,0.000230407,9.99999,116.913
0.0117452,-6.9,13,0.00102704,9.99995,116.913
0.0117452,-6.7,12.9999,0.00400721,9.99981,116.913
0.0117452,-6.5,12.9995,0.0138144,9.99936,116.91
0.0117452,-6.3,12.9985,0.0424025,9.99804,116.904
0.0117452,-6.1,12.9958,0.116637,9.99461,116.888
0.0117452,-5.9,12.9896,0.289183,9.98664,116.851
0.0117452,-5.7,12.9766,0.649825,9.97,116.773
0.0117452,-5.5,12.9521,1.33102,9.93864,116.626
0.0117452,-5.3,12.91,2.50061,9.885,116.375
0.0117452,-5.1,12.8441,4.33927,9.80117,115.98
0.0117452,-4.9,12.7487,7.00852,9.68051,115.409
0.0117452,-4.7,12.6202,10.6216,9.51912,114.641
0.0117452,-4.5,12.4574,15.2282,9.31648,113.666
0.0117452,-4.3,12.2617,20.8156,9.07533,112.492
0.0117452,-4.1,12.036,27.3224,8.80078,111.134
0.0117452,-3.9,11.7847,34.6574,8.49926,109.615
0.0117452,-3.7,11.5123,42.7163,8.17753,107.962
0.0117452,-3.5,11.2234,51.3946,7.84201,106.197
0.0117452,-3.3,10.9221,60.5951,7.49841,104.345
0.0117452,-3.1,10.6122,70.2315,7.15156,102.425
0.0117452,-2.9,10.2967,80.2295,6.8054,100.454
0.0117452,-2.7,9.97814,90.5256,6.4631,98.4462
0.0117452,-2.5,9.65878,101.067,6.12712,96.4145
0.0117452,-2.3,9.34034,111.806,5.79939,94.3685
0.0117452,-2.1,9.02432,122.705,5.48136,92.3169
0.0117452,-1.9,8.71198,133.728,5.17415,90.2672
0.0117452,-1.7,8.40443,144.84,4.87864,88.2262
0.0117452,-1.5,8.1027,156.008,4.5955,86.2007
0.0117452,-1.3,7.80779,167.194,4.32533,84.1975
0.0117452,-1.1,7.52082,178.353,4.06873,82.2245
0.0117452,-0.9,7.24309,189.427,3.82638,80.292
0.0117452,-0.7,6.97638,200.331,3.59927,78.4138
0.0117452,-0.5,6.72326,210.938,3.38894,76.611
0.0117452,-0.3,6.48782,221.04,3.19799,74.918
0.0117452,-0.1,6.27684,230.285,3.03099,73.3924
0.0117452,0.1,6.10146,238.09,2.89566,72.131
0.0117452,0.3,5.97744,243.61,2.80311,71.2743
0.0117452,0.5,5.91532,246.221,2.76047,70.9272
0.0117452,0.7,5.89597,246.732,2.7526,70.9572
0.0117452,0.9,5.88526,246.698,2.75368,71.1141
0.0117452,1.1,5.87106,246.601,2.75586,71.3424
0.0117452,1.3,5.84772,246.508,2.75799,71.6828
0.0117452,1.5,5.80703,246.433,2.75992,72.2353
0.0117452,1.7,5.73592,246.376,2.76159,73.1752
0.0117452,1.9,5.61666,246.337,2.76303,74.7679
0.0117452,2.1,5.43046,246.314,2.76429,77.3668
0.0117452,2.3,5.1641,246.302,2.7654,81.3901
0.0117452,2.5,4.81752,246.302,2.7664,87.2768
0.0117452,2.7,4.40829,246.311,2.76729,95.4095
0.0117452,2.9,3.96983,246.327,2.7681,105.978
0.0117452,3.1,3.54315,246.351,2.76884,118.773
0.0117452,3.3,3.16559,246.382,2.76954,132.972
0.0117452,3.5,2.86157,246.419,2.77021,147.135
0.0117452,3.7,2.63876,246.463,2.77087,159.597
0.0117452,3.9,2.49029,246.515,2.77155,169.153
0.0117452,4.1,2.40064,246.574,2.77227,175.516
0.0117452,4.3,2.35196,246.643,2.77307,179.2
0.0117452,4.5,2.32863,246.722,2.77395,181.053
0.0117452,4.7,2.31927,246.815,2.77496,181.85
0.0117452,4.9,2.31673,246.923,2.77613,182.126
0.0117452,5.1,2.3171,247.051,2.77749,182.186
0.0117452,5.3,2.31854,247.202,2.77909,182.178
0.0117452,5.5,2.3203,247.384,2.781,182.165
0.0117452,5.7,2.32212,247.597,2.78321,182.166
0.0117452,5.9,2.32373,247.78,2.78525,182.174
0.0117452,6.1,2.32176,247.369,2.78039,182.011
0.0117452,6.3,2.28844,240.579,2.7134,180.211
0.0117452,6.5,2.06851,198.77,2.28707,168.047
0.0117452,6.7,1.60668,90.5304,1.46152,138.256
0.0117452,6.9,1.34939,14.2166,1.06548,120.009
0.0117452,7.1,1.30464,1.29322,1.00597,117.193
0.0117452,7.3,1.30038,0.10669,1.00049,116.937
0.0117452,7.5,1.30003,0.00834268,1.00004,116.915
0.0117452,7.7,1.3,0.000602809,1,116.914
0.0117452,7.9,1.3,3.85684e-05,1,116.913
0.0117452,8.1,1.3,2.06122e-06,1,116.913
0.0117452,8.3,1.3,8.46849e-08,1,116.913
0.0117452,8.5,1.3,2.333e-09,1,116.913
0.0117452,8.7,1.3,3.1635e-11,1,116.913
0.0117452,8.9,1.3,0,1,116.913
0.0117452,9.1,1.3,0,1,116.913
0.0117452,9.3,1.3,0,1,116.913
0.0117452,9.5,1.3,0,1,116.913
0.0117452,9.7,1.3,0,1,116.913
0.0117452,9.9,1.3,0,1,116.913
0.0120032,-9.9,13,0,10,116.913
0.0120032,-9.7,13,0,10,116.913
0.0120032,-9.5,13,0,10,116.913
0.0120032,-9.3,13,0,10,116.913
0.0120032,-9.1,13,0,10,116.913
0.0120032,-8.9,13,2.77243e-13,10,116.913
0.0120032,-8.7,13,1.28224e-11,10,116.913
0.0120032,-8.5,13,3.13998e-10,10,116.913
0.0120032,-8.3,13,5.01529e-09,10,116.913
0.0120032,-8.1,13,5.86857e-08,10,116.913
0.0120032,-7.9,13,5.36302e-07,10,116.913
0.0120032,-7.7,13,3.98486e-06,10,116.913
0.0120032,-7.5,13,2.47471e-05,10,116.913
0.0120032,-7.3,13,0.000131051,9.99999,116.913
0.0120032,-7.1,13,0.000600788,9.99997,116.913
0.0120032,-6.9,12.9999,0.00241261,9.99989,116.913
0.0120032,-6.7,12.9997,0.00856671,9.9996,116.912
0.0120032,-6.5,12.999,0.027104,9.99875,116.908
0.0120032,-6.3,12.9972,0.0769023,9.99644,116.897
0.0120032,-6.1,12.9929,0.196777,9.99091,116.871
0.0120032,-5.9,12.9835,0.456471,9.97892,116.815
0.0120032,-5.7,12.9652,0.965037,9.95547,116.705
0.0120032,-5.5,12.9327,1.86997,9.91389,116.51
0.0120032,-5.3,12.8798,3.34228,9.84654,116.194
0.0120032,-5.1,12.8008,5.54932,9.74631,115.721
0.0120032,-4.9,12.6911,8.6247,9.60803,115.065
0.0120032,-4.7,12.5485,12.6467,9.42958,114.211
0.0120032,-4.5,12.373,17.632,9.21208,113.159
0.0120032,-4.3,12.1668,23.5436,8.95935,111.92
0.0120032,-4.1,11.9334,30.3067,8.67703,110.513
0.0120032,-3.9,11.6772,37.8263,8.37149,108.962
0.0120032,-3.7,11.4025,46.0011,8.04912,107.289
0.0120032,-3.5,11.1136,54.7335,7.71579,105.52
0.0120032,-3.3,10.8143,63.9346,7.3766,103.673
0.0120032,-3.1,10.5078,73.5267,7.03582,101.768
0.0120032,-2.9,10.1969,83.4432,6.6969,99.8193
0.0120032,-2.7,9.88387,93.6275,6.36259,97.8397
0.0120032,-2.5,9.57064,104.032,6.03504,95.84
0.0120032,-2.3,9.25879,114.615,5.7159,93.8293
0.0120032,-2.1,8.94963,125.341,5.40645,91.8153
0.0120032,-1.9,8.6443,136.176,5.10766,89.8049
0.0120032,-1.7,8.34383,147.091,4.8203,87.8044
0.0120032,-1.5,8.04914,158.052,4.54496,85.82
0.0120032,-1.3,7.7612,169.023,4.2822,83.8583
0.0120032,-1.1,7.48105,179.962,4.03257,81.927
0.0120032,-0.9,7.20997,190.81,3.79673,80.0358
0.0120032,-0.7,6.94969,201.485,3.57566,78.1985
0.0120032,-0.5,6.70275,211.861,3.37088,76.436
0.0120032,-0.3,6.47319,221.732,3.18498,74.782
0.0120032,-0.1,6.26769,230.752,3.02248,73.2933
0.0120032,0.1,6.0972,238.349,2.89098,72.0648
0.0120032,0.3,5.97703,243.704,2.80127,71.2324
0.0120032,0.5,5.91711,246.228,2.76004,70.8946
0.0120032,0.7,5.89874,246.719,2.75247,70.9205
0.0120032,0.9,5.88898,246.682,2.75358,71.0666
0.0120032,1.1,5.87632,246.584,2.75574,71.2756
0.0120032,1.3,5.85583,246.491,2.75785,71.5798
0.0120032,1.5,5.82052,246.414,2.75974,72.0633
0.0120032,1.7,5.75893,246.357,2.76138,72.8773
0.0120032,1.9,5.65483,246.317,2.7628,74.2569
0.0120032,2.1,5.48979,246.292,2.76403,76.5234
0.0120032,2.3,5.2488,246.279,2.76511,80.0683
0.0120032,2.5,4.92763,246.276,2.76608,85.3167
0.0120032,2.7,4.53826,246.282,2.76695,92.6659
0.0120032,2.9,4.10906,246.296,2.76774,102.374
0.0120032,3.1,3.67862,246.317,2.76846,114.383
0.0120032,3.3,3.28544,246.344,2.76913,128.102
0.0120032,3.5,2.95805,246.377,2.76977,142.313
0.0120032,3.7,2.70943,246.417,2.77039,155.407
0.0120032,3.9,2.53733,246.463,2.77102,165.986
0.0120032,4.1,2.42896,246.516,2.77169,173.433
0.0120032,4.3,2.36723,246.577,2.7724,178.001
0.0120032,4.5,2.33581,246.647,2.7732,180.447
0.0120032,4.7,2.32197,246.728,2.77409,181.582
0.0120032,4.9,2.31721,246.823,2.77511,182.021
0.0120032,5.1,2.3166,246.933,2.77629,182.147
0.0120032,5.3,2.31763,247.064,2.77767,182.157
0.0120032,5.5,2.31919,247.219,2.7793,182.141
0.0120032,5.7,2.32091,247.402,2.78125,182.133
0.0120032,5.9,2.32262,247.616,2.7834,182.14
0.0120032,6.1,2.32386,247.727,2.78488,182.14
0.0120032,6.3,2.3183,246.689,2.773,181.797
0.0120032,6.5,2.25775,234.532,2.6524,178.555
0.0120032,6.7,1.95069,174.768,2.06691,161.043
0.0120032,6.9,1.50278,60.4956,1.29289,130.76
0.0120032,7.1,1.32664,7.55325,1.03478,118.55
0.0120032,7.3,1.30238,0.660279,1.00305,117.056
0.0120032,7.5,1.3002,0.054081,1.00025,116.925
0.0120032,7.7,1.30002,0.00420143,1.00002,116.914
0.0120032,7.9,1.3,0.000300905,1,116.914
0.0120032,8.1,1.3,1.90347e-05,1,116.913
0.0120032,8.3,1.3,1.00365e-06,1,116.913
0.0120032,8.5,1.3,4.06214e-08,1,116.913
0.0120032,8.7,1.3,1.10162e-09,1,116.913
0.0120032,8.9,1.3,1.47141e-11,1,116.913
0.0120032,9.1,1.3,0,1,116.913
0.0120032,9.3,1.3,0,1,116.913
0.0120032,9.5,1.3,0,1,116.913
0.0120032,9.7,1.3,0,1,116.913
0.0120032,9.9,1.3,0,1,116.913
0.0122612,-9.9,13,0,10,116.913
0.0122612,-9.7,13,0,10,116.913
0.0122612,-9.5,13,0,10,116.913
0.0122612,-9.3,13,0,10,116.913
0.0122612,-9.1,13,1.3864e-13,10,116.913
0.0122612,-8.9,13,6.11169e-12,10,116.913
0.0122612,-8.7,13,1.52872e-10,10,116.913
0.0122612,-8.5,13,2.50011e-09,10,116.913
0.0122612,-8.3,13,2.9972e-08,10,116.913
0.0122612,-8.1,13,2.80777e-07,10,116.913
0.0122612,-7.9,13,2.13988e-06,10,116.913
0.0122612,-7.7,13,1.36393e-05,10,116.913
0.0122612,-7.5,13,7.41782e-05,10,116.913
0.0122612,-7.3,13,0.000349478,9.99998,116.913
0.0122612,-7.1,12.9999,0.00144328,9.99993,116.913
0.0122612,-6.9,12.9998,0.00527417,9.99976,116.912
0.0122612,-6.7,12.9994,0.0171857,9.99921,116.91
0.0122612,-6.5,12.9982,0.0502538,9.99768,116.903
0.0122612,-6.3,12.9952,0.132605,9.99387,116.885
0.0122612,-6.1,12.9886,0.317338,9.98534,116.845
0.0122612,-5.9,12.9751,0.692142,9.96805,116.764
0.0122612,-5.7,12.9502,1.38303,9.93624,116.615
0.0122612,-5.5,12.9084,2.54646,9.88289,116.365
0.0122612,-5.3,12.8437,4.34828,9.80074,115.978
0.0122612,-5.1,12.7513,6.93538,9.68378,115.425
0.0122612,-4.9,12.6277,10.4104,9.52845,114.685
0.0122612,-4.7,12.4719,14.8184,9.3343,113.752
0.0122612,-4.5,12.285,20.1484,9.10377,112.63
0.0122612,-4.3,12.0698,26.3452,8.84147,111.335
0.0122612,-4.1,11.8301,33.326,8.55322,109.887
0.0122612,-3.9,11.5703,40.9954,8.24523,108.31
0.0122612,-3.7,11.2943,49.257,7.92342,106.625
0.0122612,-3.5,11.0062,58.0204,7.59311,104.855
0.0122612,-3.3,10.7094,67.205,7.25884,103.018
0.0122612,-3.1,10.4066,76.7409,6.92437,101.13
0.0122612,-2.9,10.1005,86.5683,6.59272,99.2041
0.0122612,-2.7,9.79301,96.6368,6.26628,97.2527
0.0122612,-2.5,9.48584,106.903,5.94692,95.285
0.0122612,-2.3,9.18041,117.331,5.63609,93.3089
0.0122612,-2.1,8.87791,127.886,5.33488,91.3317
0.0122612,-1.9,8.57936,138.539,5.04415,89.3595
0.0122612,-1.7,8.28569,149.261,4.76457,87.3982
0.0122612,-1.5,7.99777,160.022,4.49668,85.4536
0.0122612,-1.3,7.71651,170.786,4.24097,83.5319
0.0122612,-1.1,7.4429,181.512,3.99798,81.6406
0.0122612,-0.9,7.17818,192.143,3.76835,79.7892
0.0122612,-0.7,6.92406,202.597,3.55303,77.9913
0.0122612,-0.5,6.68303,212.751,3.35355,76.2675
0.0122612,-0.3,6.4591,222.399,3.17249,74.651
0.0122612,-0.1,6.25887,231.203,3.0143,73.198
0.0122612,0.1,6.09308,238.599,2.88648,72.0011
0.0122612,0.3,5.9766,243.795,2.79949,71.1923
0.0122612,0.5,5.91879,246.236,2.75962,70.8638
0.0122612,0.7,5.90133,246.707,2.75236,70.8863
0.0122612,0.9,5.89243,246.666,2.75349,71.0228
0.0122612,1.1,5.88109,246.567,2.75564,71.215
0.0122612,1.3,5.86304,246.474,2.75772,71.4884
0.0122612,1.5,5.83231,246.397,2.75958,71.9136
0.0122612,1.7,5.77893,246.339,2.76119,72.6202
0.0122612,1.9,5.6882,246.298,2.76258,73.8155
0.0122612,2.1,5.54241,246.271,2.76378,75.7902
0.0122612,2.3,5.32546,246.256,2.76484,78.908
0.0122612,2.5,5.02969,246.252,2.76579,83.5766
0.0122612,2.7,4.66193,246.256,2.76663,90.1973
0.0122612,2.9,4.24535,246.267,2.7674,99.0755
0.0122612,3.1,3.81529,246.286,2.7681,110.271
0.0122612,3.3,3.41027,246.31,2.76875,123.397
0.0122612,3.5,3.06198,246.339,2.76936,137.463
0.0122612,3.7,2.78832,246.375,2.76995,150.986
0.0122612,3.9,2.59189,246.416,2.77055,162.464
0.0122612,4.1,2.46325,246.464,2.77116,170.986
0.0122612,4.3,2.38668,246.518,2.77181,176.513
0.0122612,4.5,2.3456,246.581,2.77252,179.651
0.0122612,4.7,2.32613,246.652,2.77332,181.206
0.0122612,4.9,2.31844,246.735,2.77422,181.866
0.0122612,5.1,2.31646,246.832,2.77526,182.09
0.0122612,5.3,2.31691,246.944,2.77645,182.133
0.0122612,5.5,2.31823,247.077,2.77786,182.122
0.0122612,5.7,2.31981,247.236,2.77952,182.106
0.0122612,5.9,2.32146,247.422,2.78149,182.106
0.0122612,6.1,2.32303,247.627,2.78355,182.118
0.0122612,6.3,2.32356,247.616,2.78374,182.089
0.0122612,6.5,2.31183,245.353,2.75967,181.43
0.0122612,6.7,2.20723,224.984,2.55318,175.809
0.0122612,6.9,1.81845,145.103,1.82709,152.709
0.0122612,7.1,1.42515,37.0766,1.17382,125.184
0.0122612,7.3,1.31401,3.93418,1.01814,117.765
0.0122612,7.5,1.30121,0.336463,1.00156,116.986
0.0122612,7.7,1.3001,0.0273987,1.00013,116.919
0.0122612,7.9,1.30001,0.00211467,1.00001,116.914
0.0122612,8.1,1.3,0.000150104,1,116.913
0.0122612,8.3,1.3,9.38811e-06,1,116.913
0.0122612,8.5,1.3,4.88429e-07,1,116.913
0.0122612,8.7,1.3,1.94783e-08,1,116.913
0.0122612,8.9,1.3,5.20159e-10,1,116.913
0.0122612,9.1,1.3,6.81649e-12,1,116.913
0.0122612,9.3,1.3,0,1,116.913
0.0122612,9.5,1.3,0,1,116.913
0.0122612,9.7,1.3,0,1,116.913
0.0122612,9.9,1.3,0,1,116.913
0.0125193,-9.9,13,0,10,116.913
0.0125193,-9.7,13,0,10,116.913
0.0125193,-9.5,13,0,10,116.913
0.0125193,-9.3,13,1.03999e-13,10,116.913
0.0125193,-9.1,13,2.86573e-12,10,116.913
0.0125193,-8.9,13,7.44045e-11,10,116.913
0.0125193,-8.7,13,1.24453e-09,10,116.913
0.0125193,-8.5,13,1.52768e-08,10,116.913
0.0125193,-8.3,13,1.46618e-07,10,116.913
0.0125193,-8.1,13,1.14542e-06,10,116.913
0.0125193,-7.9,13,7.48809e-06,10,116.913
0.0125193,-7.7,13,4.1795e-05,10,116.913
0.0125193,-7.5,13,0.000202216,9.99999,116.913
0.0125193,-7.3,13,0.000858184,9.99996,116.913
0.0125193,-7.1,12.9999,0.00322493,9.99985,116.913
0.0125193,-6.9,12.9996,0.0108137,9.9995,116.911
0.0125193,-6.7,12.9988,0.0325624,9.99849,116.906
0.0125193,-6.5,12.9968,0.0885357,9.99591,116.894
0.0125193,-6.3,12.9921,0.218424,9.98991,116.866
0.0125193,-6.1,12.9823,0.491224,9.97731,116.807
0.0125193,-5.9,12.9635,1.01189,9.95332,116.695
0.0125193,-5.7,12.9309,1.91923,9.91162,116.5
0.0125193,-5.5,12.8787,3.37149,9.8452,116.187
0.0125193,-5.3,12.8017,5.52176,9.74754,115.727
0.0125193,-5.1,12.6958,8.49146,9.61396,115.093
0.0125193,-4.9,12.5589,12.3517,9.44253,114.273
0.0125193,-4.7,12.391,17.118,9.23424,113.267
0.0125193,-4.5,12.1941,22.7572,8.99255,112.083
0.0125193,-4.3,11.9714,29.2017,8.72254,110.74
0.0125193,-4.1,11.7268,36.3647,8.43004,109.259
0.0125193,-3.9,11.4644,44.1529,8.12094,107.662
0.0125193,-3.7,11.1881,52.4758,7.80069,105.97
0.0125193,-3.5,10.9014,61.2507,7.47407,104.204
0.0125193,-3.3,10.6074,70.4044,7.1451,102.378
0.0125193,-3.1,10.3087,79.8742,6.81709,100.509
0.0125193,-2.9,10.0074,89.6065,6.49269,98.6077
0.0125193,-2.7,9.70543,99.5561,6.17397,96.6847
0.0125193,-2.5,9.40422,109.684,5.86257,94.7486
0.0125193,-2.3,9.10506,119.957,5.55974,92.8067
0.0125193,-2.1,8.809,130.346,5.26644,90.8653
0.0125193,-1.9,8.51699,140.821,4.98342,88.9302
0.0125193,-1.7,8.22987,151.356,4.71128,87.0068
0.0125193,-1.5,7.94846,161.922,4.45049,85.1006
0.0125193,-1.3,7.6736,172.485,4.20152,83.2176
0.0125193,-1.1,7.40626,183.006,3.96486,81.3648
0.0125193,-0.9,7.14765,193.427,3.74115,79.5518
0.0125193,-0.7,6.89942,203.669,3.53133,77.7918
0.0125193,-0.5,6.66408,213.608,3.33692,76.1052
0.0125193,-0.3,6.44555,223.043,3.16048,74.5249
0.0125193,-0.1,6.25036,231.637,3.00643,73.1062
0.0125193,0.1,6.08908,238.84,2.88213,71.94
0.0125193,0.3,5.97615,243.883,2.79777,71.1539
0.0125193,0.5,5.92037,246.243,2.75922,70.8347
0.0125193,0.7,5.90377,246.695,2.75225,70.8542
0.0125193,0.9,5.89563,246.651,2.75342,70.9822
0.0125193,1.1,5.88545,246.551,2.75554,71.1598
0.0125193,1.3,5.86948,246.458,2.7576,71.4069
0.0125193,1.5,5.84265,246.381,2.75944,71.7825
0.0125193,1.7,5.79632,246.322,2.76102,72.3977
0.0125193,1.9,5.71733,246.28,2.76237,73.434
0.0125193,2.1,5.58893,246.252,2.76355,75.1531
0.0125193,2.3,5.3945,246.236,2.76459,77.891
0.0125193,2.5,5.1237,246.23,2.76551,82.035
0.0125193,2.7,4.77876,246.232,2.76634,87.9827
0.0125193,2.9,4.37766,246.241,2.76709,96.0702
0.0125193,3.1,3.95186,246.257,2.76777,106.448
0.0125193,3.3,3.53887,246.278,2.7684,118.897
0.0125193,3.5,3.17255,246.304,2.76899,132.654
0.0125193,3.7,2.87518,246.336,2.76955,146.404
0.0125193,3.9,2.6542,246.374,2.77011,158.625
0.0125193,4.1,2.504,246.416,2.77068,168.174
0.0125193,4.3,2.41086,246.465,2.77128,174.709
0.0125193,4.5,2.35848,246.521,2.77192,178.631
0.0125193,4.7,2.33211,246.585,2.77264,180.698
0.0125193,4.9,2.32064,246.658,2.77344,181.643
0.0125193,5.1,2.31681,246.743,2.77435,182.003
0.0125193,5.3,2.31643,246.841,2.7754,182.102
0.0125193,5.5,2.31741,246.956,2.77662,182.104
0.0125193,5.7,2.31883,247.091,2.77804,182.087
0.0125193,5.9,2.32037,247.253,2.77973,182.076
0.0125193,6.1,2.32194,247.441,2.78171,182.083
0.0125193,6.3,2.32335,247.622,2.78361,182.096
0.0125193,6.5,2.32249,247.399,2.78115,182.003
0.0125193,6.7,2.29994,242.864,2.73565,180.781
0.0125193,6.9,2.13137,210.762,2.40636,171.597
0.0125193,7.1,1.68606,112.032,1.59547,143.822
0.0125193,7.3,1.37266,21.1639,1.09779,121.553
0.0125193,7.5,1.30727,2.02791,1.00936,117.352
0.0125193,7.7,1.30062,0.171269,1.00079,116.95
0.0125193,7.9,1.30005,0.0138748,1.00006,116.916
0.0125193,8.1,1.3,0.0010638,1,116.914
0.0125193,8.3,1.3,7.4833e-05,1,116.913
0.0125193,8.5,1.3,4.62753e-06,1,116.913
0.0125193,8.7,1.3,2.3758e-07,1,116.913
0.0125193,8.9,1.3,9.33729e-09,1,116.913
0.0125193,9.1,1.3,2.45552e-10,1,116.913
0.0125193,9.3,1.3,3.16331e-12,1,116.913
0.0125193,9.5,1.3,0,1,116.913
0.0125193,9.7,1.3,0,1,116.913
0.0125193,9.9,1.3,0,1,116.913
0.0127774,-9.9,13,0,10,116.913
0.0127774,-9.7,13,0,10,116.913
0.0127774,-9.5,13,5.778e-14,10,116.913
0.0127774,-9.3,13,1.38671e-12,10,116.913
0.0127774,-9.1,13,3.61585e-11,10,116.913
0.0127774,-8.9,13,6.18611e-10,10,116.913
0.0127774,-8.7,13,7.77105e-09,10,116.913
0.0127774,-8.5,13,7.63641e-08,10,116.913
0.0127774,-8.3,13,6.11165e-07,10,116.913
0.0127774,-8.1,13,4.09543e-06,10,116.913
0.0127774,-7.9,13,2.34444e-05,10,116.913
0.0127774,-7.7,13,0.000116407,9.99999,116.913
0.0127774,-7.5,13,0.000507309,9.99998,116.913
0.0127774,-7.3,12.9999,0.00195896,9.99991,116.913
0.0127774,-7.1,12.9998,0.00675437,9.99969,116.912
0.0127774,-6.9,12.9992,0.0209279,9.99903,116.909
0.0127774,-6.7,12.9979,0.0585876,9.99729,116.901
0.0127774,-6.5,12.9946,0.1489,9.99312,116.881
0.0127774,-6.3,12.9876,0.345083,9.98406,116.839
0.0127774,-6.1,12.9736,0.732515,9.96618,116.755
0.0127774,-5.9,12.9485,1.43102,9.93404,116.605
0.0127774,-5.7,12.9069,2.58658,9.88105,116.356
0.0127774,-5.5,12.8436,4.35192,9.80057,115.977
0.0127774,-5.3,12.7539,6.86112,9.6871,115.44
0.0127774,-5.1,12.6349,10.2075,9.53743,114.728
0.0127774,-4.9,12.4855,14.4325,9.35112,113.833
0.0127774,-4.7,12.3067,19.5263,9.13036,112.76
0.0127774,-4.5,12.1012,25.4393,8.87933,111.522
0.0127774,-4.3,11.8723,32.0959,8.60334,110.139
0.0127774,-4.1,11.6239,39.4085,8.30807,108.632
0.0127774,-3.9,11.3599,47.2881,7.99901,107.021
0.0127774,-3.7,11.084,55.6505,7.68114,105.327
0.0127774,-3.5,10.7992,64.4201,7.35872,103.566
0.0127774,-3.3,10.5084,73.5309,7.03533,101.755
0.0127774,-3.1,10.2139,82.9266,6.71386,99.9058
0.0127774,-2.9,9.91752,92.5592,6.39664,98.0294
0.0127774,-2.7,9.621,102.388,6.08547,96.135
0.0127774,-2.5,9.32564,112.378,5.78178,94.2303
0.0127774,-2.3,9.03258,122.499,5.48666,92.3218
0.0127774,-2.1,8.74277,132.723,5.20096,90.4154
0.0127774,-1.9,8.45706,143.025,4.92532,88.5163
0.0127774,-1.7,8.17625,153.378,4.66028,86.6296
0.0127774,-1.5,7.90109,163.755,4.40628,84.7604
0.0127774,-1.3,7.63238,174.125,4.16373,82.9146
0.0127774,-1.1,7.37106,184.447,3.93312,81.099
0.0127774,-0.9,7.1183,194.665,3.71507,79.3229
0.0127774,-0.7,6.87574,204.702,3.51051,77.5994
0.0127774,-0.5,6.64583,214.435,3.32095,75.9487
0.0127774,-0.3,6.43249,223.663,3.14893,74.4033
0.0127774,-0.1,6.24216,232.056,2.99885,73.0177
0.0127774,0.1,6.08521,239.073,2.87794,71.8811
0.0127774,0.3,5.97569,243.968,2.79611,71.1171
0.0127774,0.5,5.92186,246.25,2.75884,70.807
0.0127774,0.7,5.90607,246.683,2.75215,70.8241
0.0127774,0.9,5.89861,246.637,2.75334,70.9445
0.0127774,1.1,5.88945,246.536,2.75545,71.1093
0.0127774,1.3,5.87525,246.442,2.75749,71.3338
0.0127774,1.5,5.85174,246.365,2.7593,71.6673
0.0127774,1.7,5.81148,246.306,2.76085,72.2046
0.0127774,1.9,5.74274,246.263,2.76219,73.1041
0.0127774,2.1,5.62993,246.234,2.76334,74.6
0.0127774,2.3,5.45639,246.216,2.76435,77.0009
0.0127774,2.5,5.20978,246.209,2.76525,80.672
0.0127774,2.7,4.88835,246.209,2.76606,86.0017
0.0127774,2.9,4.50505,246.216,2.76679,93.3435
0.0127774,3.1,4.08708,246.23,2.76746,102.914
0.0127774,3.3,3.67001,246.248,2.76807,114.635
0.0127774,3.5,3.28886,246.272,2.76864,127.947
0.0127774,3.7,2.96957,246.301,2.76918,141.731
0.0127774,3.9,2.72431,246.335,2.76971,154.52
0.0127774,4.1,2.55161,246.373,2.77024,165.01
0.0127774,4.3,2.44033,246.417,2.77079,172.569
0.0127774,4.5,2.37497,246.468,2.77138,177.356
0.0127774,4.7,2.3403,246.525,2.77203,180.025
0.0127774,4.9,2.32407,246.59,2.77275,181.33
0.0127774,5.1,2.31777,246.664,2.77356,181.875
0.0127774,5.3,2.31626,246.75,2.77448,182.055
0.0127774,5.5,2.31675,246.85,2.77554,182.086
0.0127774,5.7,2.31797,246.968,2.77678,182.071
0.0127774,5.9,2.31939,247.106,2.77823,182.054
0.0127774,6.1,2.32087,247.27,2.77995,182.051
0.0127774,6.3,2.32235,247.46,2.78189,182.063
0.0127774,6.5,2.32353,247.591,2.78346,182.072
0.0127774,6.7,2.32017,246.963,2.77611,181.855
0.0127774,6.9,2.2785,238.51,2.69284,179.626
0.0127774,7.1,2.02877,190.808,2.21168,165.691
0.0127774,7.3,1.56765,79.439,1.39702,135.445
0.0127774,7.5,1.34019,11.4999,1.05295,119.412
0.0127774,7.7,1.30374,1.03958,1.0048,117.138
0.0127774,7.9,1.30031,0.0871133,1.0004,116.932
0.0127774,8.1,1.30003,0.00702246,1.00003,116.915
0.0127774,8.3,1.3,0.000534807,1,116.914
0.0127774,8.5,1.3,3.72805e-05,1,116.913
0.0127774,8.7,1.3,2.27937e-06,1,116.913
0.0127774,8.9,1.3,1.15494e-07,1,116.913
0.0127774,9.1,1.3,4.47418e-09,1,116.913
0.0127774,9.3,1.3,1.15906e-10,1,116.913
0.0127774,9.5,1.3,1.4445e-12,1,116.913
0.0127774,9.7,1.3,0,1,116.913
0.0127774,9.9,1.3,0,1,116.913
0.0130355,-9.9,13,0,10,116.913
0.0130355,-9.7,13,3.4671e-14,10,116.913
0.0130355,-9.5,13,6.93415e-13,10,116.913
0.0130355,-9.3,13,1.75434e-11,10,116.913
0.0130355,-9.1,13,3.07101e-10,10,116.913
0.0130355,-8.9,13,3.94555e-09,10,116.913
0.0130355,-8.7,13,3.96769e-08,10,116.913
0.0130355,-8.5,13,3.25125e-07,10,116.913
0.0130355,-8.3,13,2.23186e-06,10,116.913
0.0130355,-8.1,13,1.30955e-05,10,116.913
0.0130355,-7.9,13,6.66858e-05,10,116.913
0.0130355,-7.7,13,0.000298234,9.99999,116.913
0.0130355,-7.5,13,0.00118253,9.99995,116.913
0.0130355,-7.3,12.9998,0.00418947,9.99981,116.913
0.0130355,-7.1,12.9995,0.0133467,9.99938,116.911
0.0130355,-6.9,12.9986,0.0384415,9.99822,116.905
0.0130355,-6.7,12.9964,0.100574,9.99535,116.892
0.0130355,-6.5,12.9913,0.240041,9.98891,116.862
0.0130355,-6.3,12.9811,0.524826,9.97576,116.8
0.0130355,-6.1,12.962,1.05577,9.9513,116.686
0.0130355,-5.9,12.9293,1.96358,9.90959,116.49
0.0130355,-5.7,12.8779,3.395,9.84412,116.182
0.0130355,-5.5,12.8029,5.49051,9.74894,115.733
0.0130355,-5.3,12.7005,8.36091,9.61977,115.12
0.0130355,-5.1,12.5688,12.0711,9.45486,114.332
0.0130355,-4.9,12.408,16.6357,9.25509,113.367
0.0130355,-4.7,12.2196,22.0248,9.02357,112.235
0.0130355,-4.5,12.0067,28.177,8.76493,110.951
0.0130355,-4.3,11.7728,35.0128,8.48451,109.535
0.0130355,-4.1,11.5218,42.4462,8.18774,108.007
0.0130355,-3.9,11.2571,50.3932,7.8797,106.388
0.0130355,-3.7,10.9821,58.776,7.56486,104.695
0.0130355,-3.5,10.6997,67.5262,7.24706,102.943
0.0130355,-3.3,10.4123,76.5842,6.92944,101.148
0.0130355,-3.1,10.1221,85.8993,6.61454,99.32
0.0130355,-2.9,9.83071,95.4286,6.30439,97.4689
0.0130355,-2.7,9.5396,105.135,6.00058,95.603
0.0130355,-2.5,9.24996,114.988,5.70436,93.7291
0.0130355,-2.3,8.96283,124.959,5.41667,91.8534
0.0130355,-2.1,8.67906,135.022,5.13825,89.981
0.0130355,-1.9,8.39945,145.154,4.86969,88.1168
0.0130355,-1.7,8.1247,155.331,4.61145,86.2656
0.0130355,-1.5,7.85555,165.526,4.36393,84.4323
0.0130355,-1.3,7.59275,175.708,4.12752,82.6224
0.0130355,-1.1,7.3372,185.837,3.90269,80.8427
0.0130355,-0.9,7.09006,195.861,3.69004,79.1022
0.0130355,-0.7,6.85294,205.7,3.4905,77.4139
0.0130355,-0.5,6.62826,215.232,3.30558,75.7978
0.0130355,-0.3,6.4199,224.262,3.13782,74.286
0.0130355,-0.1,6.23424,232.461,2.99155,72.9324
0.0130355,0.1,6.08146,239.298,2.8739,71.8244
0.0130355,0.3,5.97522,244.051,2.7945,71.0818
0.0130355,0.5,5.92326,246.257,2.75847,70.7808
0.0130355,0.7,5.90823,246.672,2.75206,70.7958
0.0130355,0.9,5.90139,246.623,2.75328,70.9094
0.0130355,1.1,5.89312,246.521,2.75538,71.0629
0.0130355,1.3,5.88047,246.427,2.75739,71.2679
0.0130355,1.5,5.85979,246.35,2.75917,71.5656
0.0130355,1.7,5.82471,246.29,2.7607,72.0366
0.0130355,1.9,5.7649,246.247,2.76201,72.8184
0.0130355,2.1,5.66599,246.217,2.76314,74.1199
0.0130355,2.3,5.51165,246.198,2.76413,76.2227
0.0130355,2.5,5.28819,246.189,2.76501,79.4689
0.0130355,2.7,4.99048,246.188,2.7658,84.2338
0.0130355,2.9,4.6268,246.193,2.76651,90.8783
0.0130355,3.1,4.21982,246.205,2.76716,99.6664
0.0130355,3.3,3.80245,246.221,2.76776,110.63
0.0130355,3.5,3.40988,246.243,2.76831,123.391
0.0130355,3.7,3.07094,246.269,2.76883,137.036
0.0130355,3.9,2.80215,246.299,2.76934,150.208
0.0130355,4.1,2.60639,246.334,2.76984,161.519
0.0130355,4.3,2.47557,246.374,2.77035,170.085
0.0130355,4.5,2.3956,246.419,2.77089,175.798
0.0130355,4.7,2.35116,246.47,2.77148,179.159
0.0130355,4.9,2.32904,246.529,2.77213,180.902
0.0130355,5.1,2.31955,246.595,2.77285,181.69
0.0130355,5.3,2.31648,246.671,2.77367,181.984
0.0130355,5.5,2.3163,246.759,2.77461,182.06
0.0130355,5.7,2.31723,246.861,2.77568,182.057
0.0130355,5.9,2.31853,246.98,2.77694,182.038
0.0130355,6.1,2.31991,247.121,2.77842,182.026
0.0130355,6.3,2.32132,247.287,2.78016,182.03
0.0130355,6.5,2.32269,247.474,2.78203,182.045
0.0130355,6.7,2.32343,247.517,2.78282,182.038
0.0130355,6.9,2.31575,246.09,2.76694,181.6
0.0130355,7.1,2.24157,231.364,2.61986,177.637
0.0130355,7.3,1.90473,164.741,1.98233,158.179
0.0130355,7.5,1.47279,51.4955,1.24602,128.585
0.0130355,7.7,1.32149,6.06771,1.02795,118.227
0.0130355,7.9,1.30191,0.531392,1.00246,117.028
0.0130355,8.1,1.30016,0.0442851,1.0002,116.923
0.0130355,8.3,1.30001,0.00355257,1.00002,116.914
0.0130355,8.5,1.3,0.000268704,1,116.914
0.0130355,8.7,1.3,1.856e-05,1,116.913
0.0130355,8.9,1.3,1.12201e-06,1,116.913
0.0130355,9.1,1.3,5.61147e-08,1,116.913
0.0130355,9.3,1.3,2.14314e-09,1,116.913
0.0130355,9.5,1.3,5.4679e-11,1,116.913
0.0130355,9.7,1.3,6.64528e-13,1,116.913
0.0130355,9.9,1.3,0,1,116.913
0.0132937,-9.9,13,3.46768e-14,10,116.913
0.0132937,-9.7,13,3.46762e-13,10,116.913
0.0132937,-9.5,13,8.5188e-12,10,116.913
0.0132937,-9.3,13,1.52251e-10,10,116.913
0.0132937,-9.1,13,1.99979e-09,10,116.913
0.0132937,-8.9,13,2.05686e-08,10,116.913
0.0132937,-8.7,13,1.72474e-07,10,116.913
0.0132937,-8.5,13,1.21218e-06,10,116.913
0.0132937,-8.3,13,7.28589e-06,10,116.913
0.0132937,-8.1,13,3.8027e-05,10,116.913
0.0132937,-7.9,13,0.000174407,9.99999,116.913
0.0132937,-7.7,13,0.000709629,9.99997,116.913
0.0132937,-7.5,12.9999,0.00258141,9.99988,116.913
0.0132937,-7.3,12.9997,0.0084494,9.99961,116.912
0.0132937,-7.1,12.9991,0.0250197,9.99884,116.908
0.0132937,-6.9,12.9976,0.0673365,9.99689,116.899
0.0132937,-6.7,12.994,0.165402,9.99235,116.878
0.0132937,-6.5,12.9866,0.372282,9.9828,116.833
0.0132937,-6.3,12.9722,0.770905,9.96441,116.747
0.0132937,-6.1,12.9469,1.47515,9.93201,116.595
0.0132937,-5.9,12.9057,2.62147,9.87945,116.348
0.0132937,-5.7,12.8436,4.35081,9.80061,115.977
0.0132937,-5.5,12.7566,6.78602,9.69046,115.456
0.0132937,-5.3,12.6418,10.0124,9.54607,114.769
0.0132937,-5.1,12.4983,14.0679,9.36703,113.909
0.0132937,-4.9,12.3271,18.9442,9.15531,112.881
0.0132937,-4.7,12.1304,24.5962,8.91469,111.697
0.0132937,-4.5,11.9114,30.955,8.65004,110.373
0.0132937,-4.3,11.6736,37.9399,8.36658,108.931
0.0132937,-4.1,11.4207,45.4682,8.06941,107.388
0.0132937,-3.9,11.156,53.4615,7.76319,105.764
0.0132937,-3.7,10.8826,61.8486,7.45193,104.075
0.0132937,-3.5,10.6029,70.5674,7.13905,102.335
0.0132937,-3.3,10.3192,79.5642,6.82731,100.557
0.0132937,-3.1,10.0333,88.7937,6.51896,98.751
0.0132937,-2.9,9.74686,98.217,6.21577,96.9255
0.0132937,-2.7,9.46107,107.801,5.91912,95.0878
0.0132937,-2.5,9.17703,117.517,5.63012,93.2444
0.0132937,-2.3,8.89566,127.34,5.34958,91.4007
0.0132937,-2.1,8.61775,137.247,5.07816,89.5614
0.0132937,-1.9,8.34401,147.214,4.81638,87.7311
0.0132937,-1.7,8.07511,157.219,4.56464,85.9143
0.0132937,-1.5,7.81174,167.236,4.32331,84.1157
0.0132937,-1.3,7.55462,177.236,4.09278,82.3405
0.0132937,-1.1,7.30462,187.18,3.87347,80.5954
0.0132937,-0.9,7.06288,197.015,3.66599,78.8893
0.0132937,-0.7,6.83098,206.662,3.47127,77.2349
0.0132937,-0.5,6.61133,216.003,3.2908,75.6522
0.0132937,-0.3,6.40776,224.84,3.12711,74.1729
0.0132937,-0.1,6.22659,232.852,2.98451,72.8501
0.0132937,0.1,6.07783,239.516,2.87,71.7698
0.0132937,0.3,5.97475,244.13,2.79295,71.0479
0.0132937,0.5,5.92459,246.264,2.75812,70.7559
0.0132937,0.7,5.91027,246.661,2.75197,70.7692
0.0132937,0.9,5.90399,246.609,2.75322,70.8767
0.0132937,1.1,5.89652,246.507,2.7553,71.0202
0.0132937,1.3,5.8852,246.413,2.7573,71.2083
0.0132937,1.5,5.86694,246.336,2.75905,71.4754
0.0132937,1.7,5.8363,246.276,2.76056,71.8898
0.0132937,1.9,5.78423,246.232,2.76184,72.5708
0.0132937,2.1,5.69764,246.201,2.76295,73.7032
0.0132937,2.3,5.56083,246.181,2.76392,75.543
0.0132937,2.5,5.35926,246.171,2.76478,78.4086
0.0132937,2.7,5.08509,246.168,2.76555,82.6592
0.0132937,2.9,4.74233,246.172,2.76625,88.656
0.0132937,3.1,4.34908,246.182,2.76689,96.6945
0.0132937,3.3,3.935,246.196,2.76747,106.892
0.0132937,3.5,3.53455,246.215,2.76801,119.026
0.0132937,3.7,3.17856,246.239,2.76851,132.38
0.0132937,3.9,2.88748,246.266,2.76899,145.751
0.0132937,4.1,2.66851,246.298,2.76947,157.738
0.0132937,4.3,2.51704,246.334,2.76995,167.259
0.0132937,4.5,2.42089,246.375,2.77045,173.933
0.0132937,4.7,2.36514,246.422,2.77099,178.068
0.0132937,4.9,2.3359,246.474,2.77158,180.335
0.0132937,5.1,2.32237,246.533,2.77223,181.428
0.0132937,5.3,2.31723,246.601,2.77296,181.879
0.0132937,5.5,2.31609,246.678,2.77378,182.022
0.0132937,5.7,2.31663,246.767,2.77473,182.042
0.0132937,5.9,2.31776,246.871,2.77583,182.025
0.0132937,6.1,2.31905,246.993,2.7771,182.008
0.0132937,6.3,2.32037,247.137,2.7786,182.003
0.0132937,6.5,2.32172,247.304,2.78037,182.012
0.0132937,6.7,2.32297,247.478,2.78212,182.029
0.0132937,6.9,2.32282,247.372,2.78121,181.981
0.0132937,7.1,2.30764,244.41,2.75048,181.154
0.0132937,7.3,2.18268,220.32,2.50485,174.422
0.0132937,7.5,1.77099,133.598,1.74278,149.567
0.0132937,7.7,1.40436,30.7479,1.1432,123.723
0.0132937,7.9,1.31125,3.15095,1.01454,117.595
0.0132937,8.1,1.30098,0.271223,1.00125,116.972
0.0132937,8.3,1.30008,0.0225045,1.0001,116.918
0.0132937,8.5,1.30001,0.00179645,1.00001,116.914
0.0132937,8.7,1.3,0.000134933,1,116.913
0.0132937,8.9,1.3,9.23458e-06,1,116.913
0.0132937,9.1,1.3,5.51995e-07,1,116.913
0.0132937,9.3,1.3,2.7252e-08,1,116.913
0.0132937,9.5,1.3,1.02626e-09,1,116.913
0.0132937,9.7,1.3,2.58196e-11,1,116.913
0.0132937,9.9,1.3,3.03422e-13,1,116.913
0.0135518,-9.9,13,1.61834e-13,10,116.913
0.0135518,-9.7,13,4.17304e-12,10,116.913
0.0135518,-9.5,13,7.53689e-11,10,116.913
0.0135518,-9.3,13,1.01185e-09,10,116.913
0.0135518,-9.1,13,1.0639e-08,10,116.913
0.0135518,-8.9,13,9.12436e-08,10,116.913
0.0135518,-8.7,13,6.56205e-07,10,116.913
0.0135518,-8.5,13,4.03802e-06,10,116.913
0.0135518,-8.3,13,2.15884e-05,10,116.913
0.0135518,-8.1,13,0.000101479,10,116.913
0.0135518,-7.9,13,0.000423422,9.99998,116.913
0.0135518,-7.7,12.9999,0.00158048,9.99993,116.913
0.0135518,-7.5,12.9998,0.00531145,9.99975,116.912
0.0135518,-7.3,12.9994,0.0161582,9.99925,116.91
0.0135518,-7.1,12.9984,0.0447032,9.99793,116.904
0.0135518,-6.9,12.9959,0.112935,9.99478,116.889
0.0135518,-6.7,12.9906,0.261527,9.98791,116.857
0.0135518,-6.5,12.9799,0.557235,9.97427,116.793
0.0135518,-6.3,12.9605,1.09684,9.9494,116.677
0.0135518,-6.1,12.9279,2.00351,9.90775,116.481
0.0135518,-5.9,12.8772,3.41359,9.84327,116.178
0.0135518,-5.7,12.8041,5.45637,9.75047,115.74
0.0135518,-5.5,12.705,8.23337,9.62546,115.147
0.0135518,-5.3,12.5783,11.8041,9.46662,114.388
0.0135518,-5.1,12.4239,16.1822,9.27473,113.462
0.0135518,-4.9,12.2435,21.3409,9.05262,112.377
0.0135518,-4.7,12.0396,27.2242,8.8045,111.148
0.0135518,-4.5,11.8156,33.759,8.53529,109.792
0.0135518,-4.3,11.575,40.8657,8.25,108.328
0.0135518,-4.1,11.3211,48.4661,7.95338,106.775
0.0135518,-3.9,11.057,56.4875,7.64963,105.15
0.0135518,-3.7,10.7854,64.8649,7.34238,103.468
0.0135518,-3.5,10.5087,73.5423,7.03464,101.742
0.0135518,-3.3,10.2288,82.4713,6.72886,99.9823
0.0135518,-3.1,9.94742,91.611,6.42699,98.1986
0.0135518,-2.9,9.66587,100.927,6.13061,96.3986
0.0135518,-2.7,9.38531,110.388,5.84093,94.589
0.0135518,-2.5,9.10673,119.969,5.55889,92.7755
0.0135518,-2.3,8.83096,129.647,5.28524,90.963
0.0135518,-2.1,8.5587,139.4,5.02054,89.1559
0.0135518,-1.9,8.29064,149.206,4.76525,87.3586
0.0135518,-1.7,8.02738,159.044,4.51974,85.5751
0.0135518,-1.5,7.76957,168.89,4.28435,83.8099
0.0135518,-1.3,7.51791,178.714,4.05943,82.0683
0.0135518,-1.1,7.27325,188.478,3.84541,80.3566
0.0135518,-0.9,7.03669,198.13,3.64288,78.6836
0.0135518,-0.7,6.80981,207.593,3.45277,77.0621
0.0135518,-0.5,6.595,216.747,3.27657,75.5115
0.0135518,-0.3,6.39605,225.399,3.1168,74.0636
0.0135518,-0.1,6.2192,233.229,2.97772,72.7707
0.0135518,0.1,6.07431,239.726,2.86623,71.7171
0.0135518,0.3,5.97427,244.208,2.79145,71.0154
0.0135518,0.5,5.92585,246.27,2.75778,70.7321
0.0135518,0.7,5.91221,246.651,2.75189,70.744
0.0135518,0.9,5.90644,246.596,2.75317,70.846
0.0135518,1.1,5.89967,246.494,2.75524,70.9806
0.0135518,1.3,5.8895,246.4,2.75721,71.154
0.0135518,1.5,5.87332,246.322,2.75895,71.3949
0.0135518,1.7,5.84648,246.262,2.76043,71.7612
0.0135518,1.9,5.8011,246.217,2.76169,72.3556
0.0135518,2.1,5.72538,246.186,2.76278,73.3415
0.0135518,2.3,5.60444,246.165,2.76373,74.9498
0.0135518,2.5,5.42339,246.154,2.76457,77.4755
0.0135518,2.7,5.17223,246.15,2.76532,81.2598
0.0135518,2.9,4.85122,246.152,2.766,86.6582
0.0135518,3.1,4.47399,246.16,2.76663,93.9861
0.0135518,3.3,4.06651,246.173,2.76719,103.425
0.0135518,3.5,3.66173,246.19,2.76772,114.88
0.0135518,3.7,3.29161,246.211,2.76821,127.82
0.0135518,3.9,2.9799,246.236,2.76867,141.214
0.0135518,4.1,2.73801,246.265,2.76912,153.715
0.0135518,4.3,2.56508,246.298,2.76958,164.105
0.0135518,4.5,2.45133,246.335,2.77005,171.748
0.0135518,4.7,2.38273,246.377,2.77054,176.725
0.0135518,4.9,2.34504,246.424,2.77108,179.6
0.0135518,5.1,2.3265,246.478,2.77167,181.07
0.0135518,5.3,2.31867,246.538,2.77232,181.724
0.0135518,5.5,2.31622,246.607,2.77306,181.964
0.0135518,5.7,2.31619,246.685,2.7739,182.022
0.0135518,5.9,2.31709,246.776,2.77486,182.015
0.0135518,6.1,2.31827,246.882,2.77597,181.995
0.0135518,6.3,2.31952,247.006,2.77727,181.982
0.0135518,6.5,2.32078,247.152,2.77879,181.983
0.0135518,6.7,2.32206,247.321,2.78055,181.997
0.0135518,6.9,2.32316,247.462,2.78208,182.012
0.0135518,7.1,2.3213,247.09,2.77785,181.88
0.0135518,7.3,2.29289,241.353,2.72091,180.359
0.0135518,7.5,2.09738,204.203,2.34094,169.637
0.0135518,7.7,1.64226,100.265,1.52084,140.751
0.0135518,7.9,1.35953,17.2262,1.07944,120.675
0.0135518,8.1,1.30582,1.62266,1.00749,117.264
0.0135518,8.3,1.3005,0.138307,1.00064,116.943
0.0135518,8.5,1.30004,0.0114316,1.00005,116.916
0.0135518,8.7,1.3,0.000907969,1,116.914
0.0135518,8.9,1.3,6.77166e-05,1,116.913
0.0135518,9.1,1.3,4.59163e-06,1,116.913
0.0135518,9.3,1.3,2.71393e-07,1,116.913
0.0135518,9.5,1.3,1.3228e-08,1,116.913
0.0135518,9.7,1.3,4.91273e-10,1,116.913
0.0135518,9.9,1.3,1.21666e-11,1,116.913
0.01381,-9.9,13,2.02306e-12,10,116.913
0.01381,-9.7,13,3.72935e-11,10,116.913
0.01381,-9.5,13,5.11103e-10,10,116.913
0.01381,-9.3,13,5.49121e-09,10,116.913
0.01381,-9.1,13,4.81429e-08,10,116.913
0.01381,-8.9,13,3.5411e-07,10,116.913
0.01381,-8.7,13,2.2297e-06,10,116.913
0.01381,-8.5,13,1.22039e-05,10,116.913
0.01381,-8.3,13,5.876e-05,10,116.913
0.01381,-8.1,13,0.000251273,9.99999,116.913
0.01381,-7.9,13,0.000961777,9.99996,116.913
0.01381,-7.7,12.9999,0.0033164,9.99985,116.913
0.01381,-7.5,12.9996,0.0103579,9.99952,116.911
0.01381,-7.3,12.9989,0.0294375,9.99864,116.907
0.01381,-7.1,12.9972,0.0764374,9.99647,116.897
0.01381,-6.9,12.9934,0.182008,9.99159,116.874
0.01381,-6.7,12.9856,0.398842,9.98157,116.827
0.01381,-6.5,12.9709,0.807326,9.96274,116.739
0.01381,-6.3,12.9454,1.51569,9.93014,116.586
0.01381,-6.1,12.9046,2.65162,9.87807,116.342
0.01381,-5.9,12.8438,4.34556,9.80084,115.978
0.01381,-5.7,12.7593,6.71045,9.69385,115.472
0.01381,-5.5,12.6485,9.82454,9.5544,114.808
0.01381,-5.3,12.5105,13.7228,9.38212,113.981
0.01381,-5.1,12.3462,18.3981,9.17877,112.995
0.01381,-4.9,12.1577,23.8095,8.9478,111.86
0.01381,-4.7,11.9478,29.8938,8.69367,110.592
0.01381,-4.5,11.7199,36.5765,8.4212,109.209
0.01381,-4.3,11.4773,43.7808,8.13514,107.729
0.01381,-4.1,11.2231,51.4332,7.83985,106.171
0.01381,-3.9,10.9601,59.4668,7.53913,104.548
0.01381,-3.7,10.6908,67.8229,7.23621,102.875
0.01381,-3.5,10.4172,76.4505,6.93376,101.163
0.01381,-3.3,10.1413,85.3061,6.63394,99.423
0.01381,-3.1,9.86432,94.353,6.33849,97.6621
0.01381,-2.9,9.58762,103.56,6.04876,95.8878
0.01381,-2.7,9.3122,112.899,5.76582,94.1059
0.01381,-2.5,9.03894,122.347,5.49052,92.3217
0.01381,-2.3,8.76859,131.882,5.22349,90.5397
0.01381,-2.1,8.50182,141.484,4.96525,88.764
0.01381,-1.9,8.23922,151.134,4.71618,86.9986
0.01381,-1.7,7.9814,160.81,4.47664,85.2473
0.01381,-1.5,7.72895,170.489,4.24692,83.5146
0.01381,-1.3,7.48254,180.142,4.02738,81.8053
0.01381,-1.1,7.24302,189.732,3.81843,80.1259
0.01381,-0.9,7.01145,199.208,3.62065,78.485
0.01381,-0.7,6.78941,208.492,3.43497,76.8951
0.01381,-0.5,6.57924,217.466,3.26287,75.3757
0.01381,-0.3,6.38474,225.939,3.10685,73.958
0.01381,-0.1,6.21206,233.595,2.97116,72.694
0.01381,0.1,6.0709,239.93,2.8626,71.6663
0.01381,0.3,5.9738,244.283,2.79,70.9841
0.01381,0.5,5.92704,246.276,2.75745,70.7095
0.01381,0.7,5.91405,246.64,2.75182,70.7203
0.01381,0.9,5.90874,246.583,2.75313,70.8172
0.01381,1.1,5.90259,246.481,2.75518,70.9439
0.01381,1.3,5.89344,246.386,2.75713,71.1044
0.01381,1.5,5.87904,246.309,2.75884,71.3228
0.01381,1.7,5.85546,246.248,2.7603,71.648
0.01381,1.9,5.81585,246.203,2.76155,72.1683
0.01381,2.1,5.74967,246.171,2.76261,73.0272
0.01381,2.3,5.64302,246.15,2.76354,74.4325
0.01381,2.5,5.481,246.138,2.76437,76.6555
0.01381,2.7,5.25206,246.132,2.7651,80.0183
0.01381,2.9,4.95321,246.133,2.76577,84.8668
0.01381,3.1,4.59381,246.14,2.76638,91.5264
0.01381,3.3,4.19593,246.151,2.76694,100.226
0.01381,3.5,3.79028,246.166,2.76745,110.973
0.01381,3.7,3.40914,246.185,2.76792,123.4
0.01381,3.9,3.07888,246.208,2.76837,136.66
0.01381,4.1,2.81479,246.235,2.76881,149.504
0.01381,4.3,2.61994,246.265,2.76923,160.648
0.01381,4.5,2.48738,246.299,2.76967,169.237
0.01381,4.7,2.40441,246.337,2.77013,175.105
0.01381,4.9,2.35688,246.38,2.77062,178.668
0.01381,5.1,2.33224,246.428,2.77116,180.591
0.01381,5.3,2.32098,246.482,2.77175,181.506
0.01381,5.5,2.3168,246.543,2.77241,181.877
0.01381,5.7,2.31597,246.613,2.77316,181.991
0.01381,5.9,2.31653,246.693,2.77401,182.003
0.01381,6.1,2.31758,246.786,2.77498,181.984
0.01381,6.3,2.31875,246.893,2.77611,181.967
0.01381,6.5,2.31994,247.02,2.77743,181.96
0.01381,6.7,2.32115,247.167,2.77899,181.966
0.01381,6.9,2.32235,247.337,2.78069,181.983
0.01381,7.1,2.32318,247.414,2.78176,181.989
0.01381,7.3,2.3183,246.527,2.77155,181.703
0.01381,7.5,2.2667,236.13,2.66889,178.955
0.01381,7.7,1.98646,182.122,2.13237,163.151
0.01381,7.9,1.53148,68.9289,1.3384,132.825
0.01381,8.1,1.33252,9.25649,1.04262,118.922
0.01381,8.3,1.30299,0.831996,1.00384,117.093
0.01381,8.5,1.30025,0.0704861,1.00033,116.929
0.01381,8.7,1.30002,0.00580458,1.00003,116.915
0.01381,8.9,1.3,0.000458672,1,116.914
0.01381,9.1,1.3,3.39625e-05,1,116.913
0.01381,9.3,1.3,2.28152e-06,1,116.913
0.01381,9.5,1.3,1.33347e-07,1,116.913
0.01381,9.7,1.3,6.41741e-09,1,116.913
0.01381,9.9,1.3,2.35109e-10,1,116.913
0.0140682,-9.9,13,1.84175e-11,10,116.913
0.0140682,-9.7,13,2.57762e-10,10,116.913
0.0140682,-9.5,13,2.82851e-09,10,116.913
0.0140682,-9.3,13,2.53384e-08,10,116.913
0.0140682,-9.1,13,1.90519e-07,10,116.913
0.0140682,-8.9,13,1.22688e-06,10,116.913
0.0140682,-8.7,13,6.87102e-06,10,116.913
0.0140682,-8.5,13,3.38679e-05,10,116.913
0.0140682,-8.3,13,0.000148343,9.99999,116.913
0.0140682,-8.1,13,0.000581893,9.99997,116.913
0.0140682,-7.9,12.9999,0.00205745,9.9999,116.913
0.0140682,-7.7,12.9998,0.00659294,9.9997,116.912
0.0140682,-7.5,12.9993,0.0192353,9.99911,116.909
0.0140682,-7.3,12.9981,0.0513021,9.99763,116.902
0.0140682,-7.1,12.9955,0.125531,9.9942,116.886
0.0140682,-6.9,12.9898,0.282764,9.98693,116.852
0.0140682,-6.7,12.9788,0.588377,9.97283,116.786
0.0140682,-6.5,12.9591,1.13518,9.94764,116.668
0.0140682,-6.3,12.9266,2.03929,9.90611,116.474
0.0140682,-6.1,12.8767,3.42766,9.84262,116.175
0.0140682,-5.9,12.8054,5.41966,9.75212,115.748
0.0140682,-5.7,12.7095,8.10859,9.63103,115.174
0.0140682,-5.5,12.5873,11.5492,9.47785,114.442
0.0140682,-5.3,12.439,15.7545,9.29329,113.552
0.0140682,-5.1,12.2658,20.7002,9.0799,112.51
0.0140682,-4.9,12.0703,26.3352,8.84156,111.331
0.0140682,-4.7,11.8555,32.592,8.58277,110.031
0.0140682,-4.5,11.6246,39.3971,8.3082,108.627
0.0140682,-4.3,11.3807,46.6773,8.02228,107.136
0.0140682,-4.1,11.1268,54.3641,7.72897,105.575
0.0140682,-3.9,10.8653,62.3966,7.43171,103.957
0.0140682,-3.7,10.5986,70.7212,7.13337,102.295
0.0140682,-3.5,10.3284,79.292,6.83631,100.6
0.0140682,-3.3,10.0564,88.0699,6.54244,98.8791
0.0140682,-3.1,9.78391,97.0216,6.25329,97.1413
0.0140682,-2.9,9.512,106.119,5.97004,95.3924
0.0140682,-2.7,9.24161,115.336,5.69365,93.6379
0.0140682,-2.5,8.97353,124.653,5.42485,91.8824
0.0140682,-2.3,8.70845,134.048,5.1642,90.1301
0.0140682,-2.1,8.44697,143.504,4.91215,88.3849
0.0140682,-1.9,8.18966,153.001,4.66905,86.6504
0.0140682,-1.7,7.93708,162.519,4.43523,84.9304
0.0140682,-1.5,7.68979,172.036,4.21096,83.229
0.0140682,-1.3,7.44845,181.524,3.99657,81.5511
0.0140682,-1.1,7.21386,190.946,3.79247,79.9029
0.0140682,-0.9,6.9871,200.25,3.59925,78.293
0.0140682,-0.7,6.76971,209.362,3.41781,76.7337
0.0140682,-0.5,6.56403,218.162,3.24965,75.2443
0.0140682,-0.3,6.37381,226.462,3.09726,73.856
0.0140682,-0.1,6.20515,233.948,2.96483,72.6199
0.0140682,0.1,6.0676,240.126,2.85908,71.6173
0.0140682,0.3,5.97333,244.355,2.7886,70.9541
0.0140682,0.5,5.92818,246.282,2.75714,70.6879
0.0140682,0.7,5.91579,246.63,2.75176,70.6978
0.0140682,0.9,5.91091,246.57,2.75309,70.7902
0.0140682,1.1,5.90532,246.468,2.75513,70.9097
0.0140682,1.3,5.89705,246.374,2.75706,71.059
0.0140682,1.5,5.8842,246.296,2.75875,71.2579
0.0140682,1.7,5.8634,246.236,2.76019,71.5479
0.0140682,1.9,5.82877,246.19,2.76141,72.0049
0.0140682,2.1,5.77094,246.158,2.76246,72.754
0.0140682,2.3,5.67707,246.136,2.76337,73.9815
0.0140682,2.5,5.53257,246.122,2.76418,75.9358
0.0140682,2.7,5.32485,246.116,2.7649,78.9187
0.0140682,2.9,5.04817,246.116,2.76555,83.2638
0.0140682,3.1,4.70798,246.121,2.76615,89.2995
0.0140682,3.3,4.32231,246.131,2.76669,97.2866
0.0140682,3.5,3.91912,246.144,2.76719,107.315
0.0140682,3.7,3.53019,246.161,2.76766,119.158
0.0140682,3.9,3.18376,246.182,2.76809,132.144
0.0140682,4.1,2.89864,246.206,2.76851,145.164
0.0140682,4.3,2.68178,246.234,2.76892,156.926
0.0140682,4.5,2.52942,246.265,2.76933,166.403
0.0140682,4.7,2.43068,246.3,2.76976,173.19
0.0140682,4.9,2.37187,246.339,2.77021,177.513
0.0140682,5.1,2.33993,246.382,2.7707,179.968
0.0140682,5.3,2.3244,246.431,2.77124,181.206
0.0140682,5.5,2.31794,246.486,2.77184,181.749
0.0140682,5.7,2.31602,246.549,2.77251,181.944
0.0140682,5.9,2.31611,246.62,2.77326,181.986
0.0140682,6.1,2.31697,246.701,2.77412,181.976
0.0140682,6.3,2.31805,246.795,2.77511,181.955
0.0140682,6.5,2.31918,246.905,2.77626,181.942
0.0140682,6.7,2.32032,247.034,2.7776,181.941
0.0140682,6.9,2.32148,247.183,2.77917,181.952
0.0140682,7.1,2.3226,247.346,2.78078,181.97
0.0140682,7.3,2.32287,247.317,2.78081,181.951
0.0140682,7.5,2.31275,245.417,2.76022,181.394
0.0140682,7.7,2.22274,227.748,2.58243,176.583
0.0140682,7.9,1.85765,154.109,1.8968,155.191
0.0140682,8.1,1.44597,43.3779,1.20498,126.657
0.0140682,8.3,1.31726,4.85635,1.02238,117.965
0.0140682,8.5,1.30153,0.425638,1.00197,117.006
0.0140682,8.7,1.30013,0.0359087,1.00017,116.921
0.0140682,8.9,1.30001,0.00294634,1.00001,116.914
0.0140682,9.1,1.3,0.000231594,1,116.914
0.0140682,9.3,1.3,1.70237e-05,1,116.913
0.0140682,9.5,1.3,1.13296e-06,1,116.913
0.0140682,9.7,1.3,6.54821e-08,1,116.913
0.0140682,9.9,1.3,3.11196e-09,1,116.913
0.0143265,-9.9,13,1.29794e-10,10,116.913
0.0143265,-9.7,13,1.45418e-09,10,116.913
0.0143265,-9.5,13,1.33045e-08,10,116.913
0.0143265,-9.3,13,1.02213e-07,10,116.913
0.0143265,-9.1,13,6.72837e-07,10,116.913
0.0143265,-8.9,13,3.85363e-06,10,116.913
0.0143265,-8.7,13,1.94352e-05,10,116.913
0.0143265,-8.5,13,8.71437e-05,10,116.913
0.0143265,-8.3,13,0.000350114,9.99998,116.913
0.0143265,-8.1,13,0.0012686,9.99994,116.913
0.0143265,-7.9,12.9998,0.00416818,9.99981,116.913
0.0143265,-7.7,12.9996,0.0124762,9.99942,116.911
0.0143265,-7.5,12.9988,0.0341563,9.99842,116.906
0.0143265,-7.3,12.9969,0.0858322,9.99603,116.895
0.0143265,-7.1,12.9928,0.198633,9.99082,116.871
0.0143265,-6.9,12.9847,0.424697,9.98038,116.822
0.0143265,-6.7,12.9697,0.841826,9.96115,116.732
0.0143265,-6.5,12.9441,1.55289,9.92843,116.578
0.0143265,-6.3,12.9036,2.67754,9.87688,116.336
0.0143265,-6.1,12.8441,4.3368,9.80123,115.98
0.0143265,-5.9,12.762,6.63479,9.69724,115.488
0.0143265,-5.7,12.6549,9.64358,9.56244,114.847
0.0143265,-5.5,12.5221,13.3956,9.39644,114.05
0.0143265,-5.3,12.3642,17.8847,9.20087,113.102
0.0143265,-5.1,12.1833,23.0735,8.97887,112.012
0.0143265,-4.9,11.9819,28.904,8.73452,110.796
0.0143265,-4.7,11.7631,35.3073,8.47231,109.468
0.0143265,-4.5,11.53,42.2118,8.19665,108.048
0.0143265,-4.3,11.2855,49.5486,7.91163,106.55
0.0143265,-4.1,11.0323,57.2547,7.62085,104.989
0.0143265,-3.9,10.7728,65.2743,7.32739,103.378
0.0143265,-3.7,10.5088,73.559,7.0338,101.729
0.0143265,-3.5,10.2421,82.0673,6.74219,100.05
0.0143265,-3.3,9.97417,90.764,6.45422,98.3502
0.0143265,-3.1,9.70609,99.6188,6.17125,96.6355
0.0143265,-2.9,9.43889,108.606,5.89432,94.9119
0.0143265,-2.7,9.17342,117.703,5.62427,93.1842
0.0143265,-2.5,8.91039,126.89,5.36173,91.4569
0.0143265,-2.3,8.65041,136.149,5.10722,89.7336
0.0143265,-2.1,8.39406,145.461,4.86112,88.0181
0.0143265,-1.9,8.14186,154.809,4.62376,86.3136
0.0143265,-1.7,7.89433,164.175,4.39542,84.6239
0.0143265,-1.5,7.65202,173.534,4.17638,82.9529
0.0143265,-1.3,7.41556,182.862,3.96693,81.3053
0.0143265,-1.1,7.18573,192.12,3.76749,79.6873
0.0143265,-0.9,6.9636,201.259,3.57863,78.1072
0.0143265,-0.7,6.75069,210.203,3.40128,76.5775
0.0143265,-0.5,6.54934,218.835,3.2369,75.1173
0.0143265,-0.3,6.36325,226.967,3.08799,73.7573
0.0143265,-0.1,6.19848,234.29,2.95872,72.5483
0.0143265,0.1,6.0644,240.317,2.85569,71.57
0.0143265,0.3,5.97286,244.425,2.78724,70.9252
0.0143265,0.5,5.92926,246.288,2.75684,70.6673
0.0143265,0.7,5.91745,246.62,2.7517,70.6765
0.0143265,0.9,5.91297,246.558,2.75305,70.7647
0.0143265,1.1,5.90788,246.456,2.75508,70.8779
0.0143265,1.3,5.90039,246.362,2.75699,71.0171
0.0143265,1.5,5.88886,246.284,2.75866,71.1992
0.0143265,1.7,5.87046,246.223,2.76008,71.4591
0.0143265,1.9,5.84011,246.178,2.76128,71.8617
0.0143265,2.1,5.78956,246.145,2.76231,72.5162
0.0143265,2.3,5.70706,246.122,2.76321,73.5883
0.0143265,2.5,5.57859,246.108,2.764,75.3045
0.0143265,2.7,5.3909,246.101,2.7647,77.9462
0.0143265,2.9,5.13609,246.1,2.76534,81.8322
0.0143265,3.1,4.81605,246.103,2.76593,87.2885
0.0143265,3.3,4.44482,246.111,2.76646,94.5972
0.0143265,3.5,4.04719,246.124,2.76695,103.91
0.0143265,3.7,3.65372,246.139,2.7674,115.118
0.0143265,3.9,3.29378,246.158,2.76783,127.718
0.0143265,4.1,2.98918,246.18,2.76823,140.753
0.0143265,4.3,2.75063,246.205,2.76862,152.982
0.0143265,4.5,2.57776,246.234,2.76901,163.264
0.0143265,4.7,2.46197,246.266,2.76941,170.967
0.0143265,4.9,2.39045,246.301,2.76983,176.109
0.0143265,5.1,2.34996,246.341,2.77029,179.173
0.0143265,5.3,2.32919,246.385,2.77078,180.802
0.0143265,5.5,2.31983,246.435,2.77132,181.567
0.0143265,5.7,2.31645,246.491,2.77192,181.872
0.0143265,5.9,2.31587,246.554,2.7726,181.962
0.0143265,6.1,2.31645,246.627,2.77336,181.966
0.0143265,6.3,2.31742,246.709,2.77423,181.947
0.0143265,6.5,2.31849,246.805,2.77524,181.929
0.0143265,6.7,2.31957,246.917,2.7764,181.921
0.0143265,6.9,2.32066,247.048,2.77776,181.925
0.0143265,7.1,2.32178,247.198,2.77934,181.94
0.0143265,7.3,2.32278,247.341,2.7808,181.957
0.0143265,7.5,2.32192,247.13,2.77864,181.883
0.0143265,7.7,2.30266,243.323,2.73992,180.849
0.0143265,7.9,2.15491,215.057,2.45075,172.853
0.0143265,8.1,1.72419,121.833,1.66088,146.407
0.0143265,8.3,1.38636,25.2863,1.1172,122.48
0.0143265,8.5,1.309,2.5156,1.01161,117.458
0.0143265,8.7,1.30078,0.217494,1.00101,116.96
0.0143265,8.9,1.30007,0.0182883,1.00008,116.917
0.0143265,9.1,1.30001,0.00149503,1.00001,116.914
0.0143265,9.3,1.3,0.000116883,1,116.913
0.0143265,9.5,1.3,8.52843e-06,1,116.913
0.0143265,9.7,1.3,5.62281e-07,1,116.913
0.0143265,9.9,1.3,3.21386e-08,1,116.913
0.0145848,-9.9,13,7.46151e-10,10,116.913
0.0145848,-9.7,13,6.96939e-09,10,116.913
0.0145848,-9.5,13,5.4683e-08,10,116.913
0.0145848,-9.3,13,3.67785e-07,10,116.913
0.0145848,-9.1,13,2.1532e-06,10,116.913
0.0145848,-8.9,13,1.11054e-05,10,116.913
0.0145848,-8.7,13,5.09472e-05,10,116.913
0.0145848,-8.5,13,0.000209532,9.99999,116.913
0.0145848,-8.3,13,0.000777583,9.99996,116.913
0.0145848,-8.1,12.9999,0.00261807,9.99988,116.913
0.0145848,-7.9,12.9997,0.00803464,9.99963,116.912
0.0145848,-7.7,12.9992,0.022565,9.99896,116.909
0.0145848,-7.5,12.9979,0.0581992,9.99731,116.901
0.0145848,-7.3,12.995,0.138293,9.99361,116.884
0.0145848,-7.1,12.989,0.303685,9.98597,116.848
0.0145848,-6.9,12.9777,0.61825,9.97145,116.78
0.0145848,-6.7,12.9578,1.17093,9.94599,116.661
0.0145848,-6.5,12.9254,2.07132,9.90464,116.467
0.0145848,-6.3,12.8764,3.43783,9.84215,116.173
0.0145848,-6.1,12.8068,5.38095,9.75386,115.756
0.0145848,-5.9,12.7138,7.98676,9.63647,115.2
0.0145848,-5.7,12.5959,11.3059,9.48859,114.493
0.0145848,-5.5,12.4532,15.3504,9.31085,113.636
0.0145848,-5.3,12.2868,20.0987,9.10559,112.636
0.0145848,-5.1,12.0991,25.5038,8.87633,111.504
0.0145848,-4.9,11.8928,31.5034,8.62727,110.255
0.0145848,-4.7,11.6709,38.0291,8.36272,108.906
0.0145848,-4.5,11.4364,45.0124,8.08684,107.473
0.0145848,-4.3,11.1919,52.3891,7.80337,105.971
0.0145848,-4.1,10.9399,60.1013,7.51556,104.413
0.0145848,-3.9,10.6825,68.0981,7.22617,102.812
0.0145848,-3.7,10.4215,76.3358,6.93746,101.176
0.0145848,-3.5,10.1584,84.7769,6.6513,99.5152
0.0145848,-3.3,9.89447,93.3895,6.36917,97.8359
0.0145848,-3.1,9.63078,102.146,6.09224,96.1443
0.0145848,-2.9,9.36822,111.024,5.82145,94.4457
0.0145848,-2.7,9.10754,120.002,5.55753,92.7445
0.0145848,-2.5,8.84941,129.062,5.30104,91.0446
0.0145848,-2.3,8.59439,138.186,5.05243,89.3497
0.0145848,-2.1,8.343,147.358,4.81205,87.6629
0.0145848,-1.9,8.09574,156.562,4.5802,85.9877
0.0145848,-1.7,7.85308,165.778,4.35713,84.3273
0.0145848,-1.5,7.61557,174.986,4.14309,82.6857
0.0145848,-1.3,7.38381,184.157,3.93839,81.0674
0.0145848,-1.1,7.15857,193.257,3.74342,79.4786
0.0145848,-0.9,6.94091,202.236,3.55876,77.9275
0.0145848,-0.7,6.73232,211.018,3.38533,76.4264
0.0145848,-0.5,6.53514,219.487,3.2246,74.9943
0.0145848,-0.3,6.35304,227.457,3.07905,73.6618
0.0145848,-0.1,6.19201,234.62,2.95282,72.479
0.0145848,0.1,6.0613,240.501,2.85241,71.5243
0.0145848,0.3,5.9724,244.493,2.78594,70.8973
0.0145848,0.5,5.9303,246.294,2.75655,70.6476
0.0145848,0.7,5.91903,246.611,2.75165,70.6562
0.0145848,0.9,5.91491,246.546,2.75302,70.7407
0.0145848,1.1,5.91027,246.444,2.75504,70.848
0.0145848,1.3,5.90347,246.35,2.75693,70.9784
0.0145848,1.5,5.89311,246.272,2.75858,71.1458
0.0145848,1.7,5.87676,246.212,2.75998,71.3799
0.0145848,1.9,5.85009,246.166,2.76116,71.736
0.0145848,2.1,5.80587,246.133,2.76217,72.3089
0.0145848,2.3,5.73344,246.109,2.76305,73.2456
0.0145848,2.5,5.61952,246.094,2.76383,74.7515
0.0145848,2.7,5.4506,246.086,2.76452,77.0875
0.0145848,2.9,5.21707,246.084,2.76515,80.5562
0.0145848,3.1,4.91773,246.087,2.76572,85.4773
0.0145848,3.3,4.56274,246.094,2.76624,92.145
0.0145848,3.5,4.17349,246.104,2.76672,100.757
0.0145848,3.7,3.77869,246.118,2.76716,111.302
0.0145848,3.9,3.4081,246.136,2.76758,123.423
0.0145848,4.1,3.08591,246.156,2.76797,136.328
0.0145848,4.3,2.82637,246.179,2.76834,148.867
0.0145848,4.5,2.63262,246.205,2.76872,159.845
0.0145848,4.7,2.49868,246.235,2.76909,168.436
0.0145848,4.9,2.41308,246.267,2.76949,174.435
0.0145848,5.1,2.36272,246.303,2.7699,178.181
0.0145848,5.3,2.33567,246.344,2.77036,180.274
0.0145848,5.5,2.32266,246.389,2.77085,181.315
0.0145848,5.7,2.31736,246.439,2.77139,181.766
0.0145848,5.9,2.31586,246.496,2.772,181.923
0.0145848,6.1,2.31605,246.561,2.77269,181.954
0.0145848,6.3,2.31687,246.634,2.77346,181.94
0.0145848,6.5,2.31787,246.718,2.77434,181.92
0.0145848,6.7,2.31889,246.815,2.77536,181.906
0.0145848,6.9,2.31992,246.929,2.77655,181.903
0.0145848,7.1,2.32097,247.062,2.77793,181.912
0.0145848,7.3,2.32203,247.213,2.77948,181.93
0.0145848,7.5,2.32286,247.313,2.78066,181.942
0.0145848,7.7,2.31991,246.766,2.77437,181.761
0.0145848,7.9,2.28448,239.599,2.70366,179.876
0.0145848,8.1,2.06027,196.929,2.27025,167.478
0.0145848,8.3,1.60069,88.7569,1.45123,137.796
0.0145848,8.5,1.34847,13.9388,1.06421,119.948
0.0145848,8.7,1.30465,1.29443,1.00598,117.193
0.0145848,8.9,1.3004,0.111054,1.00051,116.937
0.0145848,9.1,1.30003,0.00931112,1.00004,116.915
0.0145848,9.3,1.3,0.000758285,1,116.914
0.0145848,9.5,1.3,5.89577e-05,1,116.913
0.0145848,9.7,1.3,4.26979e-06,1,116.913
0.0145848,9.9,1.3,2.78871e-07,1,116.913
0.014843,-9.9,13,3.64271e-09,10,116.913
0.014843,-9.7,13,2.91772e-08,10,116.913
0.014843,-9.5,13,2.00413e-07,10,116.913
0.014843,-9.3,13,1.19879e-06,10,116.913
0.014843,-9.1,13,6.31992e-06,10,116.913
0.014843,-8.9,13,2.96494e-05,10,116.913
0.014843,-8.7,13,0.000124759,9.99999,116.913
0.014843,-8.5,13,0.000473924,9.99998,116.913
0.014843,-8.3,12.9999,0.00163421,9.99992,116.913
0.014843,-8.1,12.9998,0.00513908,9.99976,116.912
0.014843,-7.9,12.9995,0.0147971,9.99932,116.91
0.014843,-7.7,12.9986,0.0391471,9.99819,116.905
0.014843,-7.5,12.9966,0.0954597,9.99559,116.893
0.014843,-7.3,12.9922,0.21519,9.99005,116.867
0.014843,-7.1,12.9838,0.449774,9.97922,116.816
0.014843,-6.9,12.9685,0.874419,9.95964,116.725
0.014843,-6.7,12.9428,1.58692,9.92687,116.571
0.014843,-6.5,12.9029,2.69956,9.87587,116.332
0.014843,-6.3,12.8446,4.32486,9.80176,115.983
0.014843,-6.1,12.7647,6.55915,9.70064,115.504
0.014843,-5.9,12.6611,9.46898,9.5702,114.884
0.014843,-5.7,12.533,13.0845,9.41008,114.116
0.014843,-5.5,12.3812,17.4005,9.22176,113.203
0.014843,-5.3,12.2073,22.3829,9.00811,112.156
0.014843,-5.1,12.0138,27.9781,8.77289,110.987
0.014843,-4.9,11.8035,34.1224,8.52026,109.711
0.014843,-4.7,11.5793,40.7487,8.25435,108.345
0.014843,-4.5,11.3439,47.7926,7.979,106.904
0.014843,-4.3,11.0999,55.1944,7.69761,105.401
0.014843,-4.1,10.8495,62.9012,7.41313,103.849
0.014843,-3.9,10.5945,70.8668,7.12801,102.258
0.014843,-3.7,10.3366,79.0515,6.84427,100.637
0.014843,-3.5,10.0771,87.4216,6.56354,98.9942
0.014843,-3.3,9.81723,95.9482,6.28714,97.3358
0.014843,-3.1,9.55787,104.607,6.01612,95.6673
0.014843,-2.9,9.29986,113.375,5.75129,93.9933
0.014843,-2.7,9.04387,122.235,5.4933,92.3181
0.014843,-2.5,8.7905,131.17,5.24264,90.6451
0.014843,-2.3,8.54029,140.163,4.99972,88.9777
0.014843,-2.1,8.2937,149.199,4.76485,87.319
0.014843,-1.9,8.0512,158.261,4.53828,85.672
0.014843,-1.7,7.81325,167.333,4.32027,84.0401
0.014843,-1.5,7.58037,176.392,4.11104,82.427
0.014843,-1.3,7.35315,185.412,3.9109,80.8371
0.014843,-1.1,7.13234,194.359,3.72022,79.2766
0.014843,-0.9,6.91898,203.182,3.5396,77.7535
0.014843,-0.7,6.71457,211.807,3.36993,76.2801
0.014843,-0.5,6.5214,220.119,3.21271,74.8753
0.014843,-0.3,6.34316,227.931,3.0704,73.5694
0.014843,-0.1,6.18576,234.941,2.9471,72.412
0.014843,0.1,6.0583,240.679,2.84923,71.4801
0.014843,0.3,5.97195,244.559,2.78467,70.8705
0.014843,0.5,5.93129,246.299,2.75628,70.6288
0.014843,0.7,5.92054,246.601,2.7516,70.637
0.014843,0.9,5.91675,246.535,2.75299,70.718
0.014843,1.1,5.91253,246.432,2.755,70.82
0.014843,1.3,5.90634,246.338,2.75687,70.9425
0.014843,1.5,5.89698,246.261,2.7585,71.0971
0.014843,1.7,5.88241,246.2,2.75988,71.3089
0.014843,1.9,5.85891,246.155,2.76105,71.6251
0.014843,2.1,5.82017,246.121,2.76205,72.1279
0.014843,2.3,5.75663,246.097,2.76291,72.9468
0.014843,2.5,5.65583,246.082,2.76367,74.2673
0.014843,2.7,5.50433,246.073,2.76435,76.3301
0.014843,2.9,5.2913,246.069,2.76496,79.4209
0.014843,3.1,5.01284,246.071,2.76552,83.8496
0.014843,3.3,4.67551,246.077,2.76603,89.9158
0.014843,3.5,4.29713,246.086,2.7665,97.8499
0.014843,3.7,3.90409,246.099,2.76694,107.718
0.014843,3.9,3.52581,246.115,2.76734,119.292
0.014843,4.1,3.18824,246.133,2.76772,131.941
0.014843,4.3,2.90879,246.155,2.76808,144.636
0.014843,4.5,2.69413,246.179,2.76844,156.18
0.014843,4.7,2.54117,246.206,2.7688,165.602
0.014843,4.9,2.4402,246.236,2.76917,172.477
0.014843,5.1,2.37862,246.269,2.76955,176.967
0.014843,5.3,2.34415,246.306,2.76997,179.597
0.014843,5.5,2.32666,246.347,2.77042,180.976
0.014843,5.7,2.31889,246.392,2.77092,181.615
0.014843,5.9,2.31617,246.444,2.77147,181.864
0.014843,6.1,2.3158,246.501,2.77208,181.934
0.014843,6.3,2.31639,246.567,2.77278,181.933
0.014843,6.5,2.3173,246.641,2.77356,181.913
0.014843,6.7,2.31827,246.727,2.77446,181.895
0.014843,6.9,2.31925,246.826,2.77549,181.886
0.014843,7.1,2.32023,246.942,2.77669,181.888
0.014843,7.3,2.32125,247.075,2.7781,181.901
0.014843,7.5,2.32225,247.225,2.77958,181.919
0.014843,7.7,2.32274,247.247,2.78013,181.917
0.014843,7.9,2.31611,246.044,2.76656,181.547
0.014843,8.1,2.25275,233.384,2.64092,178.176
0.014843,8.3,1.94198,172.716,2.04996,160.438
0.014843,8.5,1.49842,59.1451,1.28587,130.428
0.014843,8.7,1.32619,7.42118,1.03418,118.522
0.014843,8.9,1.30239,0.663777,1.00307,117.057
0.014843,9.1,1.3002,0.0566805,1.00026,116.926
0.014843,9.3,1.30002,0.00473921,1.00002,116.914
0.014843,9.5,1.3,0.000384453,1,116.914
0.014843,9.7,1.3,2.97237e-05,1,116.913
0.014843,9.9,1.3,2.1364e-06,1,116.913
0.0151013,-9.9,13,1.55291e-08,10,116.913
0.0151013,-9.7,13,1.08888e-07,10,116.913
0.0151013,-9.5,13,6.6516e-07,10,116.913
0.0151013,-9.3,13,3.58269e-06,10,116.913
0.0151013,-9.1,13,1.71799e-05,10,116.913
0.0151013,-8.9,13,7.3923e-05,10,116.913
0.0151013,-8.7,13,0.000287296,9.99999,116.913
0.0151013,-8.5,13,0.00101404,9.99995,116.913
0.0151013,-8.3,12.9999,0.00326571,9.99985,116.913
0.0151013,-8.1,12.9997,0.00963469,9.99955,116.911
0.0151013,-7.9,12.9991,0.0261305,9.99879,116.908
0.0151013,-7.7,12.9976,0.0653519,9.99698,116.899
0.0151013,-7.5,12.9945,0.151152,9.99301,116.881
0.0151013,-7.3,12.9883,0.324215,9.98502,116.843
0.0151013,-7.1,12.9767,0.646833,9.97013,116.774
0.0151013,-6.9,12.9566,1.20422,9.94446,116.653
0.0151013,-6.7,12.9244,2.09988,9.90333,116.461
0.0151013,-6.5,12.8761,3.44447,9.84184,116.171
0.0151013,-6.3,12.8082,5.34055,9.75568,115.765
0.0151013,-6.1,12.718,7.86774,9.64179,115.225
0.0151013,-5.9,12.6042,11.073,9.49888,114.542
0.0151013,-5.7,12.4666,14.9678,9.32751,113.717
0.0151013,-5.5,12.3066,19.5326,9.12982,112.754
0.0151013,-5.3,12.1261,24.7242,8.90905,111.665
0.0151013,-5.1,11.9277,30.485,8.66907,110.465
0.0151013,-4.9,11.7142,36.7513,8.41392,109.167
0.0151013,-4.7,11.4884,43.4588,8.14747,107.788
0.0151013,-4.5,11.2528,50.5471,7.87328,106.342
0.0151013,-4.3,11.0097,57.9612,7.59443,104.84
0.0151013,-4.1,10.7611,65.6527,7.31356,103.295
0.0151013,-3.9,10.5087,73.5799,7.03285,101.716
0.0151013,-3.7,10.254,81.7069,6.75411,100.111
0.0151013,-3.5,9.99822,90.0029,6.47878,98.4868
0.0151013,-3.3,9.74235,98.4419,6.20802,96.8495
0.0151013,-3.1,9.48727,107.001,5.94276,95.2038
0.0151013,-2.9,9.23371,115.662,5.68371,93.5543
0.0151013,-2.7,8.98229,124.406,5.43145,91.9045
0.0151013,-2.5,8.73356,133.217,5.18642,90.2577
0.0151013,-2.3,8.488,142.082,4.94898,88.6172
0.0151013,-2.1,8.24606,150.984,4.7194,86.9857
0.0151013,-1.9,8.00817,159.909,4.49792,85.3662
0.0151013,-1.7,7.77477,168.84,4.28476,83.7619
0.0151013,-1.5,7.54636,177.755,4.08016,82.1764
0.0151013,-1.3,7.32351,186.629,3.88439,80.6141
0.0151013,-1.1,7.10698,195.427,3.69784,79.0809
0.0151013,-0.9,6.89777,204.099,3.5211,77.585
0.0151013,-0.7,6.69739,212.572,3.35507,76.1384
0.0151013,-0.5,6.50812,220.731,3.20123,74.76
0.0151013,-0.3,6.3336,228.39,3.06204,73.4799
0.0151013,-0.1,6.1797,235.251,2.94158,72.3471
0.0151013,0.1,6.05539,240.852,2.84616,71.4374
0.0151013,0.3,5.97151,244.622,2.78345,70.8447
0.0151013,0.5,5.93223,246.304,2.75601,70.6107
0.0151013,0.7,5.92199,246.592,2.75156,70.6187
0.0151013,0.9,5.9185,246.524,2.75297,70.6965
0.0151013,1.1,5.91465,246.421,2.75496,70.7938
0.0151013,1.3,5.90901,246.327,2.75682,70.9091
0.0151013,1.5,5.90053,246.25,2.75843,71.0525
0.0151013,1.7,5.88749,246.19,2.7598,71.2451
0.0151013,1.9,5.86672,246.144,2.76094,71.5271
0.0151013,2.1,5.83273,246.11,2.76192,71.9694
0.0151013,2.3,5.777,246.086,2.76277,72.686
0.0151013,2.5,5.68798,246.069,2.76352,73.8435
0.0151013,2.7,5.55254,246.06,2.76418,75.6628
0.0151013,2.9,5.35902,246.056,2.76478,78.4121
0.0151013,3.1,5.10132,246.056,2.76533,82.3896
0.0151013,3.3,4.78268,246.061,2.76583,87.8947
0.0151013,3.5,4.41733,246.069,2.7663,95.1801
0.0151013,3.7,4.02895,246.081,2.76672,104.372
0.0151013,3.9,3.64597,246.095,2.76712,115.351
0.0151013,4.1,3.29546,246.112,2.76749,127.637
0.0151013,4.3,2.99754,246.132,2.76784,140.341
0.0151013,4.5,2.76229,246.154,2.76818,152.312
0.0151013,4.7,2.58971,246.179,2.76852,162.482
0.0151013,4.9,2.47221,246.206,2.76887,170.225
0.0151013,5.1,2.3981,246.237,2.76923,175.509
0.0151013,5.3,2.355,246.271,2.76962,178.746
0.0151013,5.5,2.3321,246.308,2.77003,180.528
0.0151013,5.7,2.32123,246.35,2.77049,181.404
0.0151013,5.9,2.31688,246.396,2.77099,181.777
0.0151013,6.1,2.31574,246.448,2.77154,181.903
0.0151013,6.3,2.316,246.507,2.77217,181.923
0.0151013,6.5,2.31678,246.573,2.77287,181.908
0.0151013,6.7,2.31771,246.649,2.77366,181.888
0.0151013,6.9,2.31864,246.736,2.77457,181.874
0.0151013,7.1,2.31957,246.837,2.77562,181.87
0.0151013,7.3,2.32052,246.954,2.77684,181.875
0.0151013,7.5,2.3215,247.089,2.77827,181.891
0.0151013,7.7,2.32241,247.228,2.77963,181.909
0.0151013,7.9,2.32219,247.121,2.7788,181.872
0.0151013,8.1,2.3092,244.642,2.7526,181.171
0.0151013,8.3,2.20099,223.622,2.53962,175.372
0.0151013,8.5,1.81005,142.957,1.81147,152.107
0.0151013,8.7,1.42229,36.1833,1.16951,124.975
0.0151013,8.9,1.31381,3.87566,1.01787,117.752
0.0151013,9.1,1.30122,0.339792,1.00157,116.987
0.0151013,9.3,1.3001,0.0289217,1.00013,116.92
0.0151013,9.5,1.30001,0.00241163,1.00001,116.914
0.0151013,9.7,1.3,0.000194851,1,116.914
0.0151013,9.9,1.3,1.49784e-05,1,116.913
0.0153597,-9.9,13,5.89899e-08,10,116.913
0.0153597,-9.7,13,3.67846e-07,10,116.913
0.0153597,-9.5,13,2.02334e-06,10,116.913
0.0153597,-9.3,13,9.91248e-06,10,116.913
0.0153597,-9.1,13,4.35951e-05,10,116.913
0.0153597,-8.9,13,0.000173253,9.99999,116.913
0.0153597,-8.7,13,0.00062561,9.99997,116.913
0.0153597,-8.5,12.9999,0.00206223,9.9999,116.913
0.0153597,-8.3,12.9998,0.00623051,9.99971,116.912
0.0153597,-8.1,12.9994,0.0173132,9.9992,116.91
0.0153597,-7.9,12.9984,0.0443847,9.99795,116.904
0.0153597,-7.7,12.9962,0.105272,9.99513,116.891
0.0153597,-7.5,12.9916,0.231624,9.9893,116.863
0.0153597,-7.3,12.9829,0.474055,9.9781,116.811
0.0153597,-7.1,12.9674,0.905196,9.95823,116.718
0.0153597,-6.9,12.9417,1.61805,9.92544,116.564
0.0153597,-6.7,12.9022,2.71813,9.87502,116.328
0.0153597,-6.5,12.8451,4.3103,9.80242,115.986
0.0153597,-6.3,12.7674,6.48389,9.70402,115.52
0.0153597,-6.1,12.6671,9.30058,9.57768,114.919
0.0153597,-5.9,12.5435,12.7885,9.42308,114.178
0.0153597,-5.7,12.3972,16.9433,9.24152,113.299
0.0153597,-5.5,12.2299,21.7337,9.03566,112.291
0.0153597,-5.3,12.0437,27.1103,8.80898,111.166
0.0153597,-5.1,11.8413,33.0137,8.56533,109.939
0.0153597,-4.9,11.6254,39.3814,8.30858,108.624
0.0153597,-4.7,11.3986,46.1527,8.04233,107.236
0.0153597,-4.5,11.1632,53.2711,7.76984,105.787
0.0153597,-4.3,10.9213,60.6863,7.49389,104.289
0.0153597,-4.1,10.6748,68.3542,7.21684,102.753
0.0153597,-3.9,10.4252,76.237,6.94066,101.187
0.0153597,-3.7,10.1738,84.302,6.66692,99.5981
0.0153597,-3.5,9.92166,92.5216,6.39692,97.9929
0.0153597,-3.3,9.66978,100.872,6.13169,96.3765
0.0153597,-3.1,9.4189,109.333,5.87203,94.7536
0.0153597,-2.9,9.1697,117.886,5.61859,93.128
0.0153597,-2.7,8.92273,126.515,5.37187,91.5031
0.0153597,-2.5,8.6785,135.206,5.13227,89.882
0.0153597,-2.3,8.43746,143.945,4.9001,88.2676
0.0153597,-2.1,8.20001,152.718,4.67561,86.6626
0.0153597,-1.9,7.96658,161.509,4.45902,85.0698
0.0153597,-1.7,7.73758,170.302,4.25053,83.4923
0.0153597,-1.5,7.51348,179.077,4.05037,81.9335
0.0153597,-1.3,7.29486,187.809,3.85882,80.3979
0.0153597,-1.1,7.08245,196.462,3.67625,78.8912
0.0153597,-0.9,6.87726,204.989,3.50324,77.4216
0.0153597,-0.7,6.68077,213.314,3.34071,76.0011
0.0153597,-0.5,6.49525,221.324,3.19013,74.6483
0.0153597,-0.3,6.32434,228.835,3.05396,73.3932
0.0153597,-0.1,6.17384,235.551,2.93624,72.2843
0.0153597,0.1,6.05257,241.019,2.84319,71.3961
0.0153597,0.3,5.97108,244.684,2.78227,70.8197
0.0153597,0.5,5.93314,246.308,2.75576,70.5934
0.0153597,0.7,5.92337,246.583,2.75152,70.6012
0.0153597,0.9,5.92017,246.513,2.75295,70.6761
0.0153597,1.1,5.91665,246.41,2.75493,70.769
0.0153597,1.3,5.9115,246.317,2.75677,70.878
0.0153597,1.5,5.9038,246.24,2.75837,71.0114
0.0153597,1.7,5.89209,246.179,2.75971,71.1873
0.0153597,1.9,5.87366,246.133,2.76084,71.4399
0.0153597,2.1,5.84378,246.099,2.76181,71.8302
0.0153597,2.3,5.79489,246.074,2.76264,72.4582
0.0153597,2.5,5.71639,246.058,2.76337,73.4727
0.0153597,2.7,5.59565,246.047,2.76402,75.0757
0.0153597,2.9,5.42055,246.043,2.76461,77.5174
0.0153597,3.1,5.18321,246.042,2.76515,81.0826
0.0153597,3.3,4.88392,246.046,2.76564,86.0669
0.0153597,3.5,4.5334,246.053,2.7661,92.7367
0.0153597,3.7,4.15232,246.063,2.76652,101.263
0.0153597,3.9,3.76763,246.077,2.76691,111.618
0.0153597,4.1,3.4068,246.092,2.76727,123.456
0.0153597,4.3,3.09217,246.11,2.76761,136.035
0.0153597,4.5,2.83699,246.131,2.76794,148.288
0.0153597,4.7,2.6445,246.154,2.76826,159.101
0.0153597,4.9,2.50949,246.179,2.76859,167.68
0.0153597,5.1,2.42158,246.208,2.76893,173.789
0.0153597,5.3,2.36861,246.239,2.76929,177.699
0.0153597,5.5,2.33927,246.273,2.76968,179.952
0.0153597,5.7,2.32456,246.311,2.77009,181.118
0.0153597,5.9,2.31813,246.353,2.77055,181.651
0.0153597,6.1,2.31595,246.4,2.77106,181.855
0.0153597,6.3,2.31575,246.453,2.77162,181.907
0.0153597,6.5,2.31634,246.513,2.77225,181.902
0.0153597,6.7,2.31719,246.58,2.77296,181.882
0.0153597,6.9,2.31808,246.657,2.77376,181.864
0.0153597,7.1,2.31898,246.745,2.77468,181.855
0.0153597,7.3,2.31987,246.848,2.77575,181.855
0.0153597,7.5,2.32078,246.967,2.77699,181.865
0.0153597,7.7,2.32173,247.103,2.77841,181.883
0.0153597,7.9,2.32252,247.214,2.77958,181.898
0.0153597,8.1,2.32089,246.883,2.77597,181.79
0.0153597,8.3,2.29672,242.053,2.72761,180.502
0.0153597,8.5,2.12383,209.138,2.39075,171.089
0.0153597,8.7,1.67867,109.976,1.58243,143.273
0.0153597,8.9,1.37096,20.642,1.09537,121.436
0.0153597,9.1,1.30718,2.0035,1.00925,117.347
0.0153597,9.3,1.30063,0.173771,1.0008,116.951
0.0153597,9.5,1.30005,0.0147536,1.00007,116.917
0.0153597,9.7,1.3,0.00122682,1.00001,116.914
0.0153597,9.9,1.3,9.87134e-05,1,116.913
0.015618,-9.9,13,2.02775e-07,10,116.913
0.015618,-9.7,13,1.13855e-06,10,116.913
0.015618,-9.5,13,5.69606e-06,10,116.913
0.015618,-9.3,13,2.55931e-05,10,116.913
0.015618,-9.1,13,0.000103956,10,116.913
0.015618,-8.9,13,0.000383843,9.99998,116.913
0.015618,-8.7,13,0.00129441,9.99994,116.913
0.015618,-8.5,12.9999,0.00400269,9.99981,116.913
0.015618,-8.3,12.9996,0.0113896,9.99947,116.911
0.015618,-8.1,12.9989,0.0299141,9.99862,116.907
0.015618,-7.9,12.9974,0.0727197,9.99664,116.898
0.015618,-7.7,12.9941,0.164045,9.99242,116.878
0.015618,-7.5,12.9876,0.344295,9.98409,116.839
0.015618,-7.3,12.9757,0.674123,9.96887,116.768
0.015618,-7.1,12.9555,1.23515,9.94304,116.647
0.015618,-6.9,12.9235,2.12522,9.90216,116.455
0.015618,-6.7,12.876,3.44795,9.84168,116.171
0.015618,-6.5,12.8097,5.29873,9.75757,115.774
0.015618,-6.3,12.7222,7.75147,9.64699,115.249
0.015618,-6.1,12.6121,10.8498,9.50876,114.589
0.015618,-5.9,12.4794,14.6048,9.34335,113.793
0.015618,-5.7,12.3253,18.9986,9.15273,112.866
0.015618,-5.5,12.1515,23.9914,8.93989,111.817
0.015618,-5.3,11.9605,29.53,8.70842,110.662
0.015618,-5.1,11.7549,35.5548,8.46208,109.412
0.015618,-4.9,11.5372,42.0054,8.20453,108.084
0.015618,-4.7,11.3099,48.8249,7.93911,106.689
0.015618,-4.5,11.0752,55.9609,7.66876,105.241
0.015618,-4.3,10.8348,63.3676,7.396,103.749
0.015618,-4.1,10.5906,71.0048,7.12295,102.223
0.015618,-3.9,10.3439,78.838,6.85134,100.67
0.015618,-3.7,10.0958,86.8378,6.5826,99.0981
0.015618,-3.5,9.84735,94.9791,6.31785,97.512
0.015618,-3.3,9.59941,103.24,6.05802,95.9166
0.015618,-3.1,9.35267,111.602,5.80381,94.3161
0.015618,-2.9,9.10772,120.049,5.55581,92.714
0.015618,-2.7,8.86509,128.566,5.31445,91.1135
0.015618,-2.5,8.62523,137.139,5.08008,89.5175
0.015618,-2.3,8.38857,145.755,4.853,87.9286
0.015618,-2.1,8.15548,154.401,4.63341,86.3493
0.015618,-1.9,7.92636,163.061,4.42152,84.7824
0.015618,-1.7,7.70161,171.721,4.21753,83.2309
0.015618,-1.5,7.48168,180.361,4.02164,81.6981
0.015618,-1.3,7.26715,188.954,3.83414,80.1884
0.015618,-1.1,7.05872,197.467,3.65539,78.7074
0.015618,-0.9,6.85741,205.851,3.48598,77.2633
0.015618,-0.7,6.66468,214.033,3.32682,75.8679
0.015618,-0.5,6.4828,221.899,3.17939,74.5399
0.015618,-0.3,6.31537,229.267,3.04613,73.3091
0.015618,-0.1,6.16815,235.843,2.93107,72.2234
0.015618,0.1,6.04983,241.181,2.84032,71.3562
0.015618,0.3,5.97065,244.743,2.78113,70.7957
0.015618,0.5,5.93401,246.313,2.75551,70.5768
0.015618,0.7,5.9247,246.574,2.75149,70.5846
0.015618,0.9,5.92176,246.502,2.75294,70.6568
0.015618,1.1,5.91855,246.399,2.75491,70.7456
0.015618,1.3,5.91384,246.306,2.75673,70.8488
0.015618,1.5,5.90682,246.23,2.75831,70.9735
0.015618,1.7,5.89626,246.169,2.75963,71.1349
0.015618,1.9,5.87986,246.123,2.76075,71.3622
0.015618,2.1,5.85353,246.089,2.7617,71.7078
0.015618,2.3,5.81061,246.064,2.76252,72.2589
0.015618,2.5,5.74146,246.047,2.76324,73.1482
0.015618,2.7,5.6341,246.036,2.76388,74.5594
0.015618,2.9,5.47623,246.03,2.76445,76.7248
0.015618,3.1,5.25864,246.029,2.76498,79.9147
0.015618,3.3,4.97901,246.032,2.76546,84.4176
0.015618,3.5,4.64475,246.038,2.76591,90.5073
0.015618,3.7,4.27338,246.047,2.76632,98.3874
0.015618,3.9,3.88983,246.059,2.7667,108.104
0.015618,4.1,3.52142,246.074,2.76706,119.429
0.015618,4.3,3.19211,246.09,2.76739,131.765
0.015618,4.5,2.91804,246.109,2.76771,144.158
0.015618,4.7,2.70562,246.131,2.76802,155.493
0.015618,4.9,2.55233,246.154,2.76834,164.85
0.015618,5.1,2.44944,246.18,2.76866,171.795
0.015618,5.3,2.38536,246.209,2.76899,176.432
0.015618,5.5,2.3485,246.241,2.76935,179.224
0.015618,5.7,2.32913,246.276,2.76973,180.739
0.015618,5.9,2.32005,246.314,2.77015,181.474
0.015618,6.1,2.3165,246.357,2.77061,181.782
0.015618,6.3,2.31565,246.405,2.77112,181.882
0.015618,6.5,2.31597,246.458,2.77169,181.895
0.015618,6.7,2.31671,246.519,2.77233,181.878
0.015618,6.9,2.31757,246.587,2.77305,181.858
0.015618,7.1,2.31843,246.665,2.77386,181.844
0.015618,7.3,2.31928,246.755,2.7748,181.839
0.015618,7.5,2.32013,246.859,2.77588,181.843
0.015618,7.7,2.32102,246.98,2.77715,181.856
0.015618,7.9,2.32192,247.115,2.77851,181.875
0.015618,8.1,2.3225,247.172,2.77931,181.881
0.015618,8.3,2.3183,246.415,2.77061,181.641
0.015618,8.5,2.27442,237.556,2.68333,179.312
0.015618,8.7,2.02023,188.912,2.19477,165.119
0.015618,8.9,1.56179,77.6918,1.38725,135.002
0.015618,9.1,1.33926,11.2235,1.05168,119.352
0.015618,9.3,1.3037,1.03025,1.00476,117.136
0.015618,9.5,1.30032,0.0888176,1.00041,116.933
0.015618,9.7,1.30003,0.00752437,1.00003,116.915
0.015618,9.9,1.3,0.000623896,1,116.914
0.0158763,-9.9,13,6.38454e-07,10,116.913
0.0158763,-9.7,13,3.26045e-06,10,116.913
0.0158763,-9.5,13,1.49598e-05,10,116.913
0.0158763,-9.3,13,6.20777e-05,10,116.913
0.0158763,-9.1,13,0.000234267,9.99999,116.913
0.0158763,-8.9,13,0.000807786,9.99996,116.913
0.0158763,-8.7,12.9999,0.00255532,9.99988,116.913
0.0158763,-8.5,12.9997,0.00744179,9.99966,116.912
0.0158763,-8.3,12.9993,0.0200134,9.99907,116.909
0.0158763,-8.1,12.9982,0.0498385,9.9977,116.903
0.0158763,-7.9,12.9958,0.115215,9.99467,116.889
0.0158763,-7.7,12.9911,0.247864,9.98854,116.86
0.0158763,-7.5,12.9821,0.497489,9.97702,116.806
0.0158763,-7.3,12.9663,0.934178,9.95689,116.712
0.0158763,-7.1,12.9407,1.64641,9.92413,116.558
0.0158763,-6.9,12.9016,2.73349,9.87431,116.324
0.0158763,-6.7,12.8457,4.29333,9.80318,115.989
0.0158763,-6.5,12.77,6.40899,9.70738,115.536
0.0158763,-6.3,12.6729,9.13783,9.58493,114.954
0.0158763,-6.1,12.5535,12.5062,9.43549,114.237
0.0158763,-5.9,12.4124,16.5104,9.26027,113.39
0.0158763,-5.7,12.2512,21.1217,9.06171,112.419
0.0158763,-5.5,12.0719,26.2946,8.84301,111.335
0.0158763,-5.3,11.8769,31.9736,8.60779,110.153
0.0158763,-5.1,11.6687,38.1002,8.35965,108.886
0.0158763,-4.9,11.4499,44.6172,8.10201,107.547
0.0158763,-4.7,11.2226,51.471,7.83793,106.149
0.0158763,-4.5,10.9888,58.6139,7.57009,104.703
0.0158763,-4.3,10.7503,66.0037,7.30076,103.218
0.0158763,-4.1,10.5085,73.604,7.03182,101.704
0.0158763,-3.9,10.2647,81.3834,6.76483,100.166
0.0158763,-3.7,10.02,89.3154,6.50104,98.6106
0.0158763,-3.5,9.77522,97.377,6.24146,97.0437
0.0158763,-3.3,9.53117,105.549,5.98689,95.4692
0.0158763,-3.1,9.28848,113.813,5.73799,93.8908
0.0158763,-2.9,9.0477,122.155,5.49525,92.3119
0.0158763,-2.7,8.80929,130.561,5.25907,90.7353
0.0158763,-2.5,8.57368,139.018,5.02976,89.1637
0.0158763,-2.3,8.34126,147.514,4.80757,87.5995
0.0158763,-2.1,8.11239,156.036,4.5927,86.0453
0.0158763,-1.9,7.88744,164.569,4.38534,84.5037
0.0158763,-1.7,7.6668,173.099,4.18568,82.9774
0.0158763,-1.5,7.45091,181.606,3.99391,81.4698
0.0158763,-1.3,7.24032,190.065,3.8103,79.9851
0.0158763,-1.1,7.03575,198.442,3.63524,78.5291
0.0158763,-0.9,6.83818,206.688,3.4693,77.1096
0.0158763,-0.7,6.64909,214.731,3.31339,75.7388
0.0158763,-0.5,6.47073,222.457,3.169,74.4349
0.0158763,-0.3,6.30668,229.686,3.03856,73.2276
0.0158763,-0.1,6.16265,236.125,2.92606,72.1645
0.0158763,0.1,6.04719,241.337,2.83754,71.3176
0.0158763,0.3,5.97024,244.8,2.78003,70.7725
0.0158763,0.5,5.93485,246.317,2.75528,70.5609
0.0158763,0.7,5.92597,246.565,2.75146,70.5687
0.0158763,0.9,5.92327,246.491,2.75293,70.6384
0.0158763,1.1,5.92035,246.389,2.75488,70.7235
0.0158763,1.3,5.91603,246.296,2.75669,70.8215
0.0158763,1.5,5.90963,246.22,2.75825,70.9384
0.0158763,1.7,5.90007,246.16,2.75956,71.0871
0.0158763,1.9,5.88541,246.114,2.76066,71.2925
0.0158763,2.1,5.86216,246.079,2.7616,71.5996
0.0158763,2.3,5.82444,246.054,2.7624,72.0843
0.0158763,2.5,5.76356,246.036,2.76311,72.8643
0.0158763,2.7,5.66829,246.025,2.76374,74.1058
0.0158763,2.9,5.52644,246.018,2.7643,76.0235
0.0158763,3.1,5.3278,246.017,2.76482,78.8727
0.0158763,3.3,5.06786,246.019,2.76529,82.9325
0.0158763,3.5,4.75094,246.024,2.76573,88.4785
0.0158763,3.7,4.39136,246.032,2.76614,95.7376
0.0158763,3.9,4.01167,246.043,2.76651,104.813
0.0158763,4.1,3.63845,246.056,2.76686,115.579
0.0158763,4.3,3.29671,246.072,2.76718,127.575
0.0158763,4.5,3.00509,246.089,2.76749,139.971
0.0158763,4.7,2.77307,246.109,2.7678,151.698
0.0158763,4.9,2.60099,246.131,2.76809,161.752
0.0158763,5.1,2.48207,246.155,2.7684,169.52
0.0158763,5.3,2.40565,246.181,2.76871,174.926
0.0158763,5.5,2.36012,246.211,2.76905,178.321
0.0158763,5.7,2.33518,246.243,2.7694,180.249
0.0158763,5.9,2.32282,246.278,2.76979,181.234
0.0158763,6.1,2.3175,246.317,2.77021,181.677
0.0158763,6.3,2.31578,246.361,2.77068,181.843
0.0158763,6.5,2.31571,246.409,2.77119,181.882
0.0158763,6.7,2.3163,246.463,2.77176,181.874
0.0158763,6.9,2.31709,246.525,2.77241,181.854
0.0158763,7.1,2.31792,246.594,2.77314,181.836
0.0158763,7.3,2.31874,246.673,2.77396,181.827
0.0158763,7.5,2.31955,246.765,2.77492,181.826
0.0158763,7.7,2.32037,246.871,2.77602,181.833
0.0158763,7.9,2.32124,246.992,2.7773,181.848
0.0158763,8.1,2.32207,247.123,2.77857,181.867
0.0158763,8.3,2.32222,247.086,2.77853,181.852
0.0158763,8.5,2.31356,245.494,2.76098,181.38
0.0158763,8.7,2.23635,230.217,2.60835,177.269
0.0158763,8.9,1.89584,162.626,1.96547,157.569
0.0158763,9.1,1.4686,50.2011,1.23946,128.274
0.0158763,9.3,1.32101,5.93079,1.02733,118.198
0.0158763,9.5,1.3019,0.528357,1.00244,117.028
0.0158763,9.7,1.30016,0.0453822,1.00021,116.923
0.0158763,9.9,1.30001,0.00383671,1.00002,116.914
0.0161347,-9.9,13,1.85933e-06,10,116.913
0.0161347,-9.7,13,8.708e-06,10,116.913
0.0161347,-9.5,13,3.68992e-05,10,116.913
0.0161347,-9.3,13,0.000142254,9.99999,116.913
0.0161347,-9.1,13,0.000501313,9.99998,116.913
0.0161347,-8.9,12.9999,0.00162148,9.99993,116.913
0.0161347,-8.7,12.9998,0.00483054,9.99978,116.912
0.0161347,-8.5,12.9995,0.0132951,9.99939,116.911
0.0161347,-8.3,12.9988,0.0338983,9.99843,116.906
0.0161347,-8.1,12.9971,0.0802669,9.99629,116.896
0.0161347,-7.9,12.9936,0.176925,9.99182,116.875
0.0161347,-7.7,12.9869,0.363891,9.98319,116.835
0.0161347,-7.5,12.9748,0.700148,9.96767,116.762
0.0161347,-7.3,12.9545,1.26387,9.94171,116.641
0.0161347,-7.1,12.9227,2.14765,9.90113,116.45
0.0161347,-6.9,12.876,3.44866,9.84164,116.17
0.0161347,-6.7,12.8112,5.25585,9.7595,115.783
0.0161347,-6.5,12.7262,7.63798,9.65207,115.273
0.0161347,-6.3,12.6197,10.6358,9.51823,114.635
0.0161347,-6.1,12.4916,14.2598,9.35842,113.866
0.0161347,-5.9,12.3429,18.4939,9.17442,112.971
0.0161347,-5.7,12.1755,23.3013,8.96901,111.961
0.0161347,-5.5,11.9914,28.6327,8.74553,110.847
0.0161347,-5.3,11.7931,34.4321,8.50748,109.643
0.0161347,-5.1,11.5831,40.643,8.25832,108.361
0.0161347,-4.9,11.3636,47.2113,8.00119,107.015
0.0161347,-4.7,11.1367,54.0875,7.73891,105.617
0.0161347,-4.5,10.9042,61.2277,7.47388,104.175
0.0161347,-4.3,10.6676,68.5934,7.20816,102.699
0.0161347,-4.1,10.4284,76.1516,6.94341,101.196
0.0161347,-3.9,10.1876,83.8738,6.68104,99.6731
0.0161347,-3.7,9.94631,91.7357,6.42214,98.1355
0.0161347,-3.5,9.70519,99.7167,6.16763,96.5877
0.0161347,-3.3,9.46498,107.799,5.91821,95.0339
0.0161347,-3.1,9.22627,115.966,5.67446,93.4774
0.0161347,-2.9,8.98954,124.204,5.43682,91.9211
0.0161347,-2.7,8.75524,132.502,5.20564,90.3679
0.0161347,-2.5,8.52376,140.845,4.98121,88.8201
0.0161347,-2.3,8.29545,149.224,4.76374,87.2801
0.0161347,-2.1,8.07067,157.624,4.55342,85.7503
0.0161347,-1.9,7.84976,166.034,4.35042,84.2331
0.0161347,-1.7,7.6331,174.438,4.15492,82.7313
0.0161347,-1.5,7.42111,182.816,3.96711,81.2482
0.0161347,-1.3,7.21434,191.144,3.78726,79.7879
0.0161347,-1.1,7.01349,199.389,3.61575,78.356
0.0161347,-0.9,6.81956,207.501,3.45316,76.9606
0.0161347,-0.7,6.63399,215.409,3.30039,75.6134
0.0161347,-0.5,6.45903,222.999,3.15894,74.3329
0.0161347,-0.3,6.29825,230.092,3.03122,73.1485
0.0161347,-0.1,6.15731,236.399,2.92121,72.1073
0.0161347,0.1,6.04462,241.489,2.83485,71.2802
0.0161347,0.3,5.96984,244.856,2.77896,70.7501
0.0161347,0.5,5.93566,246.321,2.75506,70.5455
0.0161347,0.7,5.9272,246.556,2.75144,70.5534
0.0161347,0.9,5.92472,246.481,2.75292,70.6209
0.0161347,1.1,5.92206,246.379,2.75486,70.7026
0.0161347,1.3,5.9181,246.286,2.75665,70.7958
0.0161347,1.5,5.91223,246.21,2.7582,70.9057
0.0161347,1.7,5.90355,246.15,2.75949,71.0433
0.0161347,1.9,5.89041,246.104,2.76058,71.2299
0.0161347,2.1,5.8698,246.069,2.7615,71.5038
0.0161347,2.3,5.83661,246.044,2.76229,71.9311
0.0161347,2.5,5.78304,246.026,2.76299,72.6157
0.0161347,2.7,5.69866,246.014,2.7636,73.7074
0.0161347,2.9,5.57157,246.007,2.76416,75.4038
0.0161347,3.1,5.39094,246.005,2.76466,77.9445
0.0161347,3.3,5.15046,246.006,2.76513,81.5976
0.0161347,3.5,4.85163,246.01,2.76556,86.6369
0.0161347,3.7,4.5056,246.018,2.76596,93.3041
0.0161347,3.9,4.1323,246.028,2.76632,101.747
0.0161347,4.1,3.75702,246.04,2.76667,111.923
0.0161347,4.3,3.40528,246.054,2.76699,123.499
0.0161347,4.5,3.09772,246.07,2.76729,135.775
0.0161347,4.7,2.84676,246.089,2.76758,147.76
0.0161347,4.9,2.65563,246.109,2.76787,158.411
0.0161347,5.1,2.51981,246.131,2.76816,166.967
0.0161347,5.3,2.42987,246.156,2.76845,173.166
0.0161347,5.5,2.37451,246.183,2.76877,177.223
0.0161347,5.7,2.34302,246.213,2.7691,179.626
0.0161347,5.9,2.32665,246.245,2.76946,180.914
0.0161347,6.1,2.31908,246.281,2.76984,181.53
0.0161347,6.3,2.3162,246.321,2.77027,181.783
0.0161347,6.5,2.31559,246.365,2.77074,181.862
0.0161347,6.7,2.31595,246.414,2.77126,181.868
0.0161347,6.9,2.31665,246.469,2.77184,181.85
0.0161347,7.1,2.31745,246.531,2.77249,181.831
0.0161347,7.3,2.31824,246.601,2.77323,181.817
0.0161347,7.5,2.31901,246.682,2.77407,181.812
0.0161347,7.7,2.31979,246.775,2.77503,181.814
0.0161347,7.9,2.32059,246.882,2.77615,181.824
0.0161347,8.1,2.32144,247.004,2.77743,181.842
0.0161347,8.3,2.32219,247.119,2.77857,181.858
0.0161347,8.5,2.32142,246.926,2.77673,181.797
0.0161347,8.7,2.305,243.737,2.74379,180.921
0.0161347,8.9,2.17609,218.924,2.49101,173.983
0.0161347,9.1,1.76255,131.403,1.72749,148.965
0.0161347,9.3,1.40165,29.9107,1.13922,123.531
0.0161347,9.5,1.31102,3.08585,1.01424,117.581
0.0161347,9.7,1.30098,0.270589,1.00125,116.972
0.0161347,9.9,1.30008,0.0231838,1.00011,116.918
0.0163931,-9.9,13,5.04833e-06,10,116.913
0.0163931,-9.7,13,2.18349e-05,10,116.913
0.0163931,-9.5,13,8.59563e-05,10,116.913
0.0163931,-9.3,13,0.000309445,9.99999,116.913
0.0163931,-9.1,13,0.0010229,9.99995,116.913
0.0163931,-8.9,12.9999,0.00311571,9.99986,116.913
0.0163931,-8.7,12.9997,0.00877175,9.99959,116.912
0.0163931,-8.5,12.9992,0.0228876,9.99894,116.909
0.0163931,-8.3,12.998,0.0554831,9.99743,116.901
0.0163931,-8.1,12.9955,0.125246,9.99421,116.886
0.0163931,-7.9,12.9905,0.263871,9.98781,116.856
0.0163931,-7.7,12.9813,0.520075,9.97598,116.801
0.0163931,-7.5,12.9654,0.961458,9.95563,116.706
0.0163931,-7.3,12.9398,1.67224,9.92294,116.553
0.0163931,-7.1,12.9012,2.746,9.87374,116.321
0.0163931,-6.9,12.8464,4.27434,9.80404,115.993
0.0163931,-6.7,12.7727,6.33471,9.71072,115.552
0.0163931,-6.5,12.6784,8.98056,9.59194,114.987
0.0163931,-6.3,12.563,12.2367,9.44736,114.294
0.0163931,-6.1,12.4269,16.0999,9.27808,113.476
0.0163931,-5.9,12.2714,20.544,9.08635,112.539
0.0163931,-5.7,12.0984,25.5265,8.87516,111.495
0.0163931,-5.5,11.9104,30.996,8.64786,110.355
0.0163931,-5.3,11.7095,36.8974,8.40783,109.132
0.0163931,-5.1,11.4982,43.1766,8.15832,107.84
0.0163931,-4.9,11.2785,49.7831,7.90223,106.49
0.0163931,-4.7,11.0523,56.6711,7.64211,105.092
0.0163931,-4.5,10.8213,63.8003,7.38014,103.656
0.0163931,-4.3,10.5869,71.1358,7.11816,102.19
0.0163931,-4.1,10.3504,78.6474,6.85767,100.7
0.0163931,-3.9,10.1127,86.3095,6.59989,99.1924
0.0163931,-3.7,9.87471,94.0999,6.34582,97.6723
0.0163931,-3.5,9.6372,102,6.09627,96.1438
0.0163931,-3.3,9.40077,109.992,5.85187,94.6104
0.0163931,-3.1,9.16594,118.063,5.61311,93.0753
0.0163931,-2.9,8.93318,126.2,5.38041,91.5414
0.0163931,-2.7,8.70288,134.39,5.15407,90.0109
0.0163931,-2.5,8.4754,142.622,4.93434,88.4864
0.0163931,-2.3,8.25109,150.886,4.72142,86.97
0.0163931,-2.1,8.03027,159.169,4.51549,85.4639
0.0163931,-1.9,7.81327,167.458,4.3167,83.9705
0.0163931,-1.7,7.60045,175.738,4.12521,82.4924
0.0163931,-1.5,7.39225,183.991,3.94122,81.033
0.0163931,-1.3,7.18917,192.192,3.76499,79.5964
0.0163931,-1.1,6.99193,200.308,3.59691,78.188
0.0163931,-0.9,6.8015,208.29,3.43754,76.8159
0.0163931,-0.7,6.61934,216.067,3.28781,75.4917
0.0163931,-0.5,6.44769,223.525,3.14919,74.234
0.0163931,-0.3,6.29008,230.486,3.02411,73.0718
0.0163931,-0.1,6.15213,236.665,2.91651,72.0519
0.0163931,0.1,6.04213,241.636,2.83224,71.244
0.0163931,0.3,5.96946,244.909,2.77793,70.7285
0.0163931,0.5,5.93645,246.325,2.75485,70.5308
0.0163931,0.7,5.92838,246.548,2.75142,70.5389
0.0163931,0.9,5.92611,246.471,2.75291,70.6042
0.0163931,1.1,5.92368,246.369,2.75485,70.6828
0.0163931,1.3,5.92005,246.277,2.75662,70.7717
0.0163931,1.5,5.91467,246.201,2.75815,70.8753
0.0163931,1.7,5.90676,246.141,2.75943,71.0031
0.0163931,1.9,5.89493,246.095,2.7605,71.1732
0.0163931,2.1,5.87661,246.06,2.76141,71.4186
0.0163931,2.3,5.84735,246.035,2.76219,71.7963
0.0163931,2.5,5.8002,246.016,2.76287,72.3978
0.0163931,2.7,5.72556,246.004,2.76347,73.3576
0.0163931,2.9,5.61201,245.997,2.76402,74.8567
0.0163931,3.1,5.44837,245.993,2.76452,77.1189
0.0163931,3.3,5.22688,245.994,2.76497,80.4
0.0163931,3.5,4.94658,245.998,2.7654,84.969
0.0163931,3.7,4.61553,246.004,2.76579,91.0761
0.0163931,3.9,4.25089,246.013,2.76615,98.9016
0.0163931,4.1,3.87624,246.024,2.76648,108.474
0.0163931,4.3,3.51702,246.037,2.7668,119.567
0.0163931,4.5,3.19542,246.053,2.76709,131.614
0.0163931,4.7,2.92648,246.07,2.76738,143.725
0.0163931,4.9,2.71632,246.088,2.76765,154.86
0.0163931,5.1,2.56292,246.109,2.76793,164.145
0.0163931,5.3,2.45839,246.132,2.76821,171.142
0.0163931,5.5,2.39203,246.157,2.76851,175.908
0.0163931,5.7,2.35295,246.185,2.76882,178.85
0.0163931,5.9,2.33176,246.215,2.76915,180.497
0.0163931,6.1,2.32138,246.248,2.76951,181.328
0.0163931,6.3,2.31699,246.284,2.7699,181.697
0.0163931,6.5,2.31565,246.324,2.77033,181.83
0.0163931,6.7,2.31569,246.369,2.7708,181.858
0.0163931,6.9,2.31626,246.419,2.77133,181.847
0.0163931,7.1,2.31701,246.474,2.77191,181.827
0.0163931,7.3,2.31778,246.537,2.77257,181.811
0.0163931,7.5,2.31853,246.609,2.77332,181.801
0.0163931,7.7,2.31927,246.69,2.77417,181.799
0.0163931,7.9,2.32002,246.785,2.77515,181.804
0.0163931,8.1,2.3208,246.894,2.77629,181.817
0.0163931,8.3,2.32162,247.016,2.77754,181.835
0.0163931,8.5,2.32223,247.094,2.77844,181.846
0.0163931,8.7,2.3197,246.621,2.77312,181.696
0.0163931,8.9,2.28959,240.563,2.71308,180.099
0.0163931,9.1,2.08946,202.515,2.32498,169.119
0.0163931,9.3,1.635,98.2123,1.50836,140.214
0.0163931,9.5,1.35793,16.7437,1.07721,120.568
0.0163931,9.7,1.30571,1.59264,1.00735,117.258
0.0163931,9.9,1.3005,0.13847,1.00064,116.943
0.0166515,-9.9,13,1.28652e-05,10,116.913
0.0166515,-9.7,13,5.16939e-05,10,116.913
0.0166515,-9.5,13,0.000190027,9.99999,116.913
0.0166515,-9.3,13,0.000641676,9.99997,116.913
0.0166515,-9.1,12.9999,0.00199744,9.99991,116.913
0.0166515,-8.9,12.9998,0.00574945,9.99973,116.912
0.0166515,-8.7,12.9994,0.0153444,9.99929,116.91
0.0166515,-8.5,12.9986,0.0380631,9.99824,116.905
0.0166515,-8.3,12.9968,0.0879548,9.99593,116.894
0.0166515,-8.1,12.9932,0.189738,9.99123,116.872
0.0166515,-7.9,12.9862,0.382955,9.98231,116.831
0.0166515,-7.7,12.9739,0.724908,9.96653,116.757
0.0166515,-7.5,12.9535,1.29047,9.94049,116.635
0.0166515,-7.3,12.922,2.16736,9.90023,116.446
0.0166515,-7.1,12.876,3.44683,9.84172,116.171
0.0166515,-6.9,12.8128,5.21203,9.76148,115.792
0.0166515,-6.7,12.7302,7.5271,9.65704,115.297
0.0166515,-6.5,12.627,10.4301,9.52735,114.678
0.0166515,-6.3,12.5032,13.9313,9.37279,113.935
0.0166515,-6.1,12.3597,18.0159,9.19501,113.071
0.0166515,-5.9,12.1981,22.65,8.99658,112.097
0.0166515,-5.7,12.0205,27.7875,8.7806,111.022
0.0166515,-5.5,11.8291,33.3762,8.55037,109.86
0.0166515,-5.3,11.6263,39.3628,8.30912,108.623
0.0166515,-5.1,11.4141,45.696,8.05984,107.323
0.0166515,-4.9,11.1946,52.3289,7.80523,105.97
0.0166515,-4.7,10.9695,59.2193,7.54758,104.576
0.0166515,-4.5,10.7402,66.3305,7.28887,103.147
0.0166515,-4.3,10.5081,73.6305,7.03073,101.691
0.0166515,-4.1,10.2743,81.092,6.7745,100.215
0.0166515,-3.9,10.0397,88.6915,6.52129,98.7232
0.0166515,-3.7,9.80513,96.4091,6.27198,97.2208
0.0166515,-3.5,9.57118,104.227,6.02728,95.7113
0.0166515,-3.3,9.33846,112.131,5.78775,94.1982
0.0166515,-3.1,9.10743,120.107,5.55385,92.6843
0.0166515,-2.9,8.87853,128.143,5.32593,91.1721
0.0166515,-2.7,8.65212,136.228,5.10426,89.664
0.0166515,-2.5,8.42854,144.352,4.88908,88.1622
0.0166515,-2.3,8.20811,152.503,4.68055,86.6687
0.0166515,-2.1,7.99112,160.671,4.47885,85.1856
0.0166515,-1.9,7.77791,168.842,4.28411,83.7153
0.0166515,-1.7,7.56882,177.003,4.09649,82.2605
0.0166515,-1.5,7.36427,185.134,3.91618,80.8241
0.0166515,-1.3,7.16477,193.211,3.74345,79.4104
0.0166515,-1.1,6.97102,201.202,3.57867,78.0248
0.0166515,-0.9,6.784,209.057,3.42242,76.6753
0.0166515,-0.7,6.60514,216.706,3.27562,75.3736
0.0166515,-0.5,6.43668,224.036,3.13974,74.1379
0.0166515,-0.3,6.28215,230.869,3.01722,72.9973
0.0166515,-0.1,6.14711,236.923,2.91195,71.9981
0.0166515,0.1,6.03972,241.779,2.82972,71.2089
0.0166515,0.3,5.96908,244.961,2.77694,70.7076
0.0166515,0.5,5.9372,246.328,2.75464,70.5166
0.0166515,0.7,5.92951,246.539,2.7514,70.5249
0.0166515,0.9,5.92745,246.461,2.75291,70.5882
0.0166515,1.1,5.92523,246.359,2.75483,70.6639
0.0166515,1.3,5.9219,246.267,2.75659,70.7488
0.0166515,1.5,5.91695,246.192,2.7581,70.8468
0.0166515,1.7,5.90972,246.132,2.75937,70.966
0.0166515,1.9,5.89904,246.086,2.76042,71.1218
0.0166515,2.1,5.8827,246.052,2.76132,71.3425
0.0166515,2.3,5.85684,246.026,2.76209,71.6773
0.0166515,2.5,5.81532,246.007,2.76276,72.2066
0.0166515,2.7,5.74937,245.994,2.76335,73.0506
0.0166515,2.9,5.64815,245.986,2.76389,74.3742
0.0166515,3.1,5.5004,245.983,2.76438,76.3855
0.0166515,3.3,5.29727,245.983,2.76482,79.3274
0.0166515,3.5,5.03564,245.986,2.76524,83.4614
0.0166515,3.7,4.72071,245.991,2.76562,89.0417
0.0166515,3.9,4.36674,245.999,2.76598,96.2719
0.0166515,4.1,3.99526,246.009,2.76631,105.236
0.0166515,4.3,3.63114,246.022,2.76662,115.802
0.0166515,4.5,3.29759,246.036,2.76691,127.528
0.0166515,4.7,3.01191,246.052,2.76719,139.638
0.0166515,4.9,2.78307,246.069,2.76745,151.135
0.0166515,5.1,2.61162,246.089,2.76772,161.072
0.0166515,5.3,2.49155,246.11,2.76799,168.85
0.0166515,5.5,2.41306,246.133,2.76826,174.36
0.0166515,5.7,2.36529,246.159,2.76855,177.9
0.0166515,5.9,2.33841,246.187,2.76886,179.966
0.0166515,6.1,2.32458,246.217,2.7692,181.058
0.0166515,6.3,2.31828,246.25,2.76956,181.573
0.0166515,6.5,2.31596,246.287,2.76995,181.781
0.0166515,6.7,2.31554,246.328,2.77038,181.842
0.0166515,6.9,2.31593,246.373,2.77086,181.843
0.0166515,7.1,2.31661,246.423,2.77139,181.825
0.0166515,7.3,2.31734,246.48,2.77199,181.806
0.0166515,7.5,2.31807,246.544,2.77265,181.793
0.0166515,7.7,2.31878,246.616,2.77341,181.787
0.0166515,7.9,2.31949,246.699,2.77428,181.788
0.0166515,8.1,2.32022,246.795,2.77527,181.796
0.0166515,8.3,2.321,246.905,2.77642,181.81
0.0166515,8.5,2.32176,247.026,2.77761,181.828
0.0166515,8.7,2.3221,247.037,2.778,181.827
0.0166515,8.9,2.31644,246.022,2.76647,181.515
0.0166515,9.1,2.26244,235.176,2.65933,178.65
0.0166515,9.3,1.97761,180.142,2.11525,162.566
0.0166515,9.5,1.52587,67.2396,1.32928,132.406
0.0166515,9.7,1.33164,9.00053,1.04145,118.866
0.0166515,9.9,1.30294,0.81858,1.00378,117.09
0.0169099,-9.9,13,3.09485e-05,10,116.913
0.0169099,-9.7,13,0.000116118,9.99999,116.913
0.0169099,-9.5,13,0.000400368,9.99998,116.913
0.0169099,-9.3,13,0.00127308,9.99994,116.913
0.0169099,-9.1,12.9999,0.00374478,9.99983,116.913
0.0169099,-8.9,12.9996,0.0102178,9.99953,116.911
0.0169099,-8.7,12.9991,0.0259235,9.9988,116.908
0.0169099,-8.5,12.9978,0.0612913,9.99717,116.9
0.0169099,-8.3,12.9951,0.135325,9.99374,116.884
0.0169099,-8.1,12.9899,0.2796,9.98708,116.853
0.0169099,-7.9,12.9805,0.541798,9.97498,116.796
0.0169099,-7.7,12.9644,0.987092,9.95445,116.7
0.0169099,-7.5,12.9389,1.6957,9.92187,116.548
0.0169099,-7.3,12.9008,2.7559,9.87328,116.319
0.0169099,-7.1,12.8471,4.25359,9.80498,115.998
0.0169099,-6.9,12.7753,6.26111,9.71403,115.567
0.0169099,-6.7,12.6839,8.82844,9.59872,115.019
0.0169099,-6.5,12.5721,11.9789,9.45871,114.349
0.0169099,-6.3,12.4406,15.7099,9.29502,113.558
0.0169099,-6.1,12.2904,19.9974,9.10972,112.654
0.0169099,-5.9,12.1235,24.8019,8.90558,111.645
0.0169099,-5.7,11.942,30.0752,8.68573,110.545
0.0169099,-5.5,11.7479,35.7658,8.45338,109.364
0.0169099,-5.3,11.5437,41.8223,8.21155,108.116
0.0169099,-5.1,11.3311,48.1968,7.96304,106.811
0.0169099,-4.9,11.1121,54.8458,7.71027,105.458
0.0169099,-4.7,10.8883,61.7305,7.45535,104.068
0.0169099,-4.5,10.6609,68.8174,7.20004,102.648
0.0169099,-4.3,10.4312,76.0775,6.9458,101.203
0.0169099,-4.1,10.2002,83.4858,6.69385,99.7411
0.0169099,-3.9,9.96875,91.021,6.44516,98.2654
0.0169099,-3.7,9.73749,98.6648,6.20051,96.7806
0.0169099,-3.5,9.50706,106.401,5.96055,95.2901
0.0169099,-3.3,9.27797,114.217,5.72577,93.797
0.0169099,-3.1,9.05066,122.098,5.49658,92.3038
0.0169099,-2.9,8.82553,130.036,5.27328,90.813
0.0169099,-2.7,8.60291,138.018,5.05614,89.3267
0.0169099,-2.5,8.38311,146.035,4.84534,87.847
0.0169099,-2.3,8.16643,154.076,4.64106,86.3758
0.0169099,-2.1,7.95317,162.132,4.44343,84.9152
0.0169099,-1.9,7.74363,170.188,4.2526,83.4675
0.0169099,-1.7,7.53816,178.232,4.06871,82.0351
0.0169099,-1.5,7.33715,186.245,3.89196,80.6211
0.0169099,-1.3,7.14111,194.202,3.7226,79.2297
0.0169099,-1.1,6.95075,202.07,3.56101,77.8663
0.0169099,-0.9,6.76701,209.803,3.40777,76.5388
0.0169099,-0.7,6.59136,217.328,3.2638,75.2588
0.0169099,-0.5,6.426,224.533,3.13059,74.0445
0.0169099,-0.3,6.27445,231.241,3.01054,72.925
0.0169099,-0.1,6.14224,237.173,2.90753,71.9459
0.0169099,0.1,6.03739,241.917,2.82727,71.1749
0.0169099,0.3,5.96872,245.011,2.77598,70.6874
0.0169099,0.5,5.93793,246.331,2.75445,70.503
0.0169099,0.7,5.93061,246.531,2.75139,70.5116
0.0169099,0.9,5.92872,246.452,2.75291,70.573
0.0169099,1.1,5.92671,246.35,2.75482,70.646
0.0169099,1.3,5.92365,246.258,2.75656,70.7273
0.0169099,1.5,5.91908,246.183,2.75806,70.8201
0.0169099,1.7,5.91246,246.124,2.75931,70.9316
0.0169099,1.9,5.90277,246.078,2.76035,71.0749
0.0169099,2.1,5.88815,246.043,2.76124,71.2743
0.0169099,2.3,5.86525,246.017,2.76199,71.5721
0.0169099,2.5,5.82866,245.998,2.76265,72.0387
0.0169099,2.7,5.77043,245.985,2.76324,72.781
0.0169099,2.9,5.68038,245.977,2.76376,73.9488
0.0169099,3.1,5.54738,245.972,2.76424,75.7348
0.0169099,3.3,5.36183,245.972,2.76468,78.3682
0.0169099,3.5,5.11878,245.974,2.76509,82.1014
0.0169099,3.7,4.82077,245.979,2.76547,87.1886
0.0169099,3.9,4.4792,245.986,2.76582,93.8492
0.0169099,4.1,4.11329,245.996,2.76614,102.21
0.0169099,4.3,3.74683,246.007,2.76645,112.219
0.0169099,4.5,3.40356,246.02,2.76673,123.55
0.0169099,4.7,3.10267,246.035,2.767,135.545
0.0169099,4.9,2.85576,246.051,2.76726,147.277
0.0169099,5.1,2.66607,246.069,2.76752,157.771
0.0169099,5.3,2.52966,246.089,2.76777,166.294
0.0169099,5.5,2.43795,246.111,2.76803,172.566
0.0169099,5.7,2.38041,246.135,2.76831,176.755
0.0169099,5.9,2.34687,246.16,2.7686,179.299
0.0169099,6.1,2.32889,246.189,2.76891,180.704
0.0169099,6.3,2.32018,246.219,2.76924,181.404
0.0169099,6.5,2.31659,246.253,2.76961,181.709
0.0169099,6.7,2.31555,246.29,2.77,181.817
0.0169099,6.9,2.31567,246.332,2.77044,181.836
0.0169099,7.1,2.31624,246.377,2.77092,181.823
0.0169099,7.3,2.31694,246.428,2.77146,181.803
0.0169099,7.5,2.31765,246.486,2.77206,181.787
0.0169099,7.7,2.31834,246.55,2.77274,181.777
0.0169099,7.9,2.31902,246.624,2.7735,181.774
0.0169099,8.1,2.31971,246.708,2.77438,181.778
0.0169099,8.3,2.32042,246.806,2.77539,181.788
0.0169099,8.5,2.32118,246.916,2.77655,181.805
0.0169099,8.7,2.32187,247.029,2.77763,181.821
0.0169099,8.9,2.32164,246.927,2.77691,181.792
0.0169099,9.1,2.31057,244.855,2.75461,181.197
0.0169099,9.3,2.2172,226.572,2.57061,176.213
0.0169099,9.5,1.84861,151.917,1.88005,154.572
0.0169099,9.7,1.44205,42.1696,1.19901,126.371
0.0169099,9.9,1.3168,4.72813,1.02179,117.937
0.0171684,-9.9,13,7.06144e-05,10,116.913
0.0171684,-9.7,13,0.000248501,9.99999,116.913
0.0171684,-9.5,13,0.000806811,9.99996,116.913
0.0171684,-9.3,12.9999,0.0024242,9.99989,116.913
0.0171684,-9.1,12.9998,0.00675932,9.99969,116.912
0.0171684,-8.9,12.9994,0.0175317,9.99919,116.91
0.0171684,-8.7,12.9985,0.0423917,9.99804,116.904
0.0171684,-8.5,12.9965,0.0957544,9.99557,116.893
0.0171684,-8.3,12.9927,0.202451,9.99064,116.87
0.0171684,-8.1,12.9855,0.401478,9.98145,116.827
0.0171684,-7.9,12.973,0.748455,9.96545,116.752
0.0171684,-7.7,12.9526,1.31512,9.93936,116.63
0.0171684,-7.5,12.9213,2.18461,9.89943,116.442
0.0171684,-7.3,12.8762,3.44281,9.8419,116.172
0.0171684,-7.1,12.8144,5.16759,9.76348,115.802
0.0171684,-6.9,12.734,7.41891,9.66189,115.32
0.0171684,-6.7,12.634,10.2325,9.53611,114.72
0.0171684,-6.5,12.5142,13.6182,9.3865,114.001
0.0171684,-6.3,12.3756,17.5625,9.21457,113.166
0.0171684,-6.1,12.2195,22.0342,9.02271,112.225
0.0171684,-5.9,12.048,26.9902,8.81379,111.187
0.0171684,-5.7,11.8631,32.3815,8.59093,110.065
0.0171684,-5.5,11.667,38.1578,8.35716,108.87
0.0171684,-5.3,11.4618,44.2706,8.11534,107.612
0.0171684,-5.1,11.2492,50.6751,7.86802,106.304
0.0171684,-4.9,11.0311,57.331,7.61741,104.954
0.0171684,-4.7,10.8087,64.203,7.36542,103.57
0.0171684,-4.5,10.5834,71.2603,7.11362,102.158
0.0171684,-4.3,10.3562,78.4766,6.86334,100.726
0.0171684,-4.1,10.1281,85.8292,6.61564,99.2782
0.0171684,-3.9,9.89968,93.2986,6.37141,97.8187
0.0171684,-3.7,9.67173,100.868,6.13134,96.3516
0.0171684,-3.5,9.44477,108.523,5.896,94.8798
0.0171684,-3.3,9.21924,116.251,5.66583,93.4064
0.0171684,-3.1,8.99557,124.04,5.4412,91.9336
0.0171684,-2.9,8.77411,131.88,5.22239,90.4637
0.0171684,-2.7,8.55517,139.761,5.00962,88.9987
0.0171684,-2.5,8.33905,147.674,4.80306,87.5406
0.0171684,-2.3,8.12602,155.608,4.60287,86.0911
0.0171684,-2.1,7.91637,163.554,4.40918,84.6524
0.0171684,-1.9,7.71039,171.498,4.22212,83.2265
0.0171684,-1.7,7.50841,179.428,4.04183,81.816
0.0171684,-1.5,7.31083,187.325,3.86851,80.4238
0.0171684,-1.3,7.11816,195.165,3.70241,79.0541
0.0171684,-1.1,6.93107,202.915,3.5439,77.7122
0.0171684,-0.9,6.75053,210.528,3.39358,76.406
0.0171684,-0.7,6.57798,217.932,3.25235,75.1472
0.0171684,-0.5,6.41563,225.015,3.12171,73.9538
0.0171684,-0.3,6.26698,231.603,3.00406,72.8547
0.0171684,-0.1,6.13751,237.416,2.90325,71.8953
0.0171684,0.1,6.03512,242.051,2.82491,71.1419
0.0171684,0.3,5.96838,245.059,2.77505,70.6679
0.0171684,0.5,5.93864,246.334,2.75427,70.4899
0.0171684,0.7,5.93166,246.523,2.75137,70.4987
0.0171684,0.9,5.92995,246.442,2.75291,70.5584
0.0171684,1.1,5.92813,246.34,2.75481,70.6289
0.0171684,1.3,5.92531,246.25,2.75654,70.7068
0.0171684,1.5,5.9211,246.175,2.75802,70.795
0.0171684,1.7,5.91501,246.116,2.75925,70.8996
0.0171684,1.9,5.9062,246.07,2.76029,71.032
0.0171684,2.1,5.89306,246.035,2.76116,71.2128
0.0171684,2.3,5.87272,246.009,2.7619,71.4787
0.0171684,2.5,5.84043,245.99,2.76255,71.8909
0.0171684,2.7,5.78903,245.976,2.76313,72.5442
0.0171684,2.9,5.70906,245.967,2.76364,73.5742
0.0171684,3.1,5.58968,245.963,2.76411,75.1582
0.0171684,3.3,5.42081,245.961,2.76455,77.5117
0.0171684,3.5,5.19601,245.963,2.76494,80.8768
0.0171684,3.7,4.91546,245.967,2.76532,85.5044
0.0171684,3.9,4.58773,245.974,2.76566,91.624
0.0171684,4.1,4.22955,245.982,2.76598,99.3948
0.0171684,4.3,3.86326,245.993,2.76628,108.83
0.0171684,4.5,3.51262,246.005,2.76656,119.706
0.0171684,4.7,3.19826,246.019,2.76683,131.485
0.0171684,4.9,2.9342,246.034,2.76708,143.331
0.0171684,5.1,2.72632,246.051,2.76733,154.274
0.0171684,5.3,2.57297,246.07,2.76757,163.483
0.0171684,5.5,2.46704,246.09,2.76782,170.518
0.0171684,5.7,2.39863,246.112,2.76808,175.397
0.0171684,5.9,2.35746,246.136,2.76835,178.478
0.0171684,6.1,2.33452,246.162,2.76864,180.25
0.0171684,6.3,2.32286,246.191,2.76895,181.176
0.0171684,6.5,2.31763,246.222,2.76929,181.607
0.0171684,6.7,2.31577,246.256,2.76965,181.777
0.0171684,6.9,2.31551,246.294,2.77005,181.823
0.0171684,7.1,2.31592,246.336,2.7705,181.82
0.0171684,7.3,2.31656,246.382,2.77098,181.802
0.0171684,7.5,2.31725,246.434,2.77153,181.783
0.0171684,7.7,2.31793,246.492,2.77213,181.77
0.0171684,7.9,2.31858,246.557,2.77282,181.764
0.0171684,8.1,2.31923,246.632,2.7736,181.764
0.0171684,8.3,2.3199,246.718,2.77449,181.77
0.0171684,8.5,2.3206,246.817,2.77551,181.782
0.0171684,8.7,2.32134,246.927,2.77667,181.8
0.0171684,8.9,2.32194,247.017,2.77758,181.813
0.0171684,9.1,2.32054,246.724,2.77455,181.723
0.0171684,9.3,2.29999,242.67,2.73346,180.632
0.0171684,9.5,2.1479,213.598,2.43639,172.402
0.0171684,9.7,1.71581,119.604,1.64604,145.807
0.0171684,9.9,1.3838,24.5481,1.11353,122.304
0.0174268,-9.9,13,0.000153464,9.99999,116.913
0.0174268,-9.7,13,0.00050853,9.99998,116.913
0.0174268,-9.5,12.9999,0.0015601,9.99993,116.913
0.0174268,-9.3,12.9998,0.00444321,9.99979,116.913
0.0174268,-9.1,12.9996,0.0117762,9.99946,116.911
0.0174268,-8.9,12.999,0.0291083,9.99865,116.907
0.0174268,-8.7,12.9976,0.0672365,9.99689,116.899
0.0174268,-8.5,12.9948,0.145412,9.99328,116.882
0.0174268,-8.3,12.9894,0.295014,9.98637,116.85
0.0174268,-8.1,12.9797,0.56265,9.97401,116.792
0.0174268,-7.9,12.9636,1.01114,9.95334,116.695
0.0174268,-7.7,12.9382,1.71692,9.92089,116.543
0.0174268,-7.5,12.9006,2.7634,9.87293,116.318
0.0174268,-7.3,12.8479,4.23126,9.80599,116.002
0.0174268,-7.1,12.7779,6.18824,9.71731,115.583
0.0174268,-6.9,12.6891,8.68114,9.60529,115.05
0.0174268,-6.7,12.5809,11.732,9.46961,114.401
0.0174268,-6.5,12.4536,15.3388,9.31118,113.636
0.0174268,-6.3,12.3085,19.4793,9.13192,112.762
0.0174268,-6.1,12.1473,24.1168,8.93442,111.788
0.0174268,-5.9,11.9718,29.2062,8.72161,110.725
0.0174268,-5.7,11.7842,34.6989,8.49649,109.584
0.0174268,-5.5,11.5866,40.5465,8.26196,108.376
0.0174268,-5.3,11.3808,46.7033,8.02064,107.113
0.0174268,-5.1,11.1686,53.1276,7.77488,105.804
0.0174268,-4.9,10.9515,59.7825,7.52669,104.457
0.0174268,-4.7,10.7308,66.6356,7.27779,103.08
0.0174268,-4.5,10.5077,73.6589,7.02959,101.679
0.0174268,-4.3,10.283,80.8282,6.78327,100.259
0.0174268,-4.1,10.0577,88.123,6.5398,98.8261
0.0174268,-3.9,9.83247,95.5255,6.29995,97.3829
0.0174268,-3.7,9.6078,103.02,6.06436,95.9332
0.0174268,-3.5,9.38424,110.594,5.83353,94.4801
0.0174268,-3.3,9.16221,118.235,5.60785,93.026
0.0174268,-3.1,8.94209,125.933,5.38765,91.5732
0.0174268,-2.9,8.7242,133.677,5.17317,90.1238
0.0174268,-2.7,8.50884,141.459,4.96463,88.6796
0.0174268,-2.5,8.29629,149.27,4.76216,87.2425
0.0174268,-2.3,8.08681,157.099,4.56593,85.8143
0.0174268,-2.1,7.88066,164.938,4.37604,84.3968
0.0174268,-1.9,7.67814,172.773,4.19262,82.9923
0.0174268,-1.7,7.47955,180.592,4.01582,81.603
0.0174268,-1.5,7.2853,188.376,3.84581,80.232
0.0174268,-1.3,7.09588,196.102,3.68285,78.8834
0.0174268,-1.1,6.91196,203.737,3.52732,77.5624
0.0174268,-0.9,6.73452,211.233,3.37981,76.277
0.0174268,-0.7,6.56498,218.519,3.24124,75.0387
0.0174268,-0.5,6.40556,225.485,3.11309,73.8656
0.0174268,-0.3,6.25973,231.954,2.99777,72.7864
0.0174268,-0.1,6.13292,237.652,2.8991,71.8461
0.0174268,0.1,6.03293,242.18,2.82261,71.11
0.0174268,0.3,5.96804,245.106,2.77415,70.649
0.0174268,0.5,5.93933,246.337,2.75409,70.4772
0.0174268,0.7,5.93268,246.515,2.75137,70.4864
0.0174268,0.9,5.93114,246.433,2.75292,70.5445
0.0174268,1.1,5.92948,246.331,2.7548,70.6126
0.0174268,1.3,5.92688,246.241,2.75652,70.6874
0.0174268,1.5,5.92299,246.167,2.75798,70.7714
0.0174268,1.7,5.91739,246.108,2.7592,70.8698
0.0174268,1.9,5.90934,246.062,2.76022,70.9926
0.0174268,2.1,5.89749,246.027,2.76108,71.1573
0.0174268,2.3,5.87938,246.001,2.76182,71.3956
0.0174268,2.5,5.85084,245.981,2.76246,71.7605
0.0174268,2.7,5.80547,245.968,2.76302,72.3361
0.0174268,2.9,5.73454,245.959,2.76353,73.2442
0.0174268,3.1,5.62766,245.953,2.76399,74.6477
0.0174268,3.3,5.47449,245.952,2.76441,76.748
0.0174268,3.5,5.26745,245.953,2.76481,79.776
0.0174268,3.7,5.0046,245.956,2.76517,83.9771
0.0174268,3.9,4.69185,245.962,2.76551,89.5858
0.0174268,4.1,4.34335,245.97,2.76583,96.7852
0.0174268,4.3,3.97963,245.98,2.76612,105.642
0.0174268,4.5,3.62402,245.991,2.7664,116.02
0.0174268,4.7,3.29814,246.004,2.76666,127.496
0.0174268,4.9,3.01809,246.018,2.76691,139.338
0.0174268,5.1,2.79235,246.034,2.76715,150.616
0.0174268,5.3,2.62166,246.051,2.76738,160.435
0.0174268,5.5,2.50066,246.07,2.76762,168.213
0.0174268,5.7,2.42032,246.091,2.76787,173.812
0.0174268,5.9,2.37048,246.113,2.76812,177.483
0.0174268,6.1,2.34174,246.138,2.76839,179.679
0.0174268,6.3,2.32648,246.164,2.76868,180.876
0.0174268,6.5,2.3192,246.193,2.76899,181.465
0.0174268,6.7,2.31626,246.225,2.76933,181.717
0.0174268,6.9,2.31548,246.259,2.7697,181.803
0.0174268,7.1,2.31567,246.297,2.77011,181.814
0.0174268,7.3,2.31622,246.34,2.77055,181.8
0.0174268,7.5,2.31688,246.386,2.77104,181.781
0.0174268,7.7,2.31754,246.439,2.77159,181.765
0.0174268,7.9,2.31818,246.498,2.77221,181.755
0.0174268,8.1,2.3188,246.564,2.7729,181.752
0.0174268,8.3,2.31943,246.64,2.77369,181.754
0.0174268,8.5,2.32008,246.727,2.7746,181.763
0.0174268,8.7,2.32077,246.827,2.77564,181.777
0.0174268,8.9,2.32148,246.937,2.77675,181.794
0.0174268,9.1,2.32191,246.98,2.77735,181.8
0.0174268,9.3,2.31834,246.335,2.77001,181.598
0.0174268,9.5,2.28104,238.811,2.69582,179.624
0.0174268,9.7,2.05188,195.161,2.25373,166.939
0.0174268,9.9,1.59213,87.1725,1.4371,137.188
0.0176853,-9.9,13,0.000318846,9.99999,116.913
0.0176853,-9.7,13,0.000998324,9.99995,116.913
0.0176853,-9.5,12.9999,0.00290297,9.99987,116.913
0.0176853,-9.3,12.9997,0.00785861,9.99964,116.912
0.0176853,-9.1,12.9993,0.0198483,9.99908,116.909
0.0176853,-8.9,12.9983,0.0468634,9.99783,116.903
0.0176853,-8.7,12.9963,0.10363,9.99521,116.891
0.0176853,-8.5,12.9922,0.21502,9.99006,116.867
0.0176853,-8.3,12.9849,0.419423,9.98062,116.823
0.0176853,-8.1,12.9722,0.770794,9.96442,116.747
0.0176853,-7.9,12.9518,1.33787,9.93831,116.625
0.0176853,-7.7,12.9208,2.19954,9.89875,116.439
0.0176853,-7.5,12.8764,3.43676,9.84218,116.173
0.0176853,-7.3,12.816,5.12257,9.76552,115.811
0.0176853,-7.1,12.7378,7.31319,9.66663,115.342
0.0176853,-6.9,12.6407,10.0422,9.54456,114.76
0.0176853,-6.7,12.5248,13.3191,9.39962,114.064
0.0176853,-6.5,12.3907,17.1317,9.2332,113.257
0.0176853,-6.3,12.2398,21.4508,9.04752,112.347
0.0176853,-6.1,12.074,26.2364,8.84527,111.344
0.0176853,-5.9,11.8952,31.4424,8.62937,110.259
0.0176853,-5.7,11.7055,37.0212,8.40269,109.103
0.0176853,-5.5,11.5068,42.9269,8.16794,107.886
0.0176853,-5.3,11.3009,49.1167,7.92756,106.619
0.0176853,-5.1,11.0893,55.552,7.68368,105.311
0.0176853,-4.9,10.8735,62.1989,7.43812,103.969
0.0176853,-4.7,10.6546,69.0278,7.19243,102.6
0.0176853,-4.5,10.4337,76.013,6.94788,101.21
0.0176853,-4.3,10.2117,83.1328,6.70553,99.803
0.0176853,-4.1,9.98926,90.3682,6.46624,98.3844
0.0176853,-3.9,9.76707,97.7029,6.23071,96.9575
0.0176853,-3.7,9.54563,105.123,5.9995,95.5253
0.0176853,-3.5,9.32541,112.616,5.77306,94.0905
0.0176853,-3.3,9.1068,120.171,5.55174,92.6554
0.0176853,-3.1,8.89015,127.779,5.33583,91.2223
0.0176853,-2.9,8.67574,135.429,5.12555,89.7929
0.0176853,-2.7,8.46388,143.114,4.92109,88.3691
0.0176853,-2.5,8.25479,150.824,4.72259,86.9525
0.0176853,-2.3,8.04875,158.552,4.53018,85.545
0.0176853,-2.1,7.84601,166.285,4.34396,84.1482
0.0176853,-1.9,7.64683,174.014,4.16406,82.7644
0.0176853,-1.7,7.45153,181.725,3.99061,81.3958
0.0176853,-1.5,7.26051,189.399,3.82381,80.0454
0.0176853,-1.3,7.07424,197.014,3.66389,78.7173
0.0176853,-1.1,6.89341,204.537,3.51124,77.4167
0.0176853,-0.9,6.71898,211.919,3.36646,76.1514
0.0176853,-0.7,6.55236,219.091,3.23046,74.9331
0.0176853,-0.5,6.39578,225.941,3.10473,73.7799
0.0176853,-0.3,6.25268,232.296,2.99166,72.72
0.0176853,-0.1,6.12847,237.882,2.89507,71.7984
0.0176853,0.1,6.0308,242.306,2.82039,71.0791
0.0176853,0.3,5.96772,245.151,2.77329,70.6308
0.0176853,0.5,5.93999,246.339,2.75392,70.465
0.0176853,0.7,5.93367,246.507,2.75136,70.4745
0.0176853,0.9,5.93227,246.424,2.75292,70.5311
0.0176853,1.1,5.93078,246.322,2.7548,70.597
0.0176853,1.3,5.92839,246.233,2.7565,70.669
0.0176853,1.5,5.92479,246.159,2.75795,70.7491
0.0176853,1.7,5.91961,246.1,2.75915,70.842
0.0176853,1.9,5.91224,246.054,2.76016,70.9562
0.0176853,2.1,5.90152,246.02,2.76101,71.107
0.0176853,2.3,5.88534,245.993,2.76174,71.3212
0.0176853,2.5,5.86005,245.973,2.76237,71.6453
0.0176853,2.7,5.81999,245.959,2.76292,72.153
0.0176853,2.9,5.75715,245.95,2.76342,72.9537
0.0176853,3.1,5.66167,245.944,2.76387,74.1962
0.0176853,3.3,5.52319,245.942,2.76429,76.0679
0.0176853,3.5,5.33325,245.943,2.76468,78.788
0.0176853,3.7,5.08812,245.946,2.76503,82.5945
0.0176853,3.9,4.79122,245.951,2.76537,87.7232
0.0176853,4.1,4.45408,245.958,2.76568,94.374
0.0176853,4.3,4.0952,245.967,2.76597,102.655
0.0176853,4.5,3.73701,245.978,2.76624,112.505
0.0176853,4.7,3.40168,245.99,2.7665,123.608
0.0176853,4.9,3.10706,246.003,2.76674,135.34
0.0176853,5.1,2.86406,246.018,2.76697,146.836
0.0176853,5.3,2.67587,246.034,2.7672,157.175
0.0176853,5.5,2.53907,246.052,2.76743,165.657
0.0176853,5.7,2.4458,246.071,2.76766,171.989
0.0176853,5.9,2.38626,246.092,2.76791,176.296
0.0176853,6.1,2.35081,246.115,2.76816,178.971
0.0176853,6.3,2.33126,246.139,2.76843,180.489
0.0176853,6.5,2.32143,246.166,2.76872,181.272
0.0176853,6.7,2.3171,246.195,2.76904,181.632
0.0176853,6.9,2.31562,246.227,2.76938,181.77
0.0176853,7.1,2.31549,246.262,2.76975,181.805
0.0176853,7.3,2.31592,246.301,2.77016,181.798
0.0176853,7.5,2.31653,246.344,2.77061,181.78
0.0176853,7.7,2.31717,246.391,2.77111,181.762
0.0176853,7.9,2.3178,246.444,2.77166,181.749
0.0176853,8.1,2.3184,246.504,2.77228,181.743
0.0176853,8.3,2.319,246.571,2.77299,181.742
0.0176853,8.5,2.31961,246.648,2.77379,181.746
0.0176853,8.7,2.32025,246.737,2.7747,181.757
0.0176853,8.9,2.32093,246.837,2.77576,181.772
0.0176853,9.1,2.32158,246.943,2.77679,181.788
0.0176853,9.3,2.32166,246.905,2.77671,181.777
0.0176853,9.5,2.31427,245.574,2.76178,181.377
0.0176853,9.7,2.24752,232.575,2.62968,177.831
0.0176853,9.9,1.92171,173.636,2.01277,159.189
0.0179438,-9.9,13,0.000635354,9.99997,116.913
0.0179438,-9.7,12.9999,0.00188552,9.99991,116.913
0.0179438,-9.5,12.9998,0.0052113,9.99976,116.912
0.0179438,-9.3,12.9995,0.0134432,9.99938,116.911
0.0179438,-9.1,12.9988,0.0324302,9.9985,116.906
0.0179438,-8.9,12.9974,0.0732963,9.99661,116.898
0.0179438,-8.7,12.9944,0.155477,9.99281,116.88
0.0179438,-8.5,12.9888,0.310092,9.98567,116.846
0.0179438,-8.3,12.979,0.582647,9.97309,116.788
0.0179438,-8.1,12.9627,1.03368,9.95231,116.69
0.0179438,-7.9,12.9375,1.7361,9.92001,116.539
0.0179438,-7.7,12.9004,2.76878,9.87269,116.316
0.0179438,-7.5,12.8488,4.20763,9.80706,116.007
0.0179438,-7.3,12.7805,6.11622,9.72056,115.598
0.0179438,-7.1,12.6942,8.53851,9.61166,115.081
0.0179438,-6.9,12.5892,11.4954,9.48006,114.451
0.0179438,-6.7,12.4661,14.9852,9.32659,113.71
0.0179438,-6.5,12.3257,18.9875,9.15303,112.865
0.0179438,-6.3,12.1698,23.4682,8.96179,111.923
0.0179438,-6.1,12.0001,28.3848,8.75563,110.895
0.0179438,-5.9,11.8186,33.6916,8.53737,109.791
0.0179438,-5.7,11.6272,39.3427,8.30975,108.623
0.0179438,-5.5,11.4278,45.2946,8.07528,107.4
0.0179438,-5.3,11.222,51.5076,7.8362,106.131
0.0179438,-5.1,11.0113,57.946,7.59446,104.825
0.0179438,-4.9,10.797,64.5788,7.3517,103.489
0.0179438,-4.7,10.58,71.3789,7.10931,102.129
0.0179438,-4.5,10.3615,78.3229,6.86845,100.75
0.0179438,-4.3,10.1421,85.3908,6.63005,99.3567
0.0179438,-4.1,9.92255,92.5655,6.3949,97.9531
0.0179438,-3.9,9.70341,99.8319,6.1636,96.5424
0.0179438,-3.7,9.48516,107.177,5.93667,95.1274
0.0179438,-3.5,9.26822,114.59,5.7145,93.7107
0.0179438,-3.3,9.05296,122.06,5.49741,92.2944
0.0179438,-3.1,8.83969,129.579,5.28567,90.8805
0.0179438,-2.9,8.62868,137.137,5.07946,89.4707
0.0179438,-2.7,8.4202,144.727,4.87895,88.0668
0.0179438,-2.5,8.2145,152.34,4.68428,86.6702
0.0179438,-2.3,8.0118,159.967,4.49556,85.2828
0.0179438,-2.1,7.81235,167.598,4.31289,83.9063
0.0179438,-1.9,7.61643,175.223,4.13639,82.5426
0.0179438,-1.7,7.42432,182.828,3.96619,81.1942
0.0179438,-1.5,7.23643,190.396,3.80248,79.8639
0.0179438,-1.3,7.05323,197.902,3.6455,78.5557
0.0179438,-1.1,6.87539,205.315,3.49565,77.2749
0.0179438,-0.9,6.70387,212.587,3.3535,76.0293
0.0179438,-0.7,6.54009,219.648,3.21999,74.8305
0.0179438,-0.5,6.38627,226.386,3.0966,73.6964
0.0179438,-0.3,6.24583,232.628,2.98573,72.6555
0.0179438,-0.1,6.12414,238.104,2.89115,71.752
0.0179438,0.1,6.02874,242.428,2.81823,71.049
0.0179438,0.3,5.96741,245.194,2.77245,70.6131
0.0179438,0.5,5.94064,246.341,2.75376,70.4532
0.0179438,0.7,5.93463,246.499,2.75136,70.4631
0.0179438,0.9,5.93337,246.415,2.75293,70.5182
0.0179438,1.1,5.93202,246.314,2.7548,70.5821
0.0179438,1.3,5.92982,246.224,2.75648,70.6514
0.0179438,1.5,5.92649,246.151,2.75791,70.728
0.0179438,1.7,5.92169,246.092,2.75911,70.8159
0.0179438,1.9,5.91492,246.047,2.76011,70.9226
0.0179438,2.1,5.90519,246.012,2.76094,71.0611
0.0179438,2.3,5.89068,245.986,2.76166,71.2546
0.0179438,2.5,5.86823,245.966,2.76228,71.5431
0.0179438,2.7,5.83283,245.952,2.76283,71.9917
0.0179438,2.9,5.77719,245.942,2.76332,72.6979
0.0179438,3.1,5.69206,245.936,2.76376,73.7971
0.0179438,3.3,5.56722,245.933,2.76417,75.463
0.0179438,3.5,5.39362,245.933,2.76455,77.9026
0.0179438,3.7,5.16602,245.936,2.7649,81.3452
0.0179438,3.9,4.88556,245.94,2.76523,86.025
0.0179438,4.1,4.5612,245.947,2.76554,92.1527
0.0179438,4.3,4.20923,245.955,2.76583,99.8689
0.0179438,4.5,3.85082,245.965,2.76609,109.174
0.0179438,4.7,3.50823,245.976,2.76635,119.847
0.0179438,4.9,3.20067,245.989,2.76658,131.374
0.0179438,5.1,2.94126,246.003,2.76681,142.973
0.0179438,5.3,2.73565,246.018,2.76703,153.731
0.0179438,5.5,2.58252,246.035,2.76725,162.86
0.0179438,5.7,2.4754,246.053,2.76747,169.921
0.0179438,5.9,2.40513,246.072,2.7677,174.9
0.0179438,6.1,2.36201,246.093,2.76794,178.108
0.0179438,6.3,2.3374,246.116,2.7682,180
0.0179438,6.5,2.32448,246.141,2.76847,181.018
0.0179438,6.7,2.31839,246.168,2.76876,181.513
0.0179438,6.9,2.316,246.198,2.76908,181.721
0.0179438,7.1,2.31543,246.23,2.76942,181.788
0.0179438,7.3,2.31567,246.266,2.7698,181.794
0.0179438,7.5,2.31621,246.305,2.77021,181.779
0.0179438,7.7,2.31682,246.348,2.77066,181.76
0.0179438,7.9,2.31744,246.396,2.77117,181.745
0.0179438,8.1,2.31803,246.45,2.77173,181.735
0.0179438,8.3,2.31861,246.51,2.77236,181.731
0.0179438,8.5,2.31919,246.579,2.77307,181.733
0.0179438,8.7,2.31978,246.657,2.77389,181.74
0.0179438,8.9,2.32041,246.747,2.77481,181.751
0.0179438,9.1,2.32108,246.846,2.77587,181.768
0.0179438,9.3,2.32165,246.941,2.77676,181.781
0.0179438,9.5,2.32077,246.812,2.77478,181.721
0.0179438,9.7,2.3024,245.08,2.73805,180.746
0.0179438,9.9,2.17002,228.44,2.47839,173.586
0.0182023,-9.9,13,0.0012177,9.99994,116.913
0.0182023,-9.7,12.9999,0.00343471,9.99984,116.913
0.0182023,-9.5,12.9997,0.00904568,9.99958,116.912
0.0182023,-9.3,12.9992,0.0222867,9.99897,116.909
0.0182023,-9.1,12.9981,0.0514614,9.99762,116.902
0.0182023,-8.9,12.996,0.111557,9.99484,116.889
0.0182023,-8.7,12.9918,0.22742,9.98949,116.864
0.0182023,-8.5,12.9843,0.43679,9.97982,116.819
0.0182023,-8.3,12.9715,0.791975,9.96344,116.742
0.0182023,-8.1,12.951,1.35886,9.93734,116.62
0.0182023,-7.9,12.9204,2.21238,9.89816,116.436
0.0182023,-7.7,12.8767,3.42894,9.84253,116.175
0.0182023,-7.5,12.8176,5.0772,9.76757,115.821
0.0182023,-7.3,12.7415,7.20997,9.67126,115.364
0.0182023,-7.1,12.6473,9.85891,9.55271,114.799
0.0182023,-6.9,12.5349,13.0332,9.41217,114.124
0.0182023,-6.7,12.4051,16.7217,9.25095,113.343
0.0182023,-6.5,12.2591,20.8974,9.0711,112.463
0.0182023,-6.3,12.0987,25.5228,8.87515,111.492
0.0182023,-6.1,11.9257,30.5544,8.66584,110.442
0.0182023,-5.9,11.742,35.9475,8.44589,109.323
0.0182023,-5.7,11.5494,41.6582,8.21786,108.145
0.0182023,-5.5,11.3497,47.6458,7.98409,106.918
0.0182023,-5.3,11.1444,53.8733,7.74664,105.649
0.0182023,-5.1,10.9348,60.308,7.50725,104.347
0.0182023,-4.9,10.722,66.9213,7.26742,103.018
0.0182023,-4.7,10.5071,73.6886,7.02841,101.667
0.0182023,-4.5,10.291,80.5886,6.79125,100.3
0.0182023,-4.3,10.0742,87.6029,6.55678,98.9203
0.0182023,-4.1,9.85756,94.7157,6.32569,97.5318
0.0182023,-3.9,9.64144,101.914,6.09854,96.1372
0.0182023,-3.7,9.42633,109.184,5.87578,94.7394
0.0182023,-3.5,9.21262,116.518,5.65777,93.3405
0.0182023,-3.3,9.00063,123.904,5.4448,91.9427
0.0182023,-3.1,8.79065,131.336,5.23709,90.5476
0.0182023,-2.9,8.58296,138.803,5.03482,89.157
0.0182023,-2.7,8.37778,146.3,4.83815,87.7724
0.0182023,-2.5,8.17536,153.816,4.64718,86.3954
0.0182023,-2.3,7.9759,161.346,4.46203,85.0277
0.0182023,-2.1,7.77966,168.877,4.28279,83.6708
0.0182023,-1.9,7.58689,176.401,4.10958,82.3268
0.0182023,-1.7,7.39789,183.903,3.94252,80.9979
0.0182023,-1.5,7.21303,191.366,3.7818,79.6872
0.0182023,-1.3,7.0328,198.767,3.62767,78.3983
0.0182023,-1.1,6.85787,206.073,3.48051,77.1368
0.0182023,-0.9,6.68918,213.238,3.34092,75.9104
0.0182023,-0.7,6.52817,220.189,3.20983,74.7305
0.0182023,-0.5,6.37702,226.818,3.08871,73.6152
0.0182023,-0.3,6.23918,232.951,2.97997,72.5927
0.0182023,-0.1,6.11994,238.321,2.88735,71.7069
0.0182023,0.1,6.02675,242.547,2.81615,71.0199
0.0182023,0.3,5.96712,245.236,2.77164,70.596
0.0182023,0.5,5.94127,246.343,2.75361,70.4418
0.0182023,0.7,5.93555,246.491,2.75136,70.4521
0.0182023,0.9,5.93443,246.406,2.75294,70.5059
0.0182023,1.1,5.93322,246.305,2.75479,70.5678
0.0182023,1.3,5.9312,246.216,2.75646,70.6347
0.0182023,1.5,5.9281,246.143,2.75788,70.708
0.0182023,1.7,5.92365,246.085,2.75907,70.7914
0.0182023,1.9,5.91741,246.04,2.76005,70.8913
0.0182023,2.1,5.90854,246.005,2.76088,71.0191
0.0182023,2.3,5.89549,245.978,2.76158,71.1945
0.0182023,2.5,5.87552,245.959,2.7622,71.4523
0.0182023,2.7,5.84419,245.944,2.76273,71.8494
0.0182023,2.9,5.79495,245.934,2.76322,72.4725
0.0182023,3.1,5.71916,245.928,2.76365,73.4445
0.0182023,3.3,5.60692,245.925,2.76406,74.9256
0.0182023,3.5,5.44879,245.924,2.76443,77.1103
0.0182023,3.7,5.23834,245.926,2.76477,80.2183
0.0182023,3.9,4.97468,245.93,2.7651,84.4799
0.0182023,4.1,4.66427,245.936,2.7654,90.112
0.0182023,4.3,4.32106,245.944,2.76568,97.2791
0.0182023,4.5,3.9647,245.953,2.76595,106.033
0.0182023,4.7,3.61708,245.963,2.7662,116.234
0.0182023,4.9,3.29839,245.975,2.76643,127.475
0.0182023,5.1,3.02368,245.988,2.76665,139.068
0.0182023,5.3,2.80097,246.003,2.76687,150.137
0.0182023,5.5,2.63115,246.018,2.76708,159.84
0.0182023,5.7,2.5094,246.035,2.7673,167.607
0.0182023,5.9,2.42742,246.054,2.76751,173.282
0.0182023,6.1,2.37566,246.073,2.76774,177.072
0.0182023,6.3,2.34516,246.095,2.76798,179.39
0.0182023,6.5,2.32851,246.118,2.76824,180.689
0.0182023,6.7,2.32025,246.143,2.76851,181.351
0.0182023,6.9,2.31667,246.171,2.7688,181.65
0.0182023,7.1,2.31551,246.2,2.76912,181.762
0.0182023,7.3,2.31549,246.233,2.76947,181.787
0.0182023,7.5,2.31592,246.269,2.76985,181.778
0.0182023,7.7,2.3165,246.308,2.77026,181.759
0.0182023,7.9,2.3171,246.352,2.77072,181.742
0.0182023,8.1,2.31768,246.401,2.77123,181.73
0.0182023,8.3,2.31824,246.455,2.7718,181.723
0.0182023,8.5,2.3188,246.516,2.77244,181.722
0.0182023,8.7,2.31936,246.586,2.77316,181.725
0.0182023,8.9,2.31994,246.665,2.77398,181.733
0.0182023,9.1,2.32056,246.756,2.77492,181.746
0.0182023,9.3,2.32115,246.868,2.77584,181.76
0.0182023,9.5,2.32023,247.199,2.77379,181.698
0.0182023,9.7,2.30835,248.722,2.75001,181.067
0.0182023,9.9,2.26492,247.589,2.66323,178.716
0.0184604,-9.9,12.9999,0.00224909,9.9999,116.913
0.0184604,-9.7,12.9998,0.00604497,9.99972,116.912
0.0184604,-9.5,12.9995,0.0152052,9.9993,116.91
0.0184604,-9.3,12.9987,0.0358569,9.99834,116.906
0.0184604,-9.1,12.9971,0.0794079,9.99633,116.896
0.0184604,-8.9,12.994,0.165415,9.99235,116.878
0.0184604,-8.7,12.9883,0.324672,9.985,116.843
0.0184604,-8.5,12.9783,0.601564,9.97222,116.783
0.0184604,-8.3,12.962,1.05442,9.95135,116.686
0.0184604,-8.1,12.9369,1.7528,9.91924,116.535
0.0184604,-7.9,12.9003,2.77141,9.87256,116.316
0.0184604,-7.7,12.8497,4.1818,9.80823,116.013
0.0184604,-7.5,12.7831,6.04374,9.72382,115.614
0.0184604,-7.3,12.6991,8.39862,9.61791,115.11
0.0184604,-7.1,12.5974,11.2663,9.49018,114.499
0.0184604,-6.9,12.4781,14.6455,9.34142,113.782
0.0184604,-6.7,12.3422,18.5175,9.17325,112.964
0.0184604,-6.5,12.1912,22.8502,8.98794,112.052
0.0184604,-6.3,12.027,27.6041,8.78807,111.057
0.0184604,-6.1,11.8512,32.7357,8.57631,109.988
0.0184604,-5.9,11.6658,38.2017,8.35526,108.857
0.0184604,-5.7,11.4724,43.9605,8.12731,107.671
0.0184604,-5.5,11.2727,49.9741,7.89461,106.441
0.0184604,-5.3,11.0681,56.2084,7.65903,105.174
0.0184604,-5.1,10.8598,62.6333,7.42217,103.877
0.0184604,-4.9,10.6487,69.2227,7.18538,102.556
0.0184604,-4.7,10.436,75.9539,6.94979,101.215
0.0184604,-4.5,10.2222,82.8075,6.71631,99.8602
0.0184604,-4.3,10.0082,89.7668,6.48572,98.4943
0.0184604,-4.1,9.79434,96.8173,6.25863,97.1208
0.0184604,-3.9,9.5812,103.946,6.03554,95.7423
0.0184604,-3.7,9.36917,111.143,5.81685,94.3614
0.0184604,-3.5,9.15861,118.398,5.60288,92.9801
0.0184604,-3.3,8.94981,125.702,5.3939,91.6002
0.0184604,-3.1,8.74305,133.048,5.1901,90.2236
0.0184604,-2.9,8.53858,140.426,4.99164,88.8517
0.0184604,-2.7,8.33661,147.831,4.79867,87.4861
0.0184604,-2.5,8.13737,155.255,4.61128,86.1282
0.0184604,-2.3,7.94107,162.688,4.42958,84.7795
0.0184604,-2.1,7.74794,170.123,4.25365,83.4418
0.0184604,-1.9,7.55823,177.547,4.08361,82.1169
0.0184604,-1.7,7.37223,184.949,3.91959,80.8071
0.0184604,-1.5,7.19032,192.311,3.76176,79.5153
0.0184604,-1.3,7.01297,199.609,3.61038,78.2454
0.0184604,-1.1,6.84086,206.811,3.46584,77.0026
0.0184604,-0.9,6.67492,213.871,3.32872,75.7948
0.0184604,-0.7,6.51658,220.716,3.19997,74.6334
0.0184604,-0.5,6.36804,227.239,3.08106,73.5363
0.0184604,-0.3,6.23271,233.266,2.97439,72.5317
0.0184604,-0.1,6.11586,238.531,2.88367,71.6631
0.0184604,0.1,6.02482,242.661,2.81412,70.9917
0.0184604,0.3,5.96684,245.277,2.77086,70.5795
0.0184604,0.5,5.94189,246.345,2.75346,70.4308
0.0184604,0.7,5.93645,246.483,2.75136,70.4415
0.0184604,0.9,5.93545,246.398,2.75295,70.494
0.0184604,1.1,5.93437,246.297,2.75479,70.5542
0.0184604,1.3,5.93251,246.208,2.75645,70.6187
0.0184604,1.5,5.92963,246.136,2.75786,70.689
0.0184604,1.7,5.9255,246.078,2.75903,70.7683
0.0184604,1.9,5.91973,246.033,2.76,70.8622
0.0184604,2.1,5.91162,245.998,2.76082,70.9805
0.0184604,2.3,5.89983,245.972,2.76151,71.1403
0.0184604,2.5,5.882,245.952,2.76212,71.3715
0.0184604,2.7,5.85424,245.937,2.76265,71.7237
0.0184604,2.9,5.81065,245.927,2.76312,72.2742
0.0184604,3.1,5.74326,245.92,2.76355,73.1336
0.0184604,3.3,5.64257,245.916,2.76395,74.4493
0.0184604,3.5,5.49899,245.915,2.76431,76.4033
0.0184604,3.7,5.30513,245.917,2.76465,79.2049
0.0184604,3.9,5.05835,245.92,2.76497,83.0787
0.0184604,4.1,4.76277,245.926,2.76527,88.2442
0.0184604,4.3,4.42997,245.933,2.76555,94.883
0.0184604,4.5,4.07778,245.941,2.76581,103.087
0.0184604,4.7,3.72739,245.951,2.76606,112.788
0.0184604,4.9,3.39952,245.962,2.76629,123.677
0.0184604,5.1,3.11085,245.975,2.7665,135.164
0.0184604,5.3,2.87163,245.988,2.76671,146.435
0.0184604,5.5,2.68502,246.003,2.76692,156.624
0.0184604,5.7,2.54801,246.019,2.76713,165.058
0.0184604,5.9,2.4534,246.036,2.76733,171.436
0.0184604,6.1,2.39204,246.055,2.76755,175.847
0.0184604,6.3,2.35478,246.075,2.76778,178.644
0.0184604,6.5,2.33373,246.096,2.76802,180.271
0.0184604,6.7,2.3228,246.12,2.76827,181.136
0.0184604,6.9,2.31772,246.145,2.76855,181.551
0.0184604,7.1,2.31579,246.173,2.76884,181.722
0.0184604,7.3,2.3154,246.203,2.76916,181.774
0.0184604,7.5,2.31567,246.236,2.76951,181.775
0.0184604,7.7,2.31619,246.272,2.76989,181.759
0.0184604,7.9,2.31678,246.312,2.77031,181.741
0.0184604,8.1,2.31735,246.357,2.77078,181.726
0.0184604,8.3,2.3179,246.406,2.77129,181.717
0.0184604,8.5,2.31844,246.461,2.77187,181.713
0.0184604,8.7,2.31897,246.523,2.77252,181.713
0.0184604,8.9,2.31952,246.594,2.77325,181.718
0.0184604,9.1,2.32007,246.677,2.77405,181.727
0.0184604,9.3,2.32028,246.847,2.7742,181.721
0.0184604,9.5,2.31732,247.638,2.76806,181.551
0.0184604,9.7,2.30528,250.031,2.744,180.912
0.0184604,9.9,2.28707,251.961,2.70717,179.905
0.0187179,-9.9,12.9999,0.00401044,9.99981,116.913
0.0187179,-9.7,12.9996,0.0102953,9.99952,116.911
0.0187179,-9.5,12.9991,0.0247869,9.99885,116.908
0.0187179,-9.3,12.998,0.0560599,9.99741,116.901
0.0187179,-9.1,12.9957,0.119294,9.99449,116.888
0.0187179,-8.9,12.9914,0.239229,9.98894,116.862
0.0187179,-8.7,12.9837,0.452881,9.97908,116.816
0.0187179,-8.5,12.9708,0.810911,9.96257,116.738
0.0187179,-8.3,12.9504,1.37646,9.93653,116.616
0.0187179,-8.1,12.92,2.22078,9.89777,116.434
0.0187179,-7.9,12.8771,3.41607,9.84311,116.177
0.0187179,-7.7,12.8194,5.02706,9.76984,115.831
0.0187179,-7.5,12.7453,7.10348,9.67604,115.387
0.0187179,-7.3,12.6538,9.6753,9.56087,114.838
0.0187179,-7.1,12.5448,12.7515,9.42456,114.184
0.0187179,-6.9,12.4191,16.3219,9.26829,113.427
0.0187179,-6.7,12.2778,20.3616,9.09399,112.575
0.0187179,-6.5,12.1225,24.8353,8.90403,111.636
0.0187179,-6.3,11.9549,29.7022,8.70097,110.619
0.0187179,-6.1,11.7769,34.9197,8.48741,109.535
0.0187179,-5.9,11.5902,40.4463,8.26578,108.393
0.0187179,-5.7,11.3964,46.2429,8.03832,107.203
0.0187179,-5.5,11.197,52.2741,7.807,105.972
0.0187179,-5.3,10.9933,58.5085,7.57352,104.707
0.0187179,-5.1,10.7864,64.9183,7.33932,103.416
0.0187179,-4.9,10.5772,71.4798,7.10564,102.103
0.0187179,-4.7,10.3666,78.1721,6.87348,100.774
0.0187179,-4.5,10.1553,84.9776,6.64367,99.431
0.0187179,-4.3,9.94392,91.8808,6.4169,98.079
0.0187179,-4.1,9.73289,98.8685,6.19372,96.7204
0.0187179,-3.9,9.52269,105.929,5.97459,95.3578
0.0187179,-3.7,9.31368,113.053,5.75985,93.9935
0.0187179,-3.5,9.1062,120.23,5.54981,92.6294
0.0187179,-3.3,8.90052,127.453,5.34469,91.2673
0.0187179,-3.1,8.69689,134.714,5.14467,89.9086
0.0187179,-2.9,8.49554,142.006,4.9499,88.555
0.0187179,-2.7,8.29669,149.322,4.7605,87.2078
0.0187179,-2.5,8.10054,156.654,4.57657,85.8685
0.0187179,-2.3,7.9073,163.994,4.39819,84.5384
0.0187179,-2.1,7.71718,171.334,4.22547,83.2193
0.0187179,-1.9,7.53043,178.662,4.05849,81.913
0.0187179,-1.7,7.34735,185.966,3.8974,80.6217
0.0187179,-1.5,7.16829,193.229,3.74236,79.3484
0.0187179,-1.3,6.99374,200.427,3.59364,78.0968
0.0187179,-1.1,6.82435,207.528,3.45162,76.8722
0.0187179,-0.9,6.66108,214.485,3.3169,75.6825
0.0187179,-0.7,6.50534,221.228,3.19041,74.539
0.0187179,-0.5,6.35933,227.647,3.07364,73.4597
0.0187179,-0.3,6.22644,233.57,2.96897,72.4726
0.0187179,-0.1,6.11192,238.735,2.8801,71.6207
0.0187179,0.1,6.02295,242.772,2.81217,70.9644
0.0187179,0.3,5.96657,245.315,2.77011,70.5636
0.0187179,0.5,5.94248,246.346,2.75333,70.4202
0.0187179,0.7,5.93732,246.476,2.75137,70.4313
0.0187179,0.9,5.93644,246.389,2.75296,70.4827
0.0187179,1.1,5.93547,246.289,2.7548,70.5411
0.0187179,1.3,5.93376,246.201,2.75644,70.6035
0.0187179,1.5,5.93108,246.129,2.75783,70.671
0.0187179,1.7,5.92724,246.071,2.75899,70.7466
0.0187179,1.9,5.92189,246.026,2.75995,70.8351
0.0187179,2.1,5.91445,245.991,2.76076,70.9451
0.0187179,2.3,5.90376,245.965,2.76145,71.0912
0.0187179,2.5,5.8878,245.945,2.76204,71.2993
0.0187179,2.7,5.86314,245.93,2.76256,71.6127
0.0187179,2.9,5.82453,245.919,2.76303,72.0996
0.0187179,3.1,5.76465,245.912,2.76345,72.8597
0.0187179,3.3,5.67447,245.908,2.76384,74.0279
0.0187179,3.5,5.54445,245.907,2.7642,75.7737
0.0187179,3.7,5.3665,245.908,2.76453,78.2959
0.0187179,3.9,5.13646,245.911,2.76485,81.8117
0.0187179,4.1,4.85632,245.916,2.76514,86.5403
0.0187179,4.3,4.5353,245.923,2.76542,92.6751
0.0187179,4.5,4.18925,245.93,2.76568,100.34
0.0187179,4.7,3.83829,245.94,2.76592,109.524
0.0187179,4.9,3.50329,245.95,2.76615,120.007
0.0187179,5.1,3.20221,245.962,2.76636,131.301
0.0187179,5.3,2.94733,245.974,2.76657,142.666
0.0187179,5.5,2.74407,245.988,2.76677,153.245
0.0187179,5.7,2.59135,246.003,2.76697,162.288
0.0187179,5.9,2.48331,246.019,2.76717,169.361
0.0187179,6.1,2.41142,246.037,2.76737,174.423
0.0187179,6.3,2.36652,246.056,2.76759,177.745
0.0187179,6.5,2.34033,246.076,2.76781,179.749
0.0187179,6.7,2.32619,246.098,2.76805,180.858
0.0187179,6.9,2.31926,246.122,2.76831,181.415
0.0187179,7.1,2.31632,246.148,2.76858,181.663
0.0187179,7.3,2.31543,246.176,2.76888,181.752
0.0187179,7.5,2.31549,246.206,2.76921,181.769
0.0187179,7.7,2.31592,246.239,2.76956,181.758
0.0187179,7.9,2.31647,246.276,2.76994,181.74
0.0187179,8.1,2.31704,246.316,2.77037,181.724
0.0187179,8.3,2.31758,246.361,2.77084,181.712
0.0187179,8.5,2.3181,246.411,2.77136,181.705
0.0187179,8.7,2.31862,246.467,2.77194,181.703
0.0187179,8.9,2.31913,246.531,2.77259,181.706
0.0187179,9.1,2.31955,246.625,2.7731,181.706
0.0187179,9.3,2.31888,246.945,2.77149,181.653
0.0187179,9.5,2.31368,248.162,2.76091,181.367
0.0187179,9.7,2.30155,250.714,2.73667,180.721
0.0187179,9.9,2.29087,252.721,2.71494,180.122
0.018975,-9.9,12.9998,0.00692238,9.99968,116.912
0.018975,-9.7,12.9994,0.0170093,9.99921,116.91
0.018975,-9.5,12.9986,0.0392741,9.99818,116.905
0.018975,-9.3,12.9969,0.0853464,9.99605,116.895
0.018975,-9.1,12.9937,0.174817,9.99192,116.876
0.018975,-8.9,12.9878,0.338063,9.98438,116.84
0.018975,-8.7,12.9777,0.618292,9.97145,116.78
0.018975,-8.5,12.9614,1.07167,9.95056,116.682
0.018975,-8.3,12.9364,1.76456,9.9187,116.533
0.018975,-8.1,12.9004,2.76784,9.87272,116.317
0.018975,-7.9,12.8509,4.14906,9.80972,116.02
0.018975,-7.7,12.7859,5.96461,9.72739,115.631
0.018975,-7.5,12.7043,8.25362,9.62439,115.141
0.018975,-7.3,12.6056,11.0351,9.50042,114.548
0.018975,-7.1,12.4899,14.3083,9.35616,113.853
0.018975,-6.9,12.3584,18.0558,9.19315,113.061
0.018975,-6.7,12.2122,22.2478,9.01349,112.178
0.018975,-6.5,12.0531,26.8472,8.81961,111.214
0.018975,-6.3,11.8827,31.8128,8.61404,110.179
0.018975,-6.1,11.7029,37.1035,8.39924,109.082
0.018975,-5.9,11.5153,42.6797,8.17751,107.933
0.018975,-5.7,11.3214,48.5049,7.9509,106.739
0.018975,-5.5,11.1226,54.5462,7.72121,105.509
0.018975,-5.3,10.9199,60.7747,7.49001,104.249
0.018975,-5.1,10.7146,67.165,7.25859,102.964
0.018975,-4.9,10.5073,73.6952,7.02806,101.66
0.018975,-4.7,10.299,80.3463,6.79934,100.342
0.018975,-4.5,10.0901,87.102,6.57317,99.0117
0.018975,-4.3,9.88134,93.9484,6.35016,97.6735
0.018975,-4.1,9.6731,100.873,6.13082,96.3298
0.018975,-3.9,9.46579,107.866,5.91554,94.983
0.018975,-3.7,9.25974,114.917,5.70466,93.635
0.018975,-3.5,9.05527,122.017,5.49842,92.2879
0.018975,-3.3,8.85263,129.161,5.29705,90.943
0.018975,-3.1,8.65205,136.339,5.10069,89.602
0.018975,-2.9,8.45375,143.546,4.90949,88.2662
0.018975,-2.7,8.25792,150.774,4.72354,86.937
0.018975,-2.5,8.06478,158.017,4.54295,85.6157
0.018975,-2.3,7.8745,165.266,4.36779,84.3038
0.018975,-2.1,7.68731,172.513,4.19816,83.0028
0.018975,-1.9,7.50344,179.747,4.03415,81.7146
0.018975,-1.7,7.32318,186.956,3.87589,80.4413
0.018975,-1.5,7.14689,194.122,3.72355,79.1859
0.018975,-1.3,6.97505,201.223,3.5774,77.9522
0.018975,-1.1,6.80831,208.226,3.43783,76.7454
0.018975,-0.9,6.64763,215.084,3.30542,75.5732
0.018975,-0.7,6.49442,221.726,3.18112,74.4472
0.018975,-0.5,6.35086,228.044,3.06643,73.3852
0.018975,-0.3,6.22036,233.867,2.96371,72.415
0.018975,-0.1,6.10808,238.932,2.87664,71.5795
0.018975,0.1,6.02114,242.879,2.81028,70.9379
0.018975,0.3,5.96632,245.353,2.76939,70.5481
0.018975,0.5,5.94306,246.347,2.7532,70.41
0.018975,0.7,5.93816,246.468,2.75137,70.4215
0.018975,0.9,5.93739,246.381,2.75298,70.4717
0.018975,1.1,5.93653,246.281,2.7548,70.5286
0.018975,1.3,5.93496,246.193,2.75643,70.589
0.018975,1.5,5.93247,246.121,2.75781,70.6539
0.018975,1.7,5.92888,246.064,2.75895,70.7261
0.018975,1.9,5.92392,246.02,2.7599,70.8098
0.018975,2.1,5.91706,245.985,2.7607,70.9123
0.018975,2.3,5.90734,245.958,2.76138,71.0465
0.018975,2.5,5.89299,245.938,2.76197,71.2346
0.018975,2.7,5.87104,245.923,2.76248,71.5142
0.018975,2.9,5.83681,245.912,2.76294,71.9456
0.018975,3.1,5.78363,245.905,2.76336,72.6181
0.018975,3.3,5.70301,245.901,2.76374,73.6548
0.018975,3.5,5.58556,245.899,2.76409,75.2131
0.018975,3.7,5.42275,245.9,2.76442,77.4806
0.018975,3.9,5.20916,245.902,2.76473,80.6665
0.018975,4.1,4.94485,245.907,2.76502,84.9872
0.018975,4.3,4.63675,245.913,2.76529,90.6433
0.018975,4.5,4.29861,245.92,2.76555,97.7825
0.018975,4.7,3.9492,245.929,2.76579,106.443
0.018975,4.9,3.60916,245.938,2.76601,116.481
0.018975,5.1,3.29736,245.949,2.76622,127.506
0.018975,5.3,3.02788,245.961,2.76643,138.864
0.018975,5.5,2.80829,245.974,2.76662,149.732
0.018975,5.7,2.63959,245.989,2.76681,159.313
0.018975,5.9,2.51742,246.004,2.76701,167.056
0.018975,6.1,2.4341,246.02,2.7672,172.787
0.018975,6.3,2.38067,246.038,2.76741,176.678
0.018975,6.5,2.34856,246.057,2.76762,179.107
0.018975,6.7,2.3306,246.078,2.76785,180.502
0.018975,6.9,2.32138,246.1,2.76809,181.235
0.018975,7.1,2.31717,246.124,2.76834,181.581
0.018975,7.3,2.31563,246.15,2.76862,181.72
0.018975,7.5,2.31538,246.178,2.76892,181.759
0.018975,7.7,2.31568,246.209,2.76925,181.757
0.018975,7.9,2.31619,246.243,2.7696,181.74
0.018975,8.1,2.31674,246.28,2.76999,181.723
0.018975,8.3,2.31727,246.321,2.77042,181.709
0.018975,8.5,2.31779,246.366,2.7709,181.7
0.018975,8.7,2.31829,246.417,2.77142,181.695
0.018975,8.9,2.31875,246.48,2.77194,181.693
0.018975,9.1,2.31884,246.623,2.7718,181.676
0.018975,9.3,2.31695,247.163,2.76775,181.559
0.018975,9.5,2.30996,248.71,2.75361,181.178
0.018975,9.7,2.29844,251.154,2.73056,180.563
0.018975,9.9,2.29109,252.779,2.71556,180.146
0.0192321,-9.9,12.9996,0.0115952,9.99946,116.911
0.0192321,-9.7,12.999,0.0273228,9.99874,116.908
0.0192321,-9.5,12.9978,0.0606122,9.9972,116.9
0.0192321,-9.3,12.9954,0.126771,9.99414,116.886
0.0192321,-9.1,12.991,0.250355,9.98843,116.859
0.0192321,-8.9,12.9831,0.467603,9.9784,116.812
0.0192321,-8.7,12.9702,0.827531,9.9618,116.735
0.0192321,-8.5,12.9499,1.39065,9.93588,116.613
0.0192321,-8.3,12.9199,2.22476,9.89759,116.433
0.0192321,-8.1,12.8778,3.39822,9.84393,116.181
0.0192321,-7.9,12.8214,4.97217,9.77232,115.843
0.0192321,-7.7,12.7492,6.9936,9.68098,115.41
0.0192321,-7.5,12.6603,9.491,9.56908,114.877
0.0192321,-7.3,12.5547,12.4732,9.43681,114.242
0.0192321,-7.1,12.4329,15.9311,9.28528,113.509
0.0192321,-6.9,12.296,19.8414,9.11626,112.684
0.0192321,-6.7,12.1455,24.1711,8.93199,111.774
0.0192321,-6.5,11.9831,28.8818,8.73489,110.789
0.0192321,-6.3,11.8105,33.9331,8.52742,109.738
0.0192321,-6.1,11.6293,39.2854,8.31189,108.631
0.0192321,-5.9,11.4412,44.9014,8.09045,107.476
0.0192321,-5.7,11.2474,50.747,7.865,106.281
0.0192321,-5.5,11.0493,56.7918,7.63717,105.052
0.0192321,-5.3,10.8479,63.0092,7.40839,103.797
0.0192321,-5.1,10.6442,69.376,7.17984,102.52
0.0192321,-4.9,10.439,75.8719,6.9525,101.226
0.0192321,-4.7,10.2328,82.4798,6.72721,99.9186
0.0192321,-4.5,10.0265,89.1846,6.50464,98.6014
0.0192321,-4.3,9.82033,95.9734,6.28533,97.277
0.0192321,-4.1,9.61484,102.835,6.06975,95.9482
0.0192321,-3.9,9.41036,109.76,5.85824,94.6169
0.0192321,-3.7,9.20723,116.739,5.65111,93.2852
0.0192321,-3.5,9.0057,123.764,5.44858,91.9546
0.0192321,-3.3,8.80603,130.829,5.25084,90.6268
0.0192321,-3.1,8.60842,137.926,5.05803,89.303
0.0192321,-2.9,8.41309,145.049,4.87029,87.9847
0.0192321,-2.7,8.22021,152.191,4.68769,86.673
0.0192321,-2.5,8.02998,159.347,4.51034,85.3694
0.0192321,-2.3,7.84259,166.507,4.3383,84.0751
0.0192321,-2.1,7.65825,173.663,4.17166,82.7918
0.0192321,-1.9,7.47718,180.806,4.01052,81.5212
0.0192321,-1.7,7.29966,187.922,3.855,80.2655
0.0192321,-1.5,7.12607,194.994,3.70528,79.0276
0.0192321,-1.3,6.95686,202,3.56162,77.8112
0.0192321,-1.1,6.7927,208.906,3.42442,76.6217
0.0192321,-0.9,6.63454,215.667,3.29426,75.4667
0.0192321,-0.7,6.48378,222.212,3.1721,74.3577
0.0192321,-0.5,6.34262,228.431,3.05942,73.3126
0.0192321,-0.3,6.21443,234.155,2.9586,72.359
0.0192321,-0.1,6.10436,239.125,2.87328,71.5395
0.0192321,0.1,6.01939,242.983,2.80844,70.9122
0.0192321,0.3,5.96608,245.389,2.76869,70.5332
0.0192321,0.5,5.94363,246.348,2.75307,70.4002
0.0192321,0.7,5.93898,246.461,2.75138,70.4121
0.0192321,0.9,5.93831,246.373,2.75299,70.4612
0.0192321,1.1,5.93756,246.273,2.75481,70.5165
0.0192321,1.3,5.93611,246.186,2.75642,70.575
0.0192321,1.5,5.93379,246.115,2.75779,70.6376
0.0192321,1.7,5.93044,246.058,2.75892,70.7066
0.0192321,1.9,5.92582,246.013,2.75986,70.7859
0.0192321,2.1,5.91948,245.979,2.76065,70.8819
0.0192321,2.3,5.91061,245.952,2.76132,71.0056
0.0192321,2.5,5.89768,245.932,2.7619,71.1762
0.0192321,2.7,5.87809,245.917,2.76241,71.4265
0.0192321,2.9,5.84771,245.906,2.76286,71.8093
0.0192321,3.1,5.80049,245.898,2.76327,72.4046
0.0192321,3.3,5.72852,245.894,2.76364,73.3242
0.0192321,3.5,5.6227,245.892,2.76399,74.7136
0.0192321,3.7,5.4742,245.892,2.76431,76.7493
0.0192321,3.9,5.27665,245.894,2.76462,79.6315
0.0192321,4.1,5.02836,245.898,2.7649,83.5721
0.0192321,4.3,4.7341,245.903,2.76517,88.7755
0.0192321,4.5,4.40545,245.91,2.76542,95.4068
0.0192321,4.7,4.05961,245.918,2.76566,103.543
0.0192321,4.9,3.71661,245.927,2.76588,113.108
0.0192321,5.1,3.39588,245.938,2.76609,123.8
0.0192321,5.3,3.11302,245.949,2.76629,135.059
0.0192321,5.5,2.87767,245.961,2.76648,146.115
0.0192321,5.7,2.69288,245.975,2.76667,156.152
0.0192321,5.9,2.556,245.989,2.76685,164.525
0.0192321,6.1,2.4604,246.005,2.76704,170.93
0.0192321,6.3,2.39751,246.021,2.76724,175.426
0.0192321,6.5,2.35865,246.039,2.76744,178.329
0.0192321,6.7,2.33622,246.059,2.76765,180.055
0.0192321,6.9,2.32423,246.079,2.76788,180.999
0.0192321,7.1,2.31843,246.102,2.76812,181.467
0.0192321,7.3,2.31604,246.126,2.76838,181.672
0.0192321,7.5,2.31537,246.152,2.76866,181.742
0.0192321,7.7,2.3155,246.181,2.76896,181.753
0.0192321,7.9,2.31593,246.212,2.76929,181.74
0.0192321,8.1,2.31645,246.246,2.76965,181.723
0.0192321,8.3,2.31698,246.284,2.77004,181.707
0.0192321,8.5,2.31749,246.325,2.77048,181.696
0.0192321,8.7,2.31797,246.373,2.77094,181.688
0.0192321,8.9,2.31831,246.45,2.77121,181.679
0.0192321,9.1,2.31786,246.687,2.76996,181.632
0.0192321,9.3,2.31462,247.476,2.7632,181.443
0.0192321,9.5,2.30645,249.234,2.74673,181
0.0192321,9.7,2.29599,251.459,2.72578,180.439
0.0192321,9.9,2.29068,252.712,2.71491,180.135
0.0194892,-9.9,12.9993,0.0188817,9.99913,116.909
0.0194892,-9.7,12.9985,0.0427437,9.99802,116.904
0.0194892,-9.5,12.9967,0.0912522,9.99578,116.894
0.0194892,-9.3,12.9934,0.183981,9.9915,116.874
0.0194892,-9.1,12.9873,0.350847,9.98379,116.838
0.0194892,-8.9,12.9771,0.633879,9.97073,116.776
0.0194892,-8.7,12.9608,1.08715,9.94984,116.679
0.0194892,-8.5,12.9361,1.77406,9.91826,116.531
0.0194892,-8.3,12.9006,2.76186,9.873,116.318
0.0194892,-8.1,12.8521,4.11449,9.81129,116.027
0.0194892,-7.9,12.7887,5.88524,9.73097,115.647
0.0194892,-7.7,12.7094,8.1112,9.63077,115.171
0.0194892,-7.5,12.6135,10.8106,9.51036,114.596
0.0194892,-7.3,12.5014,13.9831,9.37039,113.922
0.0194892,-7.1,12.3739,17.6127,9.21228,113.154
0.0194892,-6.9,12.2322,21.6717,9.03798,112.298
0.0194892,-6.7,12.078,26.1249,8.8498,111.364
0.0194892,-6.5,11.9128,30.9335,8.65012,110.361
0.0194892,-6.3,11.7384,36.0585,8.44128,109.297
0.0194892,-6.1,11.5562,41.4619,8.22548,108.182
0.0194892,-5.9,11.3678,47.1087,8.00469,107.023
0.0194892,-5.7,11.1744,52.9674,7.78066,105.827
0.0194892,-5.5,10.9773,59.0099,7.55488,104.602
0.0194892,-5.3,10.7773,65.2117,7.32864,103.353
0.0194892,-5.1,10.5753,71.5514,7.10301,102.084
0.0194892,-4.9,10.3721,78.0107,6.87889,100.8
0.0194892,-4.7,10.1682,84.5735,6.65702,99.5043
0.0194892,-4.5,9.96434,91.2263,6.43801,98.1998
0.0194892,-4.3,9.7608,97.9571,6.22234,96.8894
0.0194892,-4.1,9.55803,104.756,6.01044,95.5752
0.0194892,-3.9,9.35636,111.613,5.80261,94.2594
0.0194892,-3.7,9.15607,118.52,5.59913,92.9436
0.0194892,-3.5,8.95743,125.471,5.4002,91.6293
0.0194892,-3.3,8.76065,132.458,5.20599,90.3181
0.0194892,-3.1,8.56595,139.476,5.01664,89.0113
0.0194892,-2.9,8.37351,146.517,4.83224,87.71
0.0194892,-2.7,8.18351,153.576,4.6529,86.4155
0.0194892,-2.5,7.99612,160.645,4.47868,85.1291
0.0194892,-2.3,7.81154,167.718,4.30966,83.8521
0.0194892,-2.1,7.62996,174.786,4.14592,82.586
0.0194892,-1.9,7.45161,181.839,3.98756,81.3326
0.0194892,-1.7,7.27677,188.864,3.8347,80.0941
0.0194892,-1.5,7.1058,195.845,3.68752,78.8732
0.0194892,-1.3,6.93915,202.757,3.54628,77.6738
0.0194892,-1.1,6.7775,209.57,3.41138,76.5011
0.0194892,-0.9,6.62179,216.237,3.28341,75.3628
0.0194892,-0.7,6.47342,222.686,3.16332,74.2705
0.0194892,-0.5,6.33459,228.809,3.0526,73.2418
0.0194892,-0.3,6.20866,234.437,2.95362,72.3044
0.0194892,-0.1,6.10074,239.312,2.87001,71.5005
0.0194892,0.1,6.01769,243.084,2.80666,70.8872
0.0194892,0.3,5.96585,245.424,2.76802,70.5187
0.0194892,0.5,5.94419,246.349,2.75296,70.3906
0.0194892,0.7,5.93977,246.454,2.75139,70.4029
0.0194892,0.9,5.93921,246.365,2.75301,70.451
0.0194892,1.1,5.93855,246.266,2.75481,70.505
0.0194892,1.3,5.93722,246.179,2.75641,70.5617
0.0194892,1.5,5.93506,246.108,2.75777,70.622
0.0194892,1.7,5.93192,246.051,2.75889,70.6881
0.0194892,1.9,5.92761,246.007,2.75982,70.7634
0.0194892,2.1,5.92174,245.973,2.7606,70.8536
0.0194892,2.3,5.91361,245.946,2.76126,70.9681
0.0194892,2.5,5.90191,245.926,2.76183,71.1234
0.0194892,2.7,5.88439,245.91,2.76233,71.3481
0.0194892,2.9,5.85739,245.899,2.76278,71.6885
0.0194892,3.1,5.81547,245.892,2.76318,72.2159
0.0194892,3.3,5.7513,245.887,2.76355,73.0313
0.0194892,3.5,5.65616,245.884,2.76389,74.2689
0.0194892,3.7,5.52114,245.884,2.76421,76.0939
0.0194892,3.9,5.33908,245.886,2.76451,78.6972
0.0194892,4.1,5.10682,245.889,2.76479,82.2847
0.0194892,4.3,4.82708,245.894,2.76505,87.0616
0.0194892,4.5,4.5093,245.901,2.7653,93.2055
0.0194892,4.7,4.16889,245.908,2.76554,100.825
0.0194892,4.9,3.825,245.917,2.76576,109.898
0.0194892,5.1,3.49723,245.926,2.76596,120.207
0.0194892,5.3,3.20241,245.937,2.76616,131.283
0.0194892,5.5,2.95204,245.949,2.76635,142.427
0.0194892,5.7,2.75126,245.961,2.76653,152.831
0.0194892,5.9,2.59924,245.975,2.76671,161.78
0.0194892,6.1,2.49058,245.99,2.76689,168.849
0.0194892,6.3,2.41735,246.006,2.76708,173.976
0.0194892,6.5,2.37089,246.023,2.76727,177.398
0.0194892,6.7,2.34326,246.041,2.76747,179.503
0.0194892,6.9,2.32796,246.06,2.76768,180.696
0.0194892,7.1,2.3202,246.081,2.76791,181.315
0.0194892,7.3,2.31673,246.104,2.76815,181.603
0.0194892,7.5,2.31551,246.128,2.76841,181.716
0.0194892,7.7,2.31537,246.155,2.7687,181.745
0.0194892,7.9,2.3157,246.184,2.769,181.739
0.0194892,8.1,2.31619,246.215,2.76933,181.723
0.0194892,8.3,2.3167,246.25,2.7697,181.706
0.0194892,8.5,2.3172,246.288,2.77009,181.693
0.0194892,8.7,2.31764,246.338,2.77044,181.681
0.0194892,8.9,2.31777,246.45,2.77025,181.659
0.0194892,9.1,2.31657,246.823,2.7675,181.572
0.0194892,9.3,2.31203,247.852,2.75816,181.315
0.0194892,9.5,2.30327,249.711,2.74051,180.84
0.0194892,9.7,2.29408,251.674,2.72208,180.343
0.0194892,9.9,2.29021,252.63,2.7141,180.118
0.0197463,-9.9,12.9989,0.0299379,9.99862,116.907
0.0197463,-9.7,12.9976,0.0652155,9.99698,116.899
0.0197463,-9.5,12.9952,0.134195,9.9938,116.884
0.0197463,-9.3,12.9906,0.261211,9.98793,116.857
0.0197463,-9.1,12.9826,0.481709,9.97775,116.809
0.0197463,-8.9,12.9696,0.843113,9.96108,116.731
0.0197463,-8.7,12.9494,1.40345,9.93529,116.61
0.0197463,-8.5,12.9198,2.22729,9.89747,116.433
0.0197463,-8.3,12.8784,3.37943,9.84478,116.185
0.0197463,-8.1,12.8233,4.91773,9.77479,115.855
0.0197463,-7.9,12.753,6.88667,9.68579,115.433
0.0197463,-7.7,12.6666,9.31338,9.57699,114.915
0.0197463,-7.5,12.5641,12.2065,9.44856,114.299
0.0197463,-7.3,12.446,15.5579,9.30151,113.588
0.0197463,-7.1,12.3133,19.346,9.13751,112.788
0.0197463,-6.9,12.1674,23.5397,8.95865,111.906
0.0197463,-6.7,12.0099,28.1028,8.76721,110.951
0.0197463,-6.5,11.8424,32.9969,8.56553,109.931
0.0197463,-6.3,11.6665,38.1844,8.35582,108.857
0.0197463,-6.1,11.4837,43.6293,8.14014,107.735
0.0197463,-5.9,11.2953,49.2992,7.92031,106.574
0.0197463,-5.7,11.1026,55.1645,7.69792,105.38
0.0197463,-5.5,10.9065,61.1995,7.47434,104.159
0.0197463,-5.3,10.7079,67.3816,7.25074,102.916
0.0197463,-5.1,10.5078,73.6913,7.02809,101.656
0.0197463,-4.9,10.3067,80.1117,6.80719,100.382
0.0197463,-4.7,10.1051,86.6281,6.58872,99.0984
0.0197463,-4.5,9.90368,93.2281,6.37321,97.8069
0.0197463,-4.3,9.70273,99.9006,6.16112,96.5103
0.0197463,-4.1,9.50264,106.636,5.95282,95.2107
0.0197463,-3.9,9.30372,113.426,5.74858,93.9101
0.0197463,-3.7,9.10623,120.263,5.54866,92.6099
0.0197463,-3.5,8.91041,127.14,5.35324,91.3118
0.0197463,-3.3,8.71646,134.052,5.16246,90.0169
0.0197463,-3.1,8.52459,140.99,4.97645,88.7266
0.0197463,-2.9,8.33497,147.951,4.7953,87.442
0.0197463,-2.7,8.14777,154.927,4.61911,86.1643
0.0197463,-2.5,7.96315,161.913,4.44793,84.8947
0.0197463,-2.3,7.7813,168.901,4.28184,83.6346
0.0197463,-2.1,7.60241,175.883,4.12091,82.3853
0.0197463,-1.9,7.42671,182.848,3.96525,81.1487
0.0197463,-1.7,7.25447,189.784,3.81497,79.9269
0.0197463,-1.5,7.08605,196.675,3.67025,78.7226
0.0197463,-1.3,6.9219,203.497,3.53136,77.5398
0.0197463,-1.1,6.76269,210.218,3.39869,76.3835
0.0197463,-0.9,6.60936,216.792,3.27284,75.2616
0.0197463,-0.7,6.46333,223.148,3.15477,74.1854
0.0197463,-0.5,6.32677,229.177,3.04596,73.1728
0.0197463,-0.3,6.20305,234.711,2.94878,72.2512
0.0197463,-0.1,6.09722,239.494,2.86683,71.4625
0.0197463,0.1,6.01605,243.182,2.80494,70.863
0.0197463,0.3,5.96563,245.457,2.76737,70.5047
0.0197463,0.5,5.94473,246.349,2.75284,70.3814
0.0197463,0.7,5.94055,246.446,2.75141,70.3941
0.0197463,0.9,5.94007,246.357,2.75303,70.4412
0.0197463,1.1,5.9395,246.258,2.75482,70.4938
0.0197463,1.3,5.93829,246.172,2.75641,70.5488
0.0197463,1.5,5.93627,246.101,2.75775,70.6071
0.0197463,1.7,5.93333,246.045,2.75886,70.6705
0.0197463,1.9,5.9293,246.001,2.75978,70.7422
0.0197463,2.1,5.92385,245.967,2.76055,70.8271
0.0197463,2.3,5.91638,245.94,2.76121,70.9334
0.0197463,2.5,5.90576,245.92,2.76177,71.0754
0.0197463,2.7,5.89005,245.904,2.76226,71.2778
0.0197463,2.9,5.86601,245.893,2.7627,71.5812
0.0197463,3.1,5.82878,245.885,2.7631,72.0488
0.0197463,3.3,5.77162,245.88,2.76346,72.7718
0.0197463,3.5,5.68625,245.877,2.7638,73.8733
0.0197463,3.7,5.56383,245.877,2.76411,75.5074
0.0197463,3.9,5.39663,245.878,2.7644,77.8551
0.0197463,4.1,5.18023,245.881,2.76468,81.1155
0.0197463,4.3,4.91549,245.886,2.76494,85.4923
0.0197463,4.5,4.60973,245.892,2.76519,91.171
0.0197463,4.7,4.27648,245.899,2.76542,98.2839
0.0197463,4.9,3.93368,245.907,2.76564,106.857
0.0197463,5.1,3.60082,245.916,2.76584,116.744
0.0197463,5.3,3.29558,245.926,2.76603,127.565
0.0197463,5.5,3.03116,245.937,2.76622,138.703
0.0197463,5.7,2.81471,245.949,2.76639,149.379
0.0197463,5.9,2.64727,245.962,2.76657,158.837
0.0197463,6.1,2.5249,245.976,2.76674,166.546
0.0197463,6.3,2.44046,245.991,2.76692,172.319
0.0197463,6.5,2.38553,246.007,2.76711,176.299
0.0197463,6.7,2.35194,246.024,2.7673,178.829
0.0197463,6.9,2.33274,246.042,2.7675,180.314
0.0197463,7.1,2.32259,246.062,2.76771,181.116
0.0197463,7.3,2.31776,246.083,2.76794,181.509
0.0197463,7.5,2.31582,246.106,2.76819,181.676
0.0197463,7.7,2.31534,246.131,2.76845,181.732
0.0197463,7.9,2.31551,246.157,2.76873,181.737
0.0197463,8.1,2.31594,246.187,2.76904,181.723
0.0197463,8.3,2.31644,246.219,2.76938,181.706
0.0197463,8.5,2.31692,246.256,2.76972,181.69
0.0197463,8.7,2.31728,246.317,2.76988,181.673
0.0197463,8.9,2.31705,246.492,2.76896,181.631
0.0197463,9.1,2.31497,247.028,2.76444,181.497
0.0197463,9.3,2.30934,248.26,2.75291,181.181
0.0197463,9.5,2.30047,250.13,2.73504,180.699
0.0197463,9.7,2.29258,251.824,2.71919,180.27
0.0197463,9.9,2.28977,252.554,2.71333,180.103
0.02,-9.9,12.9983,0.0460605,9.99787,116.904
0.02,-9.7,12.9965,0.0967325,9.99553,116.893
0.02,-9.5,12.9931,0.192203,9.99112,116.872
0.02,-9.3,12.987,0.361832,9.98328,116.835
0.02,-9.1,12.9767,0.646416,9.97015,116.774
0.02,-8.9,12.9604,1.09797,9.94934,116.676
0.02,-8.7,12.936,1.77704,9.91812,116.53
0.02,-8.5,12.9011,2.74757,9.87365,116.321
0.02,-8.3,12.8537,4.0702,9.8133,116.037
0.02,-8.1,12.792,5.79547,9.73503,115.667
0.02,-7.9,12.7148,7.95872,9.6376,115.204
0.02,-7.7,12.6218,10.5776,9.52069,114.645
0.02,-7.5,12.5131,13.6523,9.38489,113.992
0.02,-7.3,12.3895,17.1681,9.23151,113.247
0.02,-7.1,12.2522,21.0992,9.06238,112.418
0.02,-6.9,12.1026,25.4126,8.87966,111.513
0.02,-6.7,11.9424,30.0714,8.68561,110.54
0.02,-6.5,11.773,35.0385,8.48248,109.507
0.02,-6.3,11.5961,40.2775,8.27235,108.424
0.02,-6.1,11.4129,45.755,8.05713,107.298
0.02,-5.9,11.2248,51.4404,7.8385,106.136
0.02,-5.7,11.0328,57.3066,7.61793,104.945
0.02,-5.5,10.8379,63.3297,7.39665,103.729
0.02,-5.3,10.6409,69.489,7.17573,102.493
0.02,-5.1,10.4426,75.7665,6.95604,101.242
0.02,-4.9,10.2436,82.1468,6.73831,99.9787
0.02,-4.7,10.0443,88.6163,6.52315,98.7064
0.02,-4.5,9.84527,95.1636,6.31106,97.4276
0.02,-4.3,9.64685,101.778,6.10243,96.1446
0.02,-4.1,9.44936,108.452,5.89759,94.8593
0.02,-3.9,9.2531,115.176,5.69682,93.5735
0.02,-3.7,9.05831,121.945,5.50031,92.2885
0.02,-3.5,8.86522,128.75,5.30825,91.0059
0.02,-3.3,8.674,135.588,5.12076,89.7268
0.02,-3.1,8.48486,142.45,4.93795,88.4525
0.02,-2.9,8.29795,149.333,4.75992,87.184
0.02,-2.7,8.11343,156.23,4.58673,85.9225
0.02,-2.5,7.93148,163.135,4.41846,84.6691
0.02,-2.3,7.75225,170.04,4.25517,83.4252
0.02,-2.1,7.57595,176.939,4.09694,82.1921
0.02,-1.9,7.40279,183.819,3.94385,80.9717
0.02,-1.7,7.23305,190.67,3.79604,79.7659
0.02,-1.5,7.06707,197.474,3.65368,78.5777
0.02,-1.3,6.90532,204.209,3.51704,77.4107
0.02,-1.1,6.74846,210.842,3.38651,76.2703
0.02,-0.9,6.59742,217.326,3.2627,75.1641
0.02,-0.7,6.45363,223.592,3.14655,74.1035
0.02,-0.5,6.31926,229.531,3.03958,73.1064
0.02,-0.3,6.19765,234.974,2.94413,72.2001
0.02,-0.1,6.09384,239.669,2.86378,71.4261
0.02,0.1,6.01448,243.276,2.80328,70.8398
0.02,0.3,5.96543,245.489,2.76675,70.4913
0.02,0.5,5.94525,246.35,2.75274,70.3725
0.02,0.7,5.94129,246.439,2.75142,70.3857
0.02,0.9,5.9409,246.349,2.75305,70.4319
0.02,1.1,5.94042,246.251,2.75483,70.4832
0.02,1.3,5.9393,246.165,2.7564,70.5367
0.02,1.5,5.93742,246.095,2.75773,70.593
0.02,1.7,5.93466,246.039,2.75883,70.654
0.02,1.9,5.93088,245.995,2.75974,70.7224
0.02,2.1,5.9258,245.961,2.76051,70.8026
0.02,2.3,5.91891,245.934,2.76115,70.9018
0.02,2.5,5.90922,245.914,2.76171,71.0323
0.02,2.7,5.89506,245.899,2.7622,71.2155
0.02,2.9,5.87359,245.887,2.76263,71.487
0.02,3.1,5.84045,245.879,2.76302,71.9028
0.02,3.3,5.78948,245.874,2.76338,72.5451
0.02,3.5,5.71289,245.871,2.76371,73.5265
0.02,3.7,5.60201,245.87,2.76401,74.9902
0.02,3.9,5.44876,245.871,2.7643,77.1074
0.02,4.1,5.24769,245.874,2.76458,80.0697
0.02,4.3,4.99802,245.878,2.76483,84.0773
0.02,4.5,4.70505,245.883,2.76508,89.3204
0.02,4.7,4.38037,245.889,2.76531,95.949
0.02,4.9,4.04055,245.897,2.76552,104.027
0.02,5.1,3.70459,245.906,2.76572,113.469
0.02,5.3,3.39074,245.915,2.76591,123.98
0.02,5.5,3.11359,245.926,2.76609,135.025
0.02,5.7,2.88218,245.937,2.76627,145.875
0.02,5.9,2.69945,245.949,2.76644,155.759
0.02,6.1,2.56303,245.963,2.76661,164.06
0.02,6.3,2.46675,245.977,2.76678,170.473
0.02,6.5,2.40262,245.992,2.76696,175.035
0.02,6.7,2.36237,246.008,2.76714,178.029
0.02,6.9,2.33868,246.025,2.76733,179.845
0.02,7.1,2.3257,246.044,2.76753,180.862
0.02,7.3,2.3192,246.064,2.76775,181.383
0.02,7.5,2.31636,246.085,2.76798,181.62
0.02,7.7,2.31541,246.108,2.76822,181.711
0.02,7.9,2.31538,246.133,2.76849,181.731
0.02,8.1,2.31572,246.16,2.76878,181.723
0.02,8.3,2.31618,246.191,2.76908,181.706
0.02,8.5,2.31663,246.231,2.76934,181.688
0.02,8.7,2.31684,246.317,2.76918,181.662
0.02,8.9,2.31614,246.58,2.76729,181.593
0.02,9.1,2.31314,247.287,2.76092,181.409
0.02,9.3,2.30669,248.67,2.74776,181.05
0.02,9.5,2.29807,250.482,2.73039,180.58
0.02,9.7,2.29141,251.926,2.71696,180.214
0.02,9.9,2.28938,252.487,2.71266,180.088
